level,row,col,day,channel,lambda
L1,8,37,13,edge,1.2100000000e-07
L1,8,37,41,edge,1.2100000000e-07
L1,8,37,50,edge,1.2100000000e-07
L1,9,36,28,edge,8.8000000000e-08
L1,10,38,13,edge,1.1000000000e-08
L1,10,38,28,edge,1.1000000000e-08
L1,10,38,44,edge,9.9000000000e-08
L1,10,38,50,edge,2.2000000000e-08
L1,11,34,31,edge,1.1000000000e-08
L1,12,31,4,edge,1.1000000000e-08
L1,12,31,38,edge,2.2000000000e-08
L1,12,31,51,edge,2.2000000000e-08
L1,12,32,4,edge,1.1000000000e-08
L1,12,32,38,edge,2.2000000000e-08
L1,12,32,51,edge,2.2000000000e-08
L1,12,33,4,edge,1.1000000000e-08
L1,12,33,17,edge,1.2100000000e-07
L1,12,33,27,edge,1.2100000000e-07
L1,12,33,38,edge,2.2000000000e-08
L1,12,33,51,edge,2.2000000000e-08
L1,12,40,27,edge,1.2100000000e-07
L1,12,40,41,edge,1.1000000000e-08
L1,13,30,4,edge,1.1000000000e-08
L1,13,30,38,edge,1.2100000000e-07
L1,13,31,4,edge,1.1000000000e-08
L1,13,31,38,edge,2.2000000000e-08
L1,13,31,51,edge,1.2100000000e-07
L1,13,33,4,edge,1.1000000000e-08
L1,13,33,17,edge,1.1000000000e-08
L1,13,36,0,edge,1.1000000000e-08
L1,13,36,18,edge,1.1000000000e-08
L1,13,36,20,edge,2.2000000000e-08
L1,13,36,31,edge,1.1000000000e-08
L1,13,36,38,edge,1.1000000000e-08
L1,13,36,39,edge,1.2100000000e-07
L1,13,36,48,edge,1.1000000000e-08
L1,13,36,51,edge,1.1000000000e-08
L1,13,36,61,edge,1.1000000000e-08
L1,13,41,40,edge,1.2100000000e-07
L1,14,30,4,edge,1.1000000000e-08
L1,14,35,17,edge,1.1000000000e-08
L1,14,35,18,edge,1.1000000000e-08
L1,14,35,27,edge,1.1000000000e-08
L1,14,35,30,edge,1.1000000000e-08
L1,14,35,38,edge,1.1000000000e-08
L1,14,35,39,edge,1.2100000000e-07
L1,14,37,17,edge,1.1000000000e-08
L1,14,37,33,edge,1.2100000000e-07
L1,14,37,36,edge,1.1000000000e-08
L1,14,37,39,edge,1.1000000000e-08
L1,14,37,62,edge,1.1000000000e-08
L1,14,42,25,edge,1.1000000000e-08
L1,14,42,42,edge,1.2100000000e-07
L1,14,42,48,edge,1.1000000000e-08
L1,14,42,51,edge,1.1000000000e-08
L1,14,44,3,edge,1.2100000000e-07
L1,15,36,37,edge,1.1000000000e-08
L1,15,40,20,edge,2.2000000000e-08
L1,15,40,25,edge,1.1000000000e-08
L1,15,40,30,edge,2.2000000000e-08
L1,15,40,48,edge,2.2000000000e-08
L1,15,40,61,edge,2.2000000000e-08
L1,15,44,3,edge,2.2000000000e-08
L1,16,39,25,edge,1.1000000000e-08
L1,16,39,39,edge,2.2000000000e-08
L1,16,39,40,edge,1.1000000000e-08
L1,16,39,48,edge,1.1000000000e-08
L1,16,41,32,edge,1.1000000000e-08
L1,16,41,45,edge,1.1000000000e-08
L1,17,36,1,edge,1.1000000000e-08
L1,17,36,13,edge,1.1000000000e-08
L1,17,36,18,edge,1.1000000000e-08
L1,17,36,25,edge,1.1000000000e-08
L1,17,36,35,edge,1.1000000000e-08
L1,17,36,37,edge,1.1000000000e-08
L1,17,36,50,edge,1.1000000000e-08
L1,17,36,61,edge,1.1000000000e-08
L1,17,40,1,edge,1.1000000000e-08
L1,17,40,33,edge,1.1000000000e-08
L1,17,40,35,edge,1.1000000000e-08
L1,17,40,39,edge,2.2000000000e-08
L1,17,40,40,edge,1.1000000000e-08
L1,17,40,48,edge,1.1000000000e-08
L1,17,40,60,edge,1.1000000000e-08
L1,17,46,49,edge,7.7000000000e-08
L1,18,26,34,edge,1.2100000000e-07
L1,18,28,36,edge,1.2100000000e-07
L1,18,30,25,edge,1.2100000000e-07
L1,18,30,42,edge,1.1000000000e-08
L1,18,35,35,edge,1.2100000000e-07
L1,18,37,17,edge,2.2000000000e-08
L1,18,37,18,edge,1.1000000000e-08
L1,18,37,27,edge,1.1000000000e-08
L1,18,37,30,edge,1.1000000000e-08
L1,18,37,34,edge,1.1000000000e-08
L1,18,37,35,edge,1.1000000000e-08
L1,18,37,38,edge,1.1000000000e-08
L1,18,37,41,edge,1.1000000000e-08
L1,18,37,46,edge,1.1000000000e-08
L1,18,37,51,edge,1.1000000000e-08
L1,18,37,61,edge,1.1000000000e-08
L1,18,38,18,edge,1.1000000000e-08
L1,18,38,35,edge,1.1000000000e-08
L1,18,47,1,edge,1.1000000000e-08
L1,18,47,15,edge,1.2100000000e-07
L1,18,47,49,edge,1.2100000000e-07
L1,18,47,50,edge,1.2100000000e-07
L1,18,47,51,edge,1.1000000000e-08
L1,19,25,25,edge,2.2000000000e-08
L1,19,26,25,edge,2.2000000000e-08
L1,19,26,50,edge,7.7000000000e-08
L1,19,29,5,edge,1.2100000000e-07
L1,19,31,34,edge,1.1000000000e-08
L1,19,31,42,edge,1.1000000000e-08
L1,19,34,1,edge,1.3200000000e-07
L1,19,34,4,edge,1.1000000000e-08
L1,19,34,26,edge,1.1000000000e-08
L1,19,34,29,edge,1.1000000000e-08
L1,19,34,30,edge,2.2000000000e-08
L1,19,34,33,edge,1.1000000000e-08
L1,19,36,17,edge,1.2100000000e-07
L1,19,37,14,edge,1.2100000000e-07
L1,19,37,17,edge,2.2000000000e-08
L1,19,37,18,edge,1.1000000000e-08
L1,19,37,27,edge,1.1000000000e-08
L1,19,37,30,edge,1.1000000000e-08
L1,19,37,34,edge,1.1000000000e-08
L1,19,37,35,edge,1.1000000000e-08
L1,19,37,38,edge,1.1000000000e-08
L1,19,37,41,edge,1.1000000000e-08
L1,19,37,46,edge,1.1000000000e-08
L1,19,37,51,edge,1.1000000000e-08
L1,19,37,61,edge,1.1000000000e-08
L1,19,39,13,edge,1.1000000000e-08
L1,19,39,25,edge,1.1000000000e-08
L1,19,39,36,edge,1.1000000000e-08
L1,19,39,37,edge,1.1000000000e-08
L1,19,39,39,edge,2.2000000000e-08
L1,19,39,40,edge,2.2000000000e-08
L1,19,39,45,edge,1.1000000000e-08
L1,19,39,60,edge,1.1000000000e-08
L1,19,41,13,edge,1.1000000000e-08
L1,19,41,17,edge,1.1000000000e-08
L1,19,41,18,edge,1.3200000000e-07
L1,19,41,29,edge,1.1000000000e-08
L1,19,41,33,edge,1.1000000000e-08
L1,19,41,35,edge,1.1000000000e-08
L1,19,41,42,edge,1.1000000000e-08
L1,19,41,45,edge,1.1000000000e-08
L1,19,41,50,edge,1.1000000000e-08
L1,19,41,51,edge,1.1000000000e-08
L1,19,41,61,edge,1.1000000000e-08
L1,19,48,44,edge,1.2100000000e-07
L1,19,48,58,edge,1.2100000000e-07
L1,20,24,25,edge,2.2000000000e-08
L1,20,25,25,edge,2.2000000000e-08
L1,20,29,5,edge,2.2000000000e-08
L1,20,29,14,edge,1.1000000000e-08
L1,20,29,25,edge,1.1000000000e-08
L1,20,29,29,edge,1.1000000000e-08
L1,20,29,34,edge,2.2000000000e-08
L1,20,29,36,edge,2.2000000000e-08
L1,20,29,42,edge,2.2000000000e-08
L1,20,29,47,edge,1.1000000000e-08
L1,20,29,50,edge,1.1000000000e-08
L1,20,29,62,edge,4.4000000000e-08
L1,20,30,5,edge,2.2000000000e-08
L1,20,30,14,edge,1.1000000000e-08
L1,20,30,20,edge,1.1000000000e-08
L1,20,30,25,edge,1.1000000000e-08
L1,20,30,29,edge,1.1000000000e-08
L1,20,30,34,edge,2.2000000000e-08
L1,20,30,36,edge,2.2000000000e-08
L1,20,30,42,edge,2.2000000000e-08
L1,20,30,47,edge,1.1000000000e-08
L1,20,30,50,edge,1.1000000000e-08
L1,20,30,62,edge,4.4000000000e-08
L1,20,37,14,edge,2.2000000000e-08
L1,20,37,18,edge,1.1000000000e-08
L1,20,37,27,edge,1.1000000000e-08
L1,20,37,30,edge,1.1000000000e-08
L1,20,37,34,edge,1.1000000000e-08
L1,20,37,35,edge,1.1000000000e-08
L1,20,37,38,edge,1.1000000000e-08
L1,20,37,41,edge,1.3200000000e-07
L1,20,37,46,edge,1.1000000000e-08
L1,20,37,51,edge,1.1000000000e-08
L1,20,37,61,edge,1.1000000000e-08
L1,20,38,26,edge,1.2100000000e-07
L1,20,38,29,edge,1.1000000000e-08
L1,20,40,42,edge,1.1000000000e-08
L1,20,42,60,edge,1.2100000000e-07
L1,20,49,38,edge,1.2100000000e-07
L1,20,49,50,edge,1.2100000000e-07
L1,20,51,17,edge,1.2100000000e-07
L1,21,24,25,edge,1.2100000000e-07
L1,21,26,31,edge,1.2100000000e-07
L1,21,28,14,edge,1.1000000000e-08
L1,21,28,42,edge,1.2100000000e-07
L1,21,28,47,edge,1.1000000000e-08
L1,21,30,18,edge,1.2100000000e-07
L1,21,30,36,edge,1.1000000000e-08
L1,21,30,60,edge,1.2100000000e-07
L1,21,30,64,edge,6.6000000000e-08
L1,21,36,1,edge,3.3000000000e-08
L1,21,36,5,edge,1.1000000000e-08
L1,21,36,6,edge,2.5300000000e-07
L1,21,36,25,edge,2.2000000000e-08
L1,21,36,26,edge,2.2000000000e-08
L1,21,36,29,edge,3.3000000000e-08
L1,21,36,30,edge,1.1000000000e-08
L1,21,36,33,edge,2.2000000000e-08
L1,21,36,40,edge,2.2000000000e-08
L1,21,36,43,edge,1.1000000000e-08
L1,21,36,45,edge,1.1000000000e-08
L1,21,36,47,edge,1.1000000000e-08
L1,21,36,48,edge,1.1000000000e-08
L1,21,36,50,edge,1.1000000000e-08
L1,21,36,51,edge,1.1000000000e-08
L1,21,36,62,edge,1.1000000000e-08
L1,21,36,64,edge,1.1000000000e-08
L1,21,40,26,edge,1.2100000000e-07
L1,21,43,1,edge,4.4000000000e-08
L1,21,43,32,edge,1.1000000000e-08
L1,21,43,37,edge,1.1000000000e-08
L1,21,43,40,edge,1.1000000000e-08
L1,21,43,48,edge,1.1000000000e-08
L1,21,50,2,edge,1.2100000000e-07
L1,21,50,50,edge,3.3000000000e-08
L1,21,51,4,edge,1.2100000000e-07
L1,21,51,17,edge,2.2000000000e-08
L1,22,27,2,edge,2.2000000000e-08
L1,22,27,18,edge,1.2100000000e-07
L1,22,27,31,edge,1.1000000000e-08
L1,22,35,4,edge,1.1000000000e-08
L1,22,35,33,edge,1.1000000000e-08
L1,22,35,45,edge,1.1000000000e-08
L1,22,39,14,edge,1.1000000000e-08
L1,22,39,19,edge,2.2000000000e-08
L1,22,39,20,edge,1.1000000000e-08
L1,22,39,25,edge,1.1000000000e-08
L1,22,39,26,edge,1.1000000000e-08
L1,22,39,35,edge,1.1000000000e-08
L1,22,39,36,edge,1.1000000000e-08
L1,22,39,37,edge,1.1000000000e-08
L1,22,39,39,edge,2.2000000000e-08
L1,22,39,40,edge,1.1000000000e-08
L1,22,39,41,edge,1.1000000000e-08
L1,22,39,42,edge,1.1000000000e-08
L1,22,39,45,edge,1.1000000000e-08
L1,22,39,51,edge,1.1000000000e-08
L1,22,41,27,edge,1.1000000000e-08
L1,22,41,38,edge,1.2100000000e-07
L1,22,52,27,edge,1.2100000000e-07
L1,22,52,63,edge,1.2100000000e-07
L1,23,26,14,edge,1.2100000000e-07
L1,23,26,43,edge,1.2100000000e-07
L1,23,26,46,edge,8.8000000000e-08
L1,23,26,48,edge,1.2100000000e-07
L1,23,28,2,edge,1.1000000000e-08
L1,23,28,18,edge,1.1000000000e-08
L1,23,28,26,edge,1.2100000000e-07
L1,23,28,31,edge,1.1000000000e-08
L1,23,28,43,edge,2.2000000000e-08
L1,23,28,46,edge,1.1000000000e-08
L1,23,38,18,edge,1.1000000000e-08
L1,23,38,26,edge,1.1000000000e-08
L1,23,38,30,edge,1.1000000000e-08
L1,23,38,34,edge,1.1000000000e-08
L1,23,38,40,edge,2.2000000000e-08
L1,23,38,60,edge,1.1000000000e-08
L1,23,40,25,edge,1.1000000000e-08
L1,23,40,27,edge,1.1000000000e-08
L1,23,40,29,edge,2.2000000000e-08
L1,23,40,40,edge,1.1000000000e-08
L1,23,40,43,edge,1.1000000000e-08
L1,23,40,48,edge,1.1000000000e-08
L1,23,40,51,edge,1.1000000000e-08
L1,23,40,62,edge,1.1000000000e-08
L1,23,40,64,edge,1.1000000000e-08
L1,23,53,25,edge,1.2100000000e-07
L1,24,35,4,edge,1.1000000000e-08
L1,24,35,26,edge,1.1000000000e-08
L1,24,35,28,edge,1.1000000000e-08
L1,24,35,30,edge,1.1000000000e-08
L1,24,35,38,edge,1.1000000000e-08
L1,24,35,62,edge,1.1000000000e-08
L1,24,37,47,edge,1.1000000000e-08
L1,24,54,39,edge,1.2100000000e-07
L1,25,27,48,edge,1.1000000000e-08
L1,25,29,2,edge,1.1000000000e-08
L1,25,29,16,edge,2.2000000000e-08
L1,25,29,31,edge,1.1000000000e-08
L1,25,29,48,edge,1.1000000000e-08
L1,25,29,50,edge,1.3200000000e-07
L1,25,29,58,edge,1.1000000000e-08
L1,25,36,1,edge,2.2000000000e-08
L1,25,36,5,edge,2.2000000000e-08
L1,25,36,42,edge,1.1000000000e-08
L1,25,36,48,edge,1.1000000000e-08
L1,25,36,50,edge,1.1000000000e-08
L1,25,36,60,edge,2.2000000000e-08
L1,25,36,62,edge,2.2000000000e-08
L1,25,48,19,edge,1.1000000000e-08
L1,25,48,25,edge,1.1000000000e-08
L1,25,48,26,edge,1.1000000000e-08
L1,25,48,29,edge,1.1000000000e-08
L1,25,48,33,edge,1.1000000000e-08
L1,25,48,36,edge,1.1000000000e-08
L1,25,48,40,edge,1.1000000000e-08
L1,25,48,49,edge,2.2000000000e-08
L1,25,48,60,edge,1.1000000000e-08
L1,25,48,62,edge,1.1000000000e-08
L1,25,48,64,edge,3.3000000000e-08
L1,26,28,14,edge,1.2100000000e-07
L1,26,28,16,edge,1.2100000000e-07
L1,26,30,44,edge,1.1000000000e-08
L1,26,34,1,edge,2.2000000000e-08
L1,26,34,2,edge,1.1000000000e-08
L1,26,34,5,edge,1.1000000000e-08
L1,26,34,18,edge,1.1000000000e-08
L1,26,34,34,edge,1.2100000000e-07
L1,26,34,37,edge,1.1000000000e-08
L1,26,34,43,edge,1.1000000000e-08
L1,26,34,44,edge,1.1000000000e-08
L1,26,34,45,edge,2.2000000000e-08
L1,26,34,49,edge,1.1000000000e-08
L1,26,34,60,edge,1.1000000000e-08
L1,26,47,2,edge,2.2000000000e-08
L1,26,47,4,edge,1.1000000000e-08
L1,26,56,25,edge,1.1000000000e-08
L1,26,56,39,edge,1.1000000000e-08
L1,26,56,48,edge,1.1000000000e-08
L1,27,31,1,edge,1.2100000000e-07
L1,27,31,30,edge,1.2100000000e-07
L1,27,31,45,edge,1.1000000000e-07
L1,27,33,5,edge,1.2100000000e-07
L1,27,33,14,edge,1.1000000000e-08
L1,27,33,19,edge,1.1000000000e-08
L1,27,33,26,edge,1.1000000000e-08
L1,27,33,36,edge,1.1000000000e-08
L1,27,33,44,edge,1.1000000000e-08
L1,27,33,58,edge,1.1000000000e-08
L1,27,33,60,edge,1.1000000000e-08
L1,27,35,29,edge,1.2100000000e-07
L1,27,35,49,edge,1.2100000000e-07
L1,27,47,4,edge,1.1000000000e-08
L1,27,47,46,edge,1.3200000000e-07
L1,27,47,48,edge,1.1000000000e-08
L1,27,47,64,edge,1.1000000000e-08
L1,27,48,4,edge,1.1000000000e-08
L1,27,48,37,edge,1.1000000000e-08
L1,27,48,46,edge,3.3000000000e-08
L1,27,48,48,edge,1.1000000000e-08
L1,27,48,64,edge,1.1000000000e-08
L1,27,50,15,edge,1.1000000000e-08
L1,27,50,16,edge,1.1000000000e-08
L1,27,50,20,edge,1.1000000000e-08
L1,27,50,26,edge,1.1000000000e-08
L1,27,50,33,edge,1.1000000000e-08
L1,27,50,40,edge,1.1000000000e-08
L1,27,50,41,edge,1.1000000000e-08
L1,27,50,48,edge,1.1000000000e-08
L1,28,34,5,edge,1.2100000000e-07
L1,28,36,2,edge,1.1000000000e-08
L1,28,36,20,edge,1.1000000000e-08
L1,28,36,29,edge,1.1000000000e-08
L1,28,37,2,edge,1.1000000000e-08
L1,28,37,29,edge,1.1000000000e-08
L1,28,37,34,edge,1.1000000000e-08
L1,28,37,39,edge,1.1000000000e-08
L1,28,37,43,edge,1.1000000000e-08
L1,28,42,1,edge,1.1000000000e-08
L1,28,42,3,edge,1.2100000000e-07
L1,28,42,6,edge,1.1000000000e-08
L1,28,42,18,edge,1.1000000000e-08
L1,28,42,20,edge,1.1000000000e-08
L1,28,42,36,edge,1.1000000000e-08
L1,28,42,49,edge,1.1000000000e-08
L1,28,42,60,edge,1.1000000000e-08
L1,28,42,62,edge,1.1000000000e-08
L1,28,46,2,edge,2.2000000000e-08
L1,28,46,4,edge,1.1000000000e-08
L1,28,46,14,edge,1.1000000000e-08
L1,28,46,25,edge,1.1000000000e-08
L1,28,46,27,edge,1.1000000000e-08
L1,28,46,30,edge,1.1000000000e-08
L1,28,46,31,edge,1.1000000000e-08
L1,28,46,32,edge,1.1000000000e-08
L1,28,46,36,edge,1.1000000000e-08
L1,28,46,38,edge,2.2000000000e-08
L1,28,46,42,edge,1.1000000000e-08
L1,28,46,45,edge,1.1000000000e-08
L1,28,46,49,edge,1.1000000000e-08
L1,28,48,4,edge,1.1000000000e-08
L1,28,48,32,edge,1.2100000000e-07
L1,28,48,37,edge,1.1000000000e-08
L1,28,48,46,edge,3.3000000000e-08
L1,28,48,48,edge,1.1000000000e-08
L1,28,48,64,edge,1.1000000000e-08
L1,28,49,31,edge,1.1000000000e-08
L1,28,49,36,edge,1.2100000000e-07
L1,28,49,37,edge,1.1000000000e-08
L1,28,49,46,edge,1.4300000000e-07
L1,28,49,48,edge,1.1000000000e-08
L1,28,49,50,edge,7.7000000000e-08
L1,28,49,59,edge,1.1000000000e-08
L1,28,59,33,edge,1.2100000000e-07
L1,29,33,36,edge,1.1000000000e-08
L1,29,33,47,edge,1.2100000000e-07
L1,29,33,58,edge,1.2100000000e-07
L1,29,35,16,edge,1.1000000000e-08
L1,29,35,19,edge,1.1000000000e-08
L1,29,35,29,edge,1.1000000000e-08
L1,29,35,30,edge,1.1000000000e-08
L1,29,35,34,edge,1.1000000000e-08
L1,29,35,47,edge,2.2000000000e-08
L1,29,35,48,edge,2.2000000000e-08
L1,29,35,50,edge,1.1000000000e-08
L1,29,36,2,edge,1.1000000000e-08
L1,29,36,20,edge,1.1000000000e-08
L1,29,36,29,edge,1.1000000000e-08
L1,29,38,58,edge,1.1000000000e-08
L1,29,41,3,edge,1.1000000000e-08
L1,29,41,6,edge,1.1000000000e-08
L1,29,41,20,edge,1.1000000000e-08
L1,29,41,26,edge,1.1000000000e-08
L1,29,41,47,edge,1.1000000000e-08
L1,29,41,51,edge,1.1000000000e-08
L1,29,41,61,edge,1.1000000000e-08
L1,29,43,4,edge,1.1000000000e-08
L1,29,43,17,edge,1.1000000000e-08
L1,29,43,19,edge,1.1000000000e-08
L1,29,43,35,edge,1.2100000000e-07
L1,29,43,39,edge,2.2000000000e-08
L1,29,47,0,edge,1.2100000000e-07
L1,29,47,6,edge,3.3000000000e-08
L1,29,47,18,edge,1.1000000000e-08
L1,29,47,19,edge,1.1000000000e-08
L1,29,47,31,edge,1.1000000000e-08
L1,29,47,37,edge,1.1000000000e-08
L1,29,47,42,edge,1.1000000000e-08
L1,29,47,50,edge,2.2000000000e-08
L1,29,47,60,edge,1.1000000000e-08
L1,29,47,62,edge,1.1000000000e-08
L1,29,49,0,edge,1.1000000000e-08
L1,29,49,4,edge,1.1000000000e-08
L1,29,49,6,edge,3.3000000000e-08
L1,29,49,18,edge,1.1000000000e-08
L1,29,49,19,edge,1.1000000000e-08
L1,29,49,37,edge,1.1000000000e-08
L1,29,49,42,edge,1.1000000000e-08
L1,29,49,46,edge,1.1000000000e-08
L1,29,49,50,edge,1.1000000000e-08
L1,29,49,60,edge,1.1000000000e-08
L1,29,49,62,edge,1.1000000000e-08
L1,29,49,64,edge,1.1000000000e-08
L1,30,33,36,edge,1.1000000000e-08
L1,30,35,5,edge,1.1000000000e-08
L1,30,35,14,edge,2.2000000000e-08
L1,30,35,16,edge,1.1000000000e-08
L1,30,35,19,edge,1.1000000000e-08
L1,30,35,26,edge,1.1000000000e-08
L1,30,35,29,edge,1.1000000000e-08
L1,30,35,31,edge,1.1000000000e-08
L1,30,35,44,edge,3.3000000000e-08
L1,30,35,47,edge,2.2000000000e-08
L1,30,35,58,edge,1.1000000000e-08
L1,30,37,0,edge,1.1000000000e-08
L1,30,37,2,edge,1.1000000000e-08
L1,30,37,30,edge,1.1000000000e-08
L1,30,37,47,edge,1.1000000000e-08
L1,30,37,50,edge,1.1000000000e-08
L1,30,37,59,edge,1.1000000000e-08
L1,30,42,3,edge,1.1000000000e-08
L1,30,42,4,edge,1.1000000000e-08
L1,30,42,14,edge,1.1000000000e-08
L1,30,42,39,edge,1.1000000000e-08
L1,30,42,47,edge,1.1000000000e-08
L1,30,42,49,edge,1.1000000000e-08
L1,30,42,50,edge,2.2000000000e-08
L1,30,42,51,edge,1.1000000000e-08
L1,30,42,58,edge,1.1000000000e-08
L1,30,42,60,edge,1.1000000000e-08
L1,30,42,61,edge,1.1000000000e-08
L1,30,48,0,edge,1.1000000000e-08
L1,30,48,3,edge,1.1000000000e-08
L1,30,48,32,edge,2.2000000000e-08
L1,30,50,26,edge,1.2100000000e-07
L1,30,50,36,edge,1.1000000000e-08
L1,30,50,40,edge,1.1000000000e-08
L1,30,50,46,edge,1.1000000000e-08
L1,30,50,50,edge,1.1000000000e-08
L1,30,61,4,edge,1.1000000000e-08
L1,30,61,28,edge,1.2100000000e-07
L1,31,49,1,edge,1.1000000000e-08
L1,31,49,2,edge,1.1000000000e-08
L1,31,49,3,edge,2.2000000000e-08
L1,31,49,14,edge,1.1000000000e-08
L1,31,49,17,edge,1.1000000000e-08
L1,31,49,20,edge,2.2000000000e-08
L1,31,49,27,edge,1.1000000000e-08
L1,31,49,32,edge,1.1000000000e-08
L1,31,49,35,edge,1.1000000000e-08
L1,31,49,36,edge,1.1000000000e-08
L1,31,49,37,edge,1.1000000000e-08
L1,31,49,38,edge,2.2000000000e-08
L1,31,49,46,edge,2.2000000000e-08
L1,31,49,47,edge,1.1000000000e-08
L1,31,49,50,edge,1.1000000000e-08
L1,31,49,58,edge,1.1000000000e-08
L1,31,49,60,edge,1.1000000000e-08
L1,31,55,1,edge,1.1000000000e-08
L1,31,55,2,edge,1.1000000000e-08
L1,31,55,4,edge,2.2000000000e-08
L1,31,55,6,edge,1.1000000000e-08
L1,31,55,13,edge,1.1000000000e-08
L1,31,55,17,edge,1.1000000000e-08
L1,31,55,18,edge,1.1000000000e-08
L1,31,55,29,edge,1.1000000000e-08
L1,31,55,32,edge,1.1000000000e-08
L1,31,55,35,edge,1.1000000000e-08
L1,31,55,45,edge,1.1000000000e-08
L1,31,55,46,edge,1.1000000000e-08
L1,31,55,47,edge,2.2000000000e-08
L1,31,55,50,edge,1.1000000000e-08
L1,31,55,51,edge,1.1000000000e-08
L1,31,55,60,edge,1.1000000000e-08
L1,31,55,64,edge,1.1000000000e-08
L1,31,62,2,edge,2.2000000000e-08
L1,31,62,63,edge,1.1000000000e-08
L1,31,64,15,edge,1.1000000000e-08
L1,32,37,20,edge,1.2100000000e-07
L1,32,37,46,edge,1.1000000000e-08
L1,32,37,47,edge,1.2100000000e-07
L1,32,41,5,edge,1.1000000000e-08
L1,32,41,17,edge,2.2000000000e-08
L1,32,41,29,edge,1.1000000000e-08
L1,32,41,30,edge,1.1000000000e-08
L1,32,41,40,edge,1.1000000000e-08
L1,32,41,47,edge,1.1000000000e-08
L1,32,54,6,edge,1.2100000000e-07
L1,32,54,16,edge,1.1000000000e-08
L1,32,54,36,edge,1.1000000000e-08
L1,32,54,43,edge,1.1000000000e-08
L1,32,54,46,edge,3.3000000000e-08
L1,32,56,2,edge,1.1000000000e-08
L1,32,56,3,edge,1.1000000000e-08
L1,32,56,4,edge,1.1000000000e-08
L1,32,56,6,edge,1.1000000000e-08
L1,32,56,15,edge,1.1000000000e-08
L1,32,56,17,edge,1.3200000000e-07
L1,32,56,18,edge,1.2100000000e-07
L1,32,56,19,edge,1.1000000000e-08
L1,32,56,27,edge,1.1000000000e-08
L1,32,56,28,edge,1.1000000000e-08
L1,32,56,32,edge,1.1000000000e-08
L1,32,56,34,edge,1.1000000000e-08
L1,32,56,35,edge,1.1000000000e-08
L1,32,56,41,edge,1.2100000000e-07
L1,32,56,43,edge,1.1000000000e-08
L1,32,56,47,edge,1.1000000000e-08
L1,32,56,49,edge,1.1000000000e-08
L1,32,56,58,edge,1.1000000000e-08
L1,32,64,2,edge,1.2100000000e-07
L1,32,64,42,edge,1.2100000000e-07
L1,33,38,4,edge,1.2100000000e-07
L1,33,40,17,edge,1.2100000000e-07
L1,33,40,25,edge,1.2100000000e-07
L1,33,40,39,edge,1.2100000000e-07
L1,33,40,51,edge,1.1000000000e-08
L1,33,42,2,edge,1.1000000000e-08
L1,33,42,4,edge,2.2000000000e-08
L1,33,42,18,edge,1.1000000000e-08
L1,33,42,20,edge,1.3200000000e-07
L1,33,42,46,edge,1.1000000000e-08
L1,33,48,4,edge,1.2100000000e-07
L1,33,48,5,edge,1.1000000000e-08
L1,33,48,6,edge,1.1000000000e-08
L1,33,48,19,edge,1.1000000000e-08
L1,33,48,20,edge,1.1000000000e-08
L1,33,48,25,edge,1.1000000000e-08
L1,33,48,30,edge,1.1000000000e-08
L1,33,48,34,edge,1.2100000000e-07
L1,33,48,35,edge,1.1000000000e-08
L1,33,48,40,edge,1.1000000000e-08
L1,33,48,44,edge,1.1000000000e-08
L1,33,48,47,edge,1.1000000000e-08
L1,33,48,50,edge,1.1000000000e-08
L1,33,48,51,edge,3.3000000000e-08
L1,33,48,59,edge,1.1000000000e-08
L1,33,48,61,edge,1.1000000000e-08
L1,33,54,1,edge,2.2000000000e-08
L1,33,54,2,edge,1.1000000000e-08
L1,33,54,4,edge,2.2000000000e-08
L1,33,54,5,edge,2.2000000000e-08
L1,33,54,14,edge,2.2000000000e-08
L1,33,54,16,edge,1.1000000000e-08
L1,33,54,20,edge,1.1000000000e-08
L1,33,54,26,edge,1.1000000000e-08
L1,33,54,31,edge,1.1000000000e-08
L1,33,54,33,edge,1.1000000000e-08
L1,33,54,36,edge,1.1000000000e-08
L1,33,54,37,edge,1.1000000000e-08
L1,33,54,38,edge,1.1000000000e-08
L1,33,54,41,edge,1.1000000000e-08
L1,33,54,42,edge,1.1000000000e-08
L1,33,54,46,edge,3.3000000000e-08
L1,33,54,47,edge,1.1000000000e-08
L1,33,54,58,edge,1.1000000000e-08
L1,33,54,59,edge,2.2000000000e-08
L1,33,54,64,edge,1.1000000000e-08
L1,33,55,1,edge,2.2000000000e-08
L1,33,55,2,edge,1.1000000000e-08
L1,33,55,4,edge,2.2000000000e-08
L1,33,55,5,edge,2.2000000000e-08
L1,33,55,14,edge,2.2000000000e-08
L1,33,55,16,edge,1.1000000000e-08
L1,33,55,20,edge,1.1000000000e-08
L1,33,55,26,edge,1.1000000000e-08
L1,33,55,31,edge,1.1000000000e-08
L1,33,55,33,edge,1.1000000000e-08
L1,33,55,36,edge,1.1000000000e-08
L1,33,55,37,edge,1.1000000000e-08
L1,33,55,38,edge,1.1000000000e-08
L1,33,55,41,edge,1.1000000000e-08
L1,33,55,42,edge,1.1000000000e-08
L1,33,55,46,edge,3.3000000000e-08
L1,33,55,47,edge,1.1000000000e-08
L1,33,55,58,edge,1.1000000000e-08
L1,33,55,59,edge,2.2000000000e-08
L1,33,55,64,edge,1.1000000000e-08
L1,34,39,32,edge,1.1000000000e-08
L1,34,39,46,edge,1.2100000000e-07
L1,34,41,4,edge,1.1000000000e-08
L1,34,41,14,edge,2.2000000000e-08
L1,34,41,16,edge,1.1000000000e-08
L1,34,41,19,edge,2.2000000000e-08
L1,34,41,26,edge,1.1000000000e-08
L1,34,41,34,edge,1.1000000000e-08
L1,34,41,41,edge,1.1000000000e-08
L1,34,41,44,edge,2.2000000000e-08
L1,34,41,46,edge,1.1000000000e-08
L1,34,41,47,edge,1.1000000000e-08
L1,34,41,51,edge,1.1000000000e-08
L1,34,47,0,edge,1.1000000000e-08
L1,34,47,2,edge,1.1000000000e-08
L1,34,47,14,edge,1.1000000000e-08
L1,34,47,29,edge,1.1000000000e-08
L1,34,47,32,edge,1.1000000000e-08
L1,34,47,40,edge,2.2000000000e-08
L1,34,47,41,edge,1.1000000000e-08
L1,34,47,42,edge,1.1000000000e-08
L1,34,47,46,edge,1.1000000000e-08
L1,34,53,0,edge,1.1000000000e-08
L1,34,53,20,edge,1.1000000000e-08
L1,34,53,31,edge,1.1000000000e-08
L1,34,53,41,edge,2.2000000000e-08
L1,34,53,43,edge,1.1000000000e-08
L1,34,53,44,edge,1.2100000000e-07
L1,34,53,45,edge,1.1000000000e-08
L1,34,53,46,edge,1.3200000000e-07
L1,34,53,49,edge,1.2100000000e-07
L1,34,53,63,edge,1.1000000000e-08
L1,35,40,20,edge,1.2100000000e-07
L1,35,50,4,edge,1.1000000000e-08
L1,35,50,49,edge,1.2100000000e-07
L1,35,56,14,edge,1.2100000000e-07
L1,35,56,15,edge,1.1000000000e-08
L1,35,56,17,edge,1.1000000000e-08
L1,35,56,27,edge,7.7000000000e-08
L1,35,56,35,edge,1.1000000000e-08
L1,35,56,45,edge,1.1000000000e-08
L1,35,56,46,edge,1.1000000000e-08
L1,35,56,58,edge,1.2100000000e-07
L1,35,67,48,edge,6.6000000000e-08
L1,36,40,2,edge,1.1000000000e-08
L1,36,40,46,edge,6.6000000000e-08
L1,36,42,5,edge,1.1000000000e-08
L1,36,42,14,edge,1.1000000000e-08
L1,36,42,16,edge,1.1000000000e-08
L1,36,42,20,edge,4.4000000000e-08
L1,36,42,25,edge,1.1000000000e-08
L1,36,42,36,edge,1.2100000000e-07
L1,36,42,44,edge,1.1000000000e-08
L1,36,42,47,edge,1.1000000000e-08
L1,36,42,48,edge,2.2000000000e-08
L1,36,42,58,edge,1.1000000000e-08
L1,36,49,3,edge,1.1000000000e-08
L1,36,49,5,edge,2.2000000000e-08
L1,36,49,19,edge,1.1000000000e-08
L1,36,49,20,edge,1.1000000000e-08
L1,36,49,29,edge,1.1000000000e-08
L1,36,49,36,edge,1.1000000000e-08
L1,36,49,41,edge,1.1000000000e-08
L1,36,49,43,edge,1.1000000000e-08
L1,36,49,47,edge,1.1000000000e-08
L1,36,49,59,edge,1.1000000000e-08
L1,36,51,3,edge,1.1000000000e-08
L1,36,51,19,edge,1.1000000000e-08
L1,36,51,25,edge,1.2100000000e-07
L1,36,51,29,edge,1.1000000000e-08
L1,36,51,30,edge,1.2100000000e-07
L1,36,51,36,edge,1.1000000000e-08
L1,36,51,41,edge,1.1000000000e-08
L1,36,51,43,edge,1.1000000000e-08
L1,36,51,47,edge,1.1000000000e-08
L1,36,51,49,edge,4.4000000000e-08
L1,36,51,59,edge,1.1000000000e-08
L1,36,55,0,edge,2.2000000000e-08
L1,36,55,3,edge,2.2000000000e-08
L1,36,55,5,edge,1.1000000000e-08
L1,36,55,6,edge,2.2000000000e-08
L1,36,55,19,edge,2.2000000000e-08
L1,36,55,25,edge,1.1000000000e-08
L1,36,55,26,edge,1.1000000000e-08
L1,36,55,27,edge,2.2000000000e-08
L1,36,55,28,edge,2.2000000000e-08
L1,36,55,29,edge,1.1000000000e-08
L1,36,55,30,edge,1.1000000000e-08
L1,36,55,34,edge,2.2000000000e-08
L1,36,55,35,edge,2.2000000000e-08
L1,36,55,36,edge,1.1000000000e-08
L1,36,55,38,edge,1.1000000000e-08
L1,36,55,40,edge,1.1000000000e-08
L1,36,55,41,edge,1.1000000000e-08
L1,36,55,43,edge,1.1000000000e-08
L1,36,55,44,edge,1.1000000000e-08
L1,36,55,45,edge,2.2000000000e-08
L1,36,55,47,edge,3.3000000000e-08
L1,36,55,48,edge,1.1000000000e-08
L1,36,55,49,edge,2.2000000000e-08
L1,36,55,50,edge,1.1000000000e-08
L1,36,55,51,edge,4.4000000000e-08
L1,36,55,61,edge,1.1000000000e-08
L1,36,61,2,edge,1.1000000000e-08
L1,36,61,18,edge,1.1000000000e-08
L1,36,61,19,edge,1.1000000000e-08
L1,36,61,26,edge,2.2000000000e-08
L1,36,61,28,edge,2.2000000000e-08
L1,36,61,29,edge,1.1000000000e-08
L1,36,61,30,edge,1.1000000000e-08
L1,36,61,31,edge,1.1000000000e-08
L1,36,61,34,edge,1.1000000000e-08
L1,36,61,35,edge,2.2000000000e-08
L1,36,61,36,edge,1.1000000000e-08
L1,36,61,41,edge,1.1000000000e-08
L1,36,61,43,edge,1.1000000000e-08
L1,36,61,47,edge,3.3000000000e-08
L1,36,61,49,edge,2.2000000000e-08
L1,36,61,58,edge,1.1000000000e-08
L1,36,61,63,edge,1.1000000000e-08
L1,37,47,4,edge,1.1000000000e-08
L1,37,47,13,edge,1.1000000000e-08
L1,37,47,20,edge,1.1000000000e-08
L1,37,47,26,edge,1.1000000000e-08
L1,37,47,29,edge,1.2100000000e-07
L1,37,47,34,edge,1.1000000000e-08
L1,37,47,38,edge,1.1000000000e-08
L1,37,47,40,edge,1.1000000000e-07
L1,37,47,44,edge,1.1000000000e-08
L1,37,47,47,edge,1.1000000000e-08
L1,37,52,2,edge,1.1000000000e-08
L1,37,52,4,edge,1.1000000000e-08
L1,37,52,25,edge,1.1000000000e-08
L1,37,52,26,edge,1.1000000000e-08
L1,37,52,30,edge,1.1000000000e-08
L1,37,52,32,edge,1.4300000000e-07
L1,37,52,37,edge,1.1000000000e-08
L1,37,52,46,edge,2.2000000000e-08
L1,37,52,61,edge,1.1000000000e-08
L1,37,56,3,edge,3.3000000000e-08
L1,37,56,6,edge,5.5000000000e-08
L1,37,56,13,edge,1.1000000000e-08
L1,37,56,19,edge,1.1000000000e-08
L1,37,56,29,edge,2.2000000000e-08
L1,37,56,30,edge,1.1000000000e-08
L1,37,56,31,edge,1.1000000000e-08
L1,37,56,34,edge,1.1000000000e-08
L1,37,56,35,edge,2.2000000000e-08
L1,37,56,38,edge,1.1000000000e-08
L1,37,56,39,edge,1.1000000000e-08
L1,37,56,40,edge,1.1000000000e-08
L1,37,56,41,edge,1.1000000000e-08
L1,37,56,42,edge,1.1000000000e-08
L1,37,56,43,edge,1.1000000000e-08
L1,37,56,45,edge,1.1000000000e-08
L1,37,56,46,edge,2.2000000000e-08
L1,37,56,59,edge,1.1000000000e-08
L1,37,60,34,edge,1.1000000000e-08
L1,37,69,5,edge,1.1000000000e-08
L1,37,69,16,edge,1.1000000000e-08
L1,37,69,19,edge,1.1000000000e-08
L1,37,69,35,edge,1.1000000000e-08
L1,37,69,58,edge,1.1000000000e-08
L1,37,69,62,edge,1.1000000000e-08
L1,38,46,4,edge,2.2000000000e-08
L1,38,46,30,edge,1.1000000000e-08
L1,38,46,34,edge,2.2000000000e-08
L1,38,46,50,edge,1.1000000000e-08
L1,38,49,0,edge,3.3000000000e-08
L1,38,49,1,edge,1.1000000000e-08
L1,38,49,2,edge,3.3000000000e-08
L1,38,49,3,edge,2.2000000000e-08
L1,38,49,5,edge,1.1000000000e-08
L1,38,49,6,edge,1.1000000000e-08
L1,38,49,13,edge,1.1000000000e-08
L1,38,49,14,edge,1.1000000000e-08
L1,38,49,15,edge,1.1000000000e-08
L1,38,49,16,edge,1.1000000000e-08
L1,38,49,17,edge,1.1000000000e-08
L1,38,49,18,edge,3.3000000000e-08
L1,38,49,19,edge,2.2000000000e-08
L1,38,49,25,edge,2.2000000000e-08
L1,38,49,26,edge,2.2000000000e-08
L1,38,49,28,edge,1.1000000000e-08
L1,38,49,29,edge,2.2000000000e-08
L1,38,49,30,edge,1.1000000000e-08
L1,38,49,31,edge,1.1000000000e-08
L1,38,49,32,edge,2.2000000000e-08
L1,38,49,34,edge,1.1000000000e-08
L1,38,49,35,edge,1.1000000000e-08
L1,38,49,36,edge,1.1000000000e-08
L1,38,49,38,edge,2.2000000000e-08
L1,38,49,39,edge,1.1000000000e-08
L1,38,49,40,edge,3.3000000000e-08
L1,38,49,41,edge,2.2000000000e-08
L1,38,49,42,edge,2.2000000000e-08
L1,38,49,44,edge,2.2000000000e-08
L1,38,49,47,edge,1.1000000000e-08
L1,38,49,51,edge,1.1000000000e-08
L1,38,49,62,edge,3.3000000000e-08
L1,38,49,64,edge,1.1000000000e-08
L1,38,51,61,edge,1.2100000000e-07
L1,38,55,42,edge,1.2100000000e-07
L1,38,55,46,edge,1.2100000000e-07
L1,38,57,0,edge,1.1000000000e-08
L1,38,57,2,edge,1.1000000000e-08
L1,38,57,3,edge,3.3000000000e-08
L1,38,57,5,edge,1.1000000000e-08
L1,38,57,6,edge,2.2000000000e-08
L1,38,57,13,edge,1.1000000000e-08
L1,38,57,15,edge,1.1000000000e-08
L1,38,57,17,edge,2.2000000000e-08
L1,38,57,34,edge,1.1000000000e-08
L1,38,57,35,edge,3.3000000000e-08
L1,38,57,36,edge,1.1000000000e-08
L1,38,57,43,edge,1.1000000000e-08
L1,38,57,46,edge,3.3000000000e-08
L1,38,57,48,edge,1.1000000000e-08
L1,38,57,50,edge,1.1000000000e-08
L1,38,57,51,edge,2.2000000000e-08
L1,38,57,58,edge,1.1000000000e-08
L1,38,60,3,edge,1.1000000000e-08
L1,38,60,4,edge,2.2000000000e-08
L1,38,60,5,edge,1.1000000000e-08
L1,38,60,19,edge,1.1000000000e-08
L1,38,60,27,edge,1.1000000000e-08
L1,38,60,30,edge,1.1000000000e-08
L1,38,60,37,edge,1.1000000000e-08
L1,38,60,41,edge,1.1000000000e-08
L1,38,60,42,edge,1.1000000000e-08
L1,38,60,46,edge,1.1000000000e-08
L1,38,60,47,edge,1.1000000000e-08
L1,38,60,49,edge,1.1000000000e-08
L1,38,60,64,edge,1.1000000000e-08
L1,38,61,3,edge,1.1000000000e-08
L1,38,61,4,edge,2.2000000000e-08
L1,38,61,5,edge,1.1000000000e-08
L1,38,61,19,edge,1.1000000000e-08
L1,38,61,27,edge,1.1000000000e-08
L1,38,61,30,edge,1.1000000000e-08
L1,38,61,37,edge,1.1000000000e-08
L1,38,61,41,edge,1.1000000000e-08
L1,38,61,42,edge,1.1000000000e-08
L1,38,61,46,edge,1.1000000000e-08
L1,38,61,47,edge,1.1000000000e-08
L1,38,61,49,edge,1.1000000000e-08
L1,38,61,64,edge,1.1000000000e-08
L1,38,63,0,edge,1.1000000000e-08
L1,38,63,1,edge,1.1000000000e-08
L1,38,63,5,edge,2.2000000000e-08
L1,38,63,6,edge,1.1000000000e-08
L1,38,63,13,edge,4.4000000000e-08
L1,38,63,14,edge,1.1000000000e-08
L1,38,63,15,edge,1.1000000000e-08
L1,38,63,16,edge,1.1000000000e-08
L1,38,63,18,edge,1.1000000000e-08
L1,38,63,19,edge,1.1000000000e-08
L1,38,63,26,edge,1.1000000000e-08
L1,38,63,27,edge,1.1000000000e-08
L1,38,63,29,edge,2.2000000000e-08
L1,38,63,30,edge,1.1000000000e-08
L1,38,63,31,edge,2.2000000000e-08
L1,38,63,32,edge,7.7000000000e-08
L1,38,63,33,edge,2.2000000000e-08
L1,38,63,36,edge,1.1000000000e-08
L1,38,63,38,edge,1.1000000000e-08
L1,38,63,39,edge,2.2000000000e-08
L1,38,63,42,edge,2.2000000000e-08
L1,38,63,43,edge,1.1000000000e-08
L1,38,63,45,edge,1.1000000000e-08
L1,38,63,47,edge,1.3200000000e-07
L1,38,63,48,edge,1.1000000000e-08
L1,38,63,50,edge,1.1000000000e-08
L1,38,63,51,edge,1.1000000000e-08
L1,38,63,58,edge,2.2000000000e-08
L1,38,63,60,edge,1.1000000000e-08
L1,38,63,63,edge,1.1000000000e-08
L1,38,65,2,edge,1.1000000000e-08
L1,38,65,6,edge,1.1000000000e-08
L1,38,65,18,edge,1.1000000000e-08
L1,38,65,31,edge,1.1000000000e-08
L1,38,65,35,edge,1.1000000000e-08
L1,38,65,41,edge,1.1000000000e-08
L1,38,65,43,edge,1.2100000000e-07
L1,38,65,47,edge,2.2000000000e-08
L1,38,65,48,edge,4.4000000000e-08
L1,38,65,49,edge,1.1000000000e-08
L1,38,65,59,edge,1.1000000000e-08
L1,39,45,20,edge,1.1000000000e-07
L1,39,45,44,edge,1.2100000000e-07
L1,39,45,64,edge,1.1000000000e-07
L1,39,47,4,edge,1.2100000000e-07
L1,39,47,17,edge,1.2100000000e-07
L1,39,49,0,edge,3.3000000000e-08
L1,39,49,1,edge,1.1000000000e-08
L1,39,49,2,edge,3.3000000000e-08
L1,39,49,3,edge,2.2000000000e-08
L1,39,49,5,edge,1.1000000000e-08
L1,39,49,6,edge,1.1000000000e-08
L1,39,49,13,edge,1.1000000000e-08
L1,39,49,14,edge,1.1000000000e-08
L1,39,49,15,edge,1.1000000000e-08
L1,39,49,16,edge,1.1000000000e-08
L1,39,49,17,edge,1.1000000000e-08
L1,39,49,18,edge,3.3000000000e-08
L1,39,49,19,edge,2.2000000000e-08
L1,39,49,25,edge,2.2000000000e-08
L1,39,49,26,edge,2.2000000000e-08
L1,39,49,28,edge,1.1000000000e-08
L1,39,49,29,edge,2.2000000000e-08
L1,39,49,30,edge,1.1000000000e-08
L1,39,49,31,edge,1.1000000000e-08
L1,39,49,32,edge,2.2000000000e-08
L1,39,49,34,edge,1.1000000000e-08
L1,39,49,35,edge,1.1000000000e-08
L1,39,49,36,edge,1.1000000000e-08
L1,39,49,38,edge,2.2000000000e-08
L1,39,49,39,edge,1.1000000000e-08
L1,39,49,40,edge,3.3000000000e-08
L1,39,49,41,edge,2.2000000000e-08
L1,39,49,42,edge,2.2000000000e-08
L1,39,49,44,edge,2.2000000000e-08
L1,39,49,47,edge,1.1000000000e-08
L1,39,49,51,edge,1.1000000000e-08
L1,39,49,62,edge,3.3000000000e-08
L1,39,49,64,edge,1.1000000000e-08
L1,39,50,2,edge,1.1000000000e-08
L1,39,50,17,edge,1.1000000000e-08
L1,39,50,25,edge,2.2000000000e-08
L1,39,50,30,edge,1.1000000000e-08
L1,39,50,34,edge,1.1000000000e-08
L1,39,50,38,edge,1.1000000000e-08
L1,39,50,44,edge,1.1000000000e-08
L1,39,50,45,edge,1.1000000000e-08
L1,39,50,47,edge,1.1000000000e-08
L1,39,54,0,edge,1.1000000000e-08
L1,39,54,2,edge,1.1000000000e-08
L1,39,54,3,edge,1.1000000000e-08
L1,39,54,20,edge,1.1000000000e-08
L1,39,54,25,edge,1.1000000000e-08
L1,39,54,31,edge,1.1000000000e-08
L1,39,54,32,edge,1.1000000000e-08
L1,39,54,36,edge,1.1000000000e-08
L1,39,54,37,edge,1.1000000000e-08
L1,39,54,38,edge,6.6000000000e-08
L1,39,54,41,edge,2.2000000000e-08
L1,39,54,42,edge,1.1000000000e-08
L1,39,54,44,edge,2.2000000000e-08
L1,39,54,45,edge,1.1000000000e-08
L1,39,54,48,edge,1.1000000000e-08
L1,39,54,63,edge,1.1000000000e-08
L1,39,56,47,edge,8.8000000000e-08
L1,39,59,3,edge,1.1000000000e-08
L1,39,59,5,edge,1.2100000000e-07
L1,39,59,6,edge,2.2000000000e-08
L1,39,59,15,edge,1.1000000000e-08
L1,39,59,16,edge,1.1000000000e-08
L1,39,59,19,edge,1.1000000000e-08
L1,39,59,28,edge,1.1000000000e-08
L1,39,59,30,edge,1.1000000000e-08
L1,39,59,38,edge,1.1000000000e-08
L1,39,59,40,edge,1.1000000000e-08
L1,39,59,42,edge,1.1000000000e-08
L1,39,59,44,edge,1.1000000000e-08
L1,39,59,45,edge,1.1000000000e-08
L1,39,59,46,edge,1.1000000000e-08
L1,39,59,49,edge,1.1000000000e-08
L1,39,59,51,edge,1.1000000000e-08
L1,39,59,58,edge,1.1000000000e-08
L1,39,59,59,edge,1.1000000000e-08
L1,39,59,61,edge,1.1000000000e-08
L1,39,59,64,edge,1.2100000000e-07
L1,39,61,3,edge,1.1000000000e-08
L1,39,61,4,edge,2.2000000000e-08
L1,39,61,5,edge,1.1000000000e-08
L1,39,61,19,edge,2.2000000000e-08
L1,39,61,27,edge,1.1000000000e-08
L1,39,61,30,edge,1.1000000000e-08
L1,39,61,37,edge,1.1000000000e-08
L1,39,61,41,edge,1.1000000000e-08
L1,39,61,42,edge,1.1000000000e-08
L1,39,61,46,edge,1.1000000000e-08
L1,39,61,47,edge,1.1000000000e-08
L1,39,61,49,edge,1.1000000000e-08
L1,39,61,64,edge,1.1000000000e-08
L1,39,62,3,edge,1.1000000000e-08
L1,39,62,4,edge,2.2000000000e-08
L1,39,62,5,edge,1.1000000000e-08
L1,39,62,19,edge,2.2000000000e-08
L1,39,62,27,edge,1.1000000000e-08
L1,39,62,30,edge,1.1000000000e-08
L1,39,62,37,edge,1.1000000000e-08
L1,39,62,41,edge,1.1000000000e-08
L1,39,62,42,edge,1.1000000000e-08
L1,39,62,46,edge,1.1000000000e-08
L1,39,62,47,edge,1.1000000000e-08
L1,39,62,49,edge,1.1000000000e-08
L1,39,62,51,edge,9.9000000000e-08
L1,39,62,64,edge,1.1000000000e-08
L1,39,64,0,edge,2.2000000000e-08
L1,39,64,5,edge,1.1000000000e-08
L1,39,64,13,edge,2.2000000000e-08
L1,39,64,15,edge,1.1000000000e-08
L1,39,64,16,edge,2.2000000000e-08
L1,39,64,17,edge,1.1000000000e-08
L1,39,64,20,edge,1.1000000000e-08
L1,39,64,25,edge,1.1000000000e-08
L1,39,64,27,edge,1.1000000000e-08
L1,39,64,28,edge,2.2000000000e-08
L1,39,64,31,edge,1.1000000000e-08
L1,39,64,32,edge,2.2000000000e-08
L1,39,64,33,edge,3.3000000000e-08
L1,39,64,37,edge,1.1000000000e-08
L1,39,64,39,edge,2.2000000000e-08
L1,39,64,43,edge,2.2000000000e-08
L1,39,64,45,edge,1.1000000000e-08
L1,39,64,48,edge,1.1000000000e-08
L1,39,64,50,edge,3.3000000000e-08
L1,39,64,58,edge,1.1000000000e-08
L1,39,64,63,edge,1.1000000000e-08
L1,39,66,15,edge,1.1000000000e-08
L1,39,66,18,edge,1.1000000000e-08
L1,39,66,20,edge,2.2000000000e-08
L1,39,66,28,edge,1.1000000000e-08
L1,39,66,33,edge,1.1000000000e-08
L1,39,66,64,edge,1.1000000000e-08
L1,39,68,2,edge,1.1000000000e-08
L1,39,68,4,edge,1.1000000000e-08
L1,39,68,6,edge,2.2000000000e-08
L1,39,68,14,edge,1.1000000000e-08
L1,39,68,19,edge,1.1000000000e-08
L1,39,68,26,edge,1.1000000000e-08
L1,39,68,31,edge,1.1000000000e-08
L1,39,68,38,edge,1.1000000000e-08
L1,39,68,40,edge,1.2100000000e-07
L1,39,68,42,edge,1.1000000000e-08
L1,39,68,46,edge,8.8000000000e-08
L1,39,68,47,edge,1.1000000000e-08
L1,39,68,49,edge,1.3200000000e-07
L1,39,68,59,edge,1.1000000000e-08
L1,39,68,64,edge,2.2000000000e-08
L1,39,72,42,edge,1.1000000000e-08
L1,40,46,34,edge,1.2100000000e-07
L1,40,48,3,edge,1.1000000000e-08
L1,40,48,4,edge,2.2000000000e-08
L1,40,48,5,edge,2.2000000000e-08
L1,40,48,6,edge,1.1000000000e-08
L1,40,48,14,edge,2.2000000000e-08
L1,40,48,16,edge,1.1000000000e-08
L1,40,48,19,edge,2.2000000000e-08
L1,40,48,20,edge,3.3000000000e-08
L1,40,48,26,edge,1.1000000000e-08
L1,40,48,31,edge,1.1000000000e-08
L1,40,48,34,edge,1.1000000000e-08
L1,40,48,41,edge,1.1000000000e-08
L1,40,48,45,edge,1.2100000000e-07
L1,40,48,46,edge,1.1000000000e-08
L1,40,48,47,edge,1.1000000000e-08
L1,40,48,48,edge,1.1000000000e-08
L1,40,48,50,edge,1.1000000000e-08
L1,40,48,51,edge,1.1000000000e-08
L1,40,48,58,edge,1.1000000000e-08
L1,40,48,64,edge,1.1000000000e-08
L1,40,55,14,edge,1.1000000000e-08
L1,40,55,15,edge,1.1000000000e-08
L1,40,55,17,edge,1.1000000000e-08
L1,40,55,25,edge,1.1000000000e-08
L1,40,55,40,edge,1.1000000000e-08
L1,40,55,44,edge,1.1000000000e-08
L1,40,55,46,edge,1.1000000000e-08
L1,40,55,47,edge,1.1000000000e-08
L1,40,55,49,edge,1.1000000000e-08
L1,40,55,61,edge,1.1000000000e-08
L1,40,62,1,edge,1.1000000000e-08
L1,40,62,19,edge,1.1000000000e-08
L1,40,62,30,edge,1.2100000000e-07
L1,40,62,51,edge,1.1000000000e-08
L1,40,65,3,edge,1.2100000000e-07
L1,40,65,6,edge,1.2100000000e-07
L1,40,65,37,edge,1.1000000000e-08
L1,40,65,40,edge,1.1000000000e-08
L1,40,65,49,edge,1.1000000000e-08
L1,40,65,64,edge,1.1000000000e-08
L1,40,67,18,edge,1.2100000000e-07
L1,40,69,13,edge,1.1000000000e-08
L1,40,69,15,edge,1.1000000000e-08
L1,40,69,16,edge,2.2000000000e-08
L1,40,69,18,edge,1.1000000000e-08
L1,40,69,19,edge,1.3200000000e-07
L1,40,69,20,edge,1.2100000000e-07
L1,40,69,28,edge,1.1000000000e-08
L1,40,69,30,edge,1.2100000000e-07
L1,40,69,35,edge,1.1000000000e-08
L1,40,69,38,edge,1.1000000000e-08
L1,40,69,39,edge,1.1000000000e-08
L1,40,69,44,edge,1.1000000000e-08
L1,40,69,47,edge,2.2000000000e-08
L1,40,69,49,edge,1.1000000000e-08
L1,40,69,63,edge,1.1000000000e-08
L1,40,73,27,edge,1.2100000000e-07
L1,41,48,3,edge,1.2100000000e-07
L1,41,48,14,edge,2.2000000000e-08
L1,41,48,16,edge,1.1000000000e-08
L1,41,48,17,edge,1.1000000000e-08
L1,41,48,25,edge,1.1000000000e-08
L1,41,48,32,edge,1.1000000000e-08
L1,41,48,34,edge,1.1000000000e-08
L1,41,48,36,edge,1.1000000000e-08
L1,41,48,48,edge,1.1000000000e-08
L1,41,48,51,edge,1.1000000000e-08
L1,41,48,59,edge,1.1000000000e-08
L1,41,58,3,edge,2.2000000000e-08
L1,41,58,4,edge,1.1000000000e-08
L1,41,58,5,edge,1.1000000000e-08
L1,41,58,6,edge,1.1000000000e-08
L1,41,58,17,edge,1.1000000000e-08
L1,41,58,19,edge,2.2000000000e-08
L1,41,58,20,edge,1.1000000000e-07
L1,41,58,29,edge,1.1000000000e-08
L1,41,58,30,edge,1.2100000000e-07
L1,41,58,38,edge,1.1000000000e-08
L1,41,58,39,edge,1.1000000000e-08
L1,41,58,41,edge,1.1000000000e-08
L1,41,58,46,edge,2.2000000000e-08
L1,41,58,49,edge,2.2000000000e-08
L1,41,58,51,edge,1.1000000000e-08
L1,41,58,61,edge,1.1000000000e-08
L1,41,58,64,edge,1.1000000000e-08
L1,41,61,0,edge,1.1000000000e-08
L1,41,61,3,edge,4.4000000000e-08
L1,41,61,4,edge,1.1000000000e-08
L1,41,61,6,edge,3.3000000000e-08
L1,41,61,13,edge,1.1000000000e-08
L1,41,61,14,edge,1.1000000000e-08
L1,41,61,19,edge,1.1000000000e-08
L1,41,61,20,edge,1.1000000000e-08
L1,41,61,27,edge,1.1000000000e-08
L1,41,61,31,edge,1.1000000000e-08
L1,41,61,39,edge,1.1000000000e-08
L1,41,61,40,edge,3.3000000000e-08
L1,41,61,44,edge,1.1000000000e-08
L1,41,61,49,edge,2.2000000000e-08
L1,41,61,51,edge,2.2000000000e-08
L1,41,61,59,edge,1.1000000000e-08
L1,41,61,64,edge,2.2000000000e-08
L1,41,66,15,edge,1.1000000000e-08
L1,41,66,20,edge,2.2000000000e-08
L1,41,66,28,edge,1.1000000000e-08
L1,41,66,33,edge,1.1000000000e-08
L1,41,66,47,edge,1.2100000000e-07
L1,41,66,64,edge,1.1000000000e-08
L1,41,74,46,edge,1.1000000000e-08
L1,42,49,19,edge,1.2100000000e-07
L1,42,57,3,edge,1.2100000000e-07
L1,42,59,5,edge,1.1000000000e-08
L1,42,59,25,edge,1.1000000000e-08
L1,42,59,30,edge,1.1000000000e-08
L1,42,59,39,edge,1.1000000000e-08
L1,42,67,3,edge,1.1000000000e-08
L1,42,67,4,edge,1.1000000000e-08
L1,42,67,13,edge,1.1000000000e-08
L1,42,67,14,edge,1.1000000000e-08
L1,42,67,15,edge,1.1000000000e-08
L1,42,67,17,edge,1.1000000000e-08
L1,42,67,19,edge,1.1000000000e-08
L1,42,67,20,edge,1.1000000000e-08
L1,42,67,27,edge,2.2000000000e-08
L1,42,67,28,edge,1.1000000000e-08
L1,42,67,29,edge,1.1000000000e-08
L1,42,67,33,edge,1.1000000000e-08
L1,42,67,37,edge,1.3200000000e-07
L1,42,67,38,edge,1.1000000000e-08
L1,42,67,39,edge,1.1000000000e-08
L1,42,67,40,edge,3.3000000000e-08
L1,42,67,41,edge,1.1000000000e-08
L1,42,67,42,edge,1.1000000000e-08
L1,42,67,44,edge,2.2000000000e-08
L1,42,67,49,edge,3.3000000000e-08
L1,42,67,59,edge,1.1000000000e-08
L1,42,67,61,edge,1.1000000000e-08
L1,42,68,3,edge,1.1000000000e-08
L1,42,68,4,edge,1.1000000000e-08
L1,42,68,13,edge,1.1000000000e-08
L1,42,68,14,edge,1.1000000000e-08
L1,42,68,17,edge,1.1000000000e-08
L1,42,68,19,edge,1.1000000000e-08
L1,42,68,20,edge,1.1000000000e-08
L1,42,68,27,edge,2.2000000000e-08
L1,42,68,28,edge,1.1000000000e-08
L1,42,68,29,edge,1.1000000000e-08
L1,42,68,33,edge,1.1000000000e-08
L1,42,68,37,edge,1.1000000000e-08
L1,42,68,38,edge,1.1000000000e-08
L1,42,68,39,edge,1.1000000000e-08
L1,42,68,40,edge,3.3000000000e-08
L1,42,68,41,edge,1.1000000000e-08
L1,42,68,42,edge,1.1000000000e-08
L1,42,68,44,edge,2.2000000000e-08
L1,42,68,49,edge,3.3000000000e-08
L1,42,68,59,edge,1.1000000000e-08
L1,42,68,61,edge,1.1000000000e-08
L1,42,75,1,edge,2.2000000000e-08
L1,42,75,2,edge,2.2000000000e-08
L1,42,75,5,edge,1.1000000000e-08
L1,42,75,13,edge,1.1000000000e-08
L1,42,75,19,edge,2.2000000000e-08
L1,42,75,26,edge,2.2000000000e-08
L1,42,75,34,edge,1.1000000000e-08
L1,42,75,39,edge,1.1000000000e-08
L1,42,75,42,edge,1.1000000000e-08
L1,42,75,47,edge,1.1000000000e-08
L1,42,75,49,edge,2.2000000000e-08
L1,42,75,58,edge,1.2100000000e-07
L1,42,75,61,edge,2.2000000000e-08
L1,42,75,62,edge,2.2000000000e-08
L1,43,50,31,edge,1.2100000000e-07
L1,43,50,42,edge,1.2100000000e-07
L1,43,56,5,edge,2.2000000000e-08
L1,43,56,6,edge,1.1000000000e-08
L1,43,56,17,edge,1.1000000000e-08
L1,43,56,30,edge,1.1000000000e-08
L1,43,56,35,edge,1.1000000000e-08
L1,43,56,37,edge,1.1000000000e-08
L1,43,56,41,edge,1.1000000000e-08
L1,43,56,45,edge,3.3000000000e-08
L1,43,56,48,edge,1.1000000000e-08
L1,43,56,51,edge,1.1000000000e-08
L1,43,56,61,edge,1.1000000000e-08
L1,43,67,32,edge,1.1000000000e-08
L1,43,67,33,edge,2.2000000000e-08
L1,43,67,47,edge,1.1000000000e-08
L1,43,77,2,edge,2.2000000000e-08
L1,43,77,27,edge,3.3000000000e-08
L1,43,77,42,edge,1.2100000000e-07
L1,44,51,33,edge,2.2000000000e-08
L1,44,51,41,edge,1.2100000000e-07
L1,44,57,16,edge,1.1000000000e-08
L1,44,57,29,edge,2.2000000000e-08
L1,44,57,35,edge,1.1000000000e-08
L1,44,57,43,edge,2.2000000000e-08
L1,44,57,45,edge,1.1000000000e-08
L1,44,57,46,edge,1.1000000000e-08
L1,44,60,3,edge,1.1000000000e-08
L1,44,60,15,edge,2.2000000000e-08
L1,44,60,16,edge,2.2000000000e-08
L1,44,60,18,edge,1.1000000000e-08
L1,44,60,29,edge,1.1000000000e-08
L1,44,60,37,edge,1.2100000000e-07
L1,44,60,43,edge,1.1000000000e-08
L1,44,60,45,edge,1.1000000000e-08
L1,44,60,46,edge,1.1000000000e-08
L1,44,60,47,edge,1.2100000000e-07
L1,44,60,49,edge,1.1000000000e-08
L1,44,60,59,edge,1.1000000000e-08
L1,44,64,3,edge,1.1000000000e-08
L1,44,64,6,edge,3.3000000000e-08
L1,44,64,13,edge,1.1000000000e-08
L1,44,64,15,edge,1.1000000000e-08
L1,44,64,29,edge,2.2000000000e-08
L1,44,64,31,edge,1.1000000000e-08
L1,44,64,37,edge,1.1000000000e-08
L1,44,64,41,edge,1.1000000000e-08
L1,44,64,43,edge,1.1000000000e-08
L1,44,64,45,edge,1.1000000000e-08
L1,44,64,46,edge,2.2000000000e-08
L1,44,64,49,edge,1.1000000000e-08
L1,44,64,51,edge,1.1000000000e-08
L1,44,64,59,edge,1.1000000000e-08
L1,44,64,64,edge,1.1000000000e-08
L1,44,67,4,edge,1.1000000000e-08
L1,44,67,5,edge,2.2000000000e-08
L1,44,67,14,edge,1.1000000000e-08
L1,44,67,15,edge,1.3200000000e-07
L1,44,67,16,edge,1.1000000000e-08
L1,44,67,17,edge,1.1000000000e-08
L1,44,67,18,edge,1.1000000000e-08
L1,44,67,20,edge,1.1000000000e-08
L1,44,67,28,edge,1.1000000000e-08
L1,44,67,29,edge,1.1000000000e-08
L1,44,67,31,edge,1.1000000000e-08
L1,44,67,32,edge,2.2000000000e-08
L1,44,67,33,edge,2.2000000000e-08
L1,44,67,39,edge,1.1000000000e-08
L1,44,67,41,edge,1.1000000000e-08
L1,44,67,47,edge,1.1000000000e-08
L1,44,67,49,edge,1.1000000000e-08
L1,44,67,64,edge,1.1000000000e-08
L1,44,68,4,edge,1.1000000000e-08
L1,44,68,5,edge,2.2000000000e-08
L1,44,68,14,edge,1.1000000000e-08
L1,44,68,15,edge,1.1000000000e-08
L1,44,68,16,edge,2.2000000000e-08
L1,44,68,17,edge,1.1000000000e-08
L1,44,68,18,edge,1.1000000000e-08
L1,44,68,20,edge,1.1000000000e-08
L1,44,68,28,edge,1.1000000000e-08
L1,44,68,29,edge,1.1000000000e-08
L1,44,68,31,edge,1.1000000000e-08
L1,44,68,32,edge,2.2000000000e-08
L1,44,68,33,edge,2.2000000000e-08
L1,44,68,39,edge,1.1000000000e-08
L1,44,68,41,edge,1.1000000000e-08
L1,44,68,47,edge,1.1000000000e-08
L1,44,68,49,edge,1.1000000000e-08
L1,44,68,64,edge,1.1000000000e-08
L1,44,70,13,edge,1.2100000000e-07
L1,44,70,16,edge,1.1000000000e-08
L1,44,70,17,edge,1.1000000000e-08
L1,44,70,27,edge,1.1000000000e-08
L1,44,70,28,edge,1.1000000000e-08
L1,44,70,30,edge,1.1000000000e-08
L1,44,70,35,edge,1.1000000000e-08
L1,44,70,49,edge,3.3000000000e-08
L1,44,76,0,edge,1.1000000000e-08
L1,44,76,1,edge,1.1000000000e-08
L1,44,76,2,edge,2.2000000000e-08
L1,44,76,5,edge,1.1000000000e-08
L1,44,76,6,edge,2.2000000000e-08
L1,44,76,13,edge,2.2000000000e-08
L1,44,76,14,edge,2.2000000000e-08
L1,44,76,16,edge,1.1000000000e-08
L1,44,76,26,edge,2.2000000000e-08
L1,44,76,27,edge,1.1000000000e-08
L1,44,76,28,edge,3.3000000000e-08
L1,44,76,29,edge,2.2000000000e-08
L1,44,76,31,edge,2.2000000000e-08
L1,44,76,35,edge,5.5000000000e-08
L1,44,76,39,edge,3.3000000000e-08
L1,44,76,40,edge,1.1000000000e-08
L1,44,76,42,edge,2.2000000000e-08
L1,44,76,43,edge,2.2000000000e-08
L1,44,76,44,edge,2.2000000000e-08
L1,44,76,48,edge,1.1000000000e-08
L1,44,76,49,edge,3.3000000000e-08
L1,44,76,59,edge,4.4000000000e-08
L1,44,76,64,edge,1.1000000000e-08
L1,45,52,25,edge,1.1000000000e-08
L1,45,52,41,edge,1.2100000000e-07
L1,45,59,15,edge,1.2100000000e-07
L1,45,61,0,edge,1.1000000000e-08
L1,45,61,2,edge,1.1000000000e-08
L1,45,61,5,edge,1.1000000000e-08
L1,45,61,15,edge,1.1000000000e-08
L1,45,61,16,edge,2.2000000000e-08
L1,45,61,19,edge,1.1000000000e-08
L1,45,61,20,edge,1.1000000000e-08
L1,45,61,25,edge,1.1000000000e-08
L1,45,61,30,edge,1.1000000000e-08
L1,45,61,33,edge,1.1000000000e-08
L1,45,61,38,edge,1.1000000000e-08
L1,45,61,39,edge,1.1000000000e-08
L1,45,61,42,edge,1.1000000000e-08
L1,45,61,47,edge,1.1000000000e-08
L1,45,61,48,edge,1.1000000000e-08
L1,45,61,51,edge,1.1000000000e-08
L1,45,65,0,edge,2.2000000000e-08
L1,45,65,5,edge,1.1000000000e-08
L1,45,65,6,edge,5.5000000000e-08
L1,45,65,13,edge,3.3000000000e-08
L1,45,65,15,edge,1.1000000000e-08
L1,45,65,16,edge,1.1000000000e-08
L1,45,65,19,edge,1.1000000000e-08
L1,45,65,25,edge,1.1000000000e-08
L1,45,65,27,edge,3.3000000000e-08
L1,45,65,29,edge,1.1000000000e-08
L1,45,65,31,edge,1.1000000000e-08
L1,45,65,32,edge,1.1000000000e-08
L1,45,65,38,edge,1.1000000000e-08
L1,45,65,39,edge,1.1000000000e-08
L1,45,65,42,edge,1.1000000000e-08
L1,45,65,43,edge,2.2000000000e-08
L1,45,65,45,edge,1.1000000000e-08
L1,45,65,47,edge,1.1000000000e-08
L1,45,65,48,edge,1.1000000000e-08
L1,45,65,50,edge,3.3000000000e-08
L1,45,65,51,edge,1.1000000000e-08
L1,45,65,59,edge,1.1000000000e-08
L1,45,65,60,edge,1.1000000000e-08
L1,45,65,63,edge,2.2000000000e-08
L1,45,65,64,edge,1.1000000000e-08
L1,45,66,0,edge,1.1000000000e-08
L1,45,66,3,edge,2.2000000000e-08
L1,45,66,6,edge,2.2000000000e-08
L1,45,66,13,edge,2.2000000000e-08
L1,45,66,14,edge,1.1000000000e-08
L1,45,66,15,edge,3.3000000000e-08
L1,45,66,16,edge,1.1000000000e-08
L1,45,66,20,edge,2.2000000000e-08
L1,45,66,26,edge,1.1000000000e-08
L1,45,66,28,edge,2.2000000000e-08
L1,45,66,30,edge,2.2000000000e-08
L1,45,66,31,edge,1.1000000000e-08
L1,45,66,33,edge,1.1000000000e-08
L1,45,66,34,edge,2.2000000000e-08
L1,45,66,36,edge,1.1000000000e-08
L1,45,66,37,edge,1.1000000000e-08
L1,45,66,39,edge,1.1000000000e-08
L1,45,66,42,edge,1.1000000000e-08
L1,45,66,43,edge,1.1000000000e-08
L1,45,66,45,edge,1.1000000000e-08
L1,45,66,46,edge,2.2000000000e-08
L1,45,66,47,edge,1.1000000000e-08
L1,45,66,51,edge,1.1000000000e-08
L1,45,66,58,edge,1.1000000000e-08
L1,45,66,59,edge,1.1000000000e-08
L1,45,66,60,edge,1.1000000000e-08
L1,45,66,64,edge,1.1000000000e-08
L1,45,68,4,edge,1.1000000000e-08
L1,45,68,5,edge,2.2000000000e-08
L1,45,68,14,edge,1.1000000000e-08
L1,45,68,15,edge,1.1000000000e-08
L1,45,68,16,edge,2.2000000000e-08
L1,45,68,17,edge,1.1000000000e-08
L1,45,68,18,edge,1.1000000000e-08
L1,45,68,20,edge,1.1000000000e-08
L1,45,68,28,edge,1.2100000000e-07
L1,45,68,29,edge,1.1000000000e-08
L1,45,68,31,edge,1.1000000000e-08
L1,45,68,32,edge,2.2000000000e-08
L1,45,68,33,edge,2.2000000000e-08
L1,45,68,39,edge,1.1000000000e-08
L1,45,68,41,edge,1.1000000000e-08
L1,45,68,47,edge,1.1000000000e-08
L1,45,68,49,edge,1.1000000000e-08
L1,45,68,64,edge,1.1000000000e-08
L1,45,69,0,edge,1.1000000000e-08
L1,45,69,4,edge,1.1000000000e-08
L1,45,69,5,edge,2.2000000000e-08
L1,45,69,14,edge,1.1000000000e-08
L1,45,69,15,edge,1.1000000000e-08
L1,45,69,16,edge,2.2000000000e-08
L1,45,69,17,edge,1.1000000000e-08
L1,45,69,18,edge,1.1000000000e-08
L1,45,69,20,edge,1.1000000000e-08
L1,45,69,28,edge,1.1000000000e-08
L1,45,69,29,edge,1.1000000000e-08
L1,45,69,31,edge,1.1000000000e-08
L1,45,69,32,edge,2.2000000000e-08
L1,45,69,33,edge,2.2000000000e-08
L1,45,69,39,edge,1.1000000000e-08
L1,45,69,41,edge,1.1000000000e-08
L1,45,69,47,edge,1.1000000000e-08
L1,45,69,49,edge,1.1000000000e-08
L1,45,69,64,edge,1.1000000000e-08
L1,45,75,48,edge,1.2100000000e-07
L1,45,77,1,edge,2.2000000000e-08
L1,45,77,13,edge,1.1000000000e-08
L1,45,77,19,edge,1.1000000000e-08
L1,45,77,28,edge,3.3000000000e-08
L1,45,77,29,edge,2.2000000000e-08
L1,45,77,31,edge,1.1000000000e-08
L1,45,77,34,edge,1.1000000000e-08
L1,45,77,38,edge,2.2000000000e-08
L1,45,77,40,edge,1.1000000000e-08
L1,45,77,41,edge,1.1000000000e-08
L1,45,77,42,edge,3.3000000000e-08
L1,45,77,44,edge,1.1000000000e-08
L1,45,77,49,edge,1.1000000000e-08
L1,45,77,59,edge,2.2000000000e-08
L1,45,77,61,edge,1.1000000000e-08
L1,45,77,64,edge,2.2000000000e-08
L1,45,79,26,edge,1.2100000000e-07
L1,45,79,44,edge,1.2100000000e-07
L1,46,53,37,edge,1.2100000000e-07
L1,46,58,3,edge,1.1000000000e-08
L1,46,58,6,edge,1.1000000000e-08
L1,46,58,18,edge,1.1000000000e-08
L1,46,58,37,edge,1.1000000000e-08
L1,46,58,45,edge,1.3200000000e-07
L1,46,60,33,edge,1.2100000000e-07
L1,46,62,1,edge,1.1000000000e-08
L1,46,62,6,edge,1.1000000000e-08
L1,46,62,17,edge,1.1000000000e-08
L1,46,62,19,edge,2.2000000000e-08
L1,46,62,27,edge,1.1000000000e-08
L1,46,62,34,edge,1.1000000000e-08
L1,46,62,35,edge,1.1000000000e-08
L1,46,62,36,edge,1.1000000000e-08
L1,46,62,38,edge,1.1000000000e-08
L1,46,62,39,edge,1.1000000000e-08
L1,46,62,43,edge,1.1000000000e-08
L1,46,62,44,edge,1.1000000000e-08
L1,46,62,50,edge,2.2000000000e-08
L1,46,62,51,edge,2.2000000000e-08
L1,46,62,58,edge,2.2000000000e-08
L1,46,64,26,edge,6.6000000000e-08
L1,46,64,38,edge,1.2100000000e-07
L1,46,67,3,edge,1.2100000000e-07
L1,46,67,13,edge,1.2100000000e-07
L1,46,69,0,edge,1.1000000000e-08
L1,46,69,13,edge,1.1000000000e-08
L1,46,69,16,edge,1.1000000000e-08
L1,46,69,39,edge,1.1000000000e-08
L1,46,74,17,edge,1.1000000000e-07
L1,46,74,63,edge,1.2100000000e-07
L1,46,76,42,edge,1.2100000000e-07
L1,46,80,5,edge,1.1000000000e-08
L1,47,53,44,edge,1.2100000000e-07
L1,47,55,14,edge,1.1000000000e-08
L1,47,55,30,edge,1.1000000000e-08
L1,47,55,33,edge,1.1000000000e-08
L1,47,55,44,edge,2.2000000000e-08
L1,47,59,0,edge,2.2000000000e-08
L1,47,59,1,edge,1.1000000000e-08
L1,47,59,2,edge,1.1000000000e-08
L1,47,59,3,edge,1.1000000000e-08
L1,47,59,4,edge,1.1000000000e-08
L1,47,59,13,edge,1.1000000000e-08
L1,47,59,15,edge,2.2000000000e-08
L1,47,59,16,edge,2.2000000000e-08
L1,47,59,18,edge,1.1000000000e-08
L1,47,59,19,edge,2.2000000000e-08
L1,47,59,28,edge,1.1000000000e-08
L1,47,59,29,edge,1.1000000000e-08
L1,47,59,34,edge,2.2000000000e-08
L1,47,59,35,edge,3.3000000000e-08
L1,47,59,36,edge,2.2000000000e-08
L1,47,59,37,edge,2.2000000000e-08
L1,47,59,38,edge,1.1000000000e-08
L1,47,59,42,edge,1.1000000000e-08
L1,47,59,43,edge,2.2000000000e-08
L1,47,59,44,edge,1.1000000000e-08
L1,47,59,45,edge,2.2000000000e-08
L1,47,59,48,edge,2.2000000000e-08
L1,47,59,50,edge,1.1000000000e-08
L1,47,59,51,edge,3.3000000000e-08
L1,47,59,59,edge,1.1000000000e-08
L1,47,59,62,edge,1.1000000000e-08
L1,47,63,0,edge,1.1000000000e-08
L1,47,63,1,edge,1.1000000000e-08
L1,47,63,18,edge,1.1000000000e-08
L1,47,63,19,edge,2.2000000000e-08
L1,47,63,20,edge,1.1000000000e-08
L1,47,63,29,edge,2.2000000000e-08
L1,47,63,34,edge,1.1000000000e-08
L1,47,63,35,edge,1.1000000000e-08
L1,47,63,36,edge,1.1000000000e-08
L1,47,63,38,edge,2.2000000000e-08
L1,47,63,43,edge,1.1000000000e-08
L1,47,63,44,edge,1.1000000000e-08
L1,47,63,45,edge,1.1000000000e-08
L1,47,63,47,edge,1.1000000000e-08
L1,47,63,51,edge,2.2000000000e-08
L1,47,68,1,edge,1.1000000000e-08
L1,47,68,3,edge,1.1000000000e-08
L1,47,68,6,edge,1.1000000000e-08
L1,47,68,13,edge,1.1000000000e-08
L1,47,68,14,edge,1.2100000000e-07
L1,47,68,19,edge,1.1000000000e-08
L1,47,68,26,edge,1.1000000000e-08
L1,47,68,29,edge,1.1000000000e-08
L1,47,68,33,edge,1.1000000000e-08
L1,47,68,34,edge,3.3000000000e-08
L1,47,68,43,edge,1.1000000000e-08
L1,47,68,45,edge,1.1000000000e-08
L1,47,68,46,edge,1.2100000000e-07
L1,47,68,51,edge,2.2000000000e-08
L1,47,68,59,edge,2.2000000000e-08
L1,47,68,64,edge,1.1000000000e-08
L1,47,73,4,edge,1.1000000000e-08
L1,47,73,17,edge,3.3000000000e-08
L1,47,73,33,edge,1.1000000000e-08
L1,47,73,42,edge,2.2000000000e-08
L1,47,73,44,edge,2.2000000000e-08
L1,47,73,47,edge,1.1000000000e-08
L1,47,75,44,edge,1.1000000000e-08
L1,47,75,61,edge,1.1000000000e-08
L1,47,77,64,edge,1.2100000000e-07
L1,48,56,33,edge,1.2100000000e-07
L1,48,56,37,edge,1.2100000000e-07
L1,48,56,48,edge,1.2100000000e-07
L1,48,73,4,edge,1.1000000000e-08
L1,48,73,17,edge,2.2000000000e-08
L1,48,73,18,edge,1.1000000000e-08
L1,48,73,42,edge,2.2000000000e-08
L1,48,73,44,edge,1.1000000000e-08
L1,48,73,47,edge,1.1000000000e-08
L1,48,75,27,edge,1.1000000000e-07
L1,48,75,40,edge,1.2100000000e-07
L1,48,76,13,edge,1.2100000000e-07
L1,48,76,27,edge,1.1000000000e-08
L1,48,76,28,edge,1.2100000000e-07
L1,48,76,29,edge,1.2100000000e-07
L1,48,76,40,edge,1.1000000000e-08
L1,48,78,1,edge,1.2100000000e-07
L1,48,78,38,edge,1.2100000000e-07
L1,48,82,43,edge,1.2100000000e-07
L1,49,57,37,edge,1.1000000000e-08
L1,49,70,0,edge,1.1000000000e-08
L1,49,70,2,edge,1.1000000000e-08
L1,49,70,3,edge,1.1000000000e-08
L1,49,70,13,edge,3.3000000000e-08
L1,49,70,14,edge,2.2000000000e-08
L1,49,70,15,edge,1.1000000000e-08
L1,49,70,19,edge,1.1000000000e-08
L1,49,70,29,edge,1.1000000000e-08
L1,49,70,31,edge,2.2000000000e-08
L1,49,70,34,edge,1.1000000000e-08
L1,49,70,45,edge,1.1000000000e-08
L1,49,70,51,edge,1.1000000000e-08
L1,49,76,13,edge,1.1000000000e-08
L1,49,76,27,edge,1.1000000000e-08
L1,49,76,40,edge,1.1000000000e-08
L1,49,77,13,edge,1.1000000000e-08
L1,49,77,15,edge,1.2100000000e-07
L1,49,77,27,edge,1.1000000000e-08
L1,49,77,40,edge,1.1000000000e-08
L1,49,77,46,edge,7.7000000000e-08
L1,49,79,34,edge,1.2100000000e-07
L1,49,83,27,edge,1.2100000000e-07
L1,49,83,31,edge,1.1000000000e-08
L1,49,83,39,edge,1.2100000000e-07
L1,50,63,0,edge,1.1000000000e-08
L1,50,63,4,edge,1.1000000000e-08
L1,50,63,5,edge,2.2000000000e-08
L1,50,63,6,edge,2.2000000000e-08
L1,50,63,15,edge,2.2000000000e-08
L1,50,63,16,edge,1.1000000000e-08
L1,50,63,18,edge,2.2000000000e-08
L1,50,63,19,edge,1.1000000000e-08
L1,50,63,26,edge,1.1000000000e-08
L1,50,63,27,edge,1.1000000000e-08
L1,50,63,32,edge,3.3000000000e-08
L1,50,63,33,edge,2.2000000000e-08
L1,50,63,35,edge,1.1000000000e-08
L1,50,63,36,edge,1.1000000000e-08
L1,50,63,42,edge,1.1000000000e-08
L1,50,63,44,edge,2.2000000000e-08
L1,50,63,45,edge,1.1000000000e-08
L1,50,63,49,edge,1.1000000000e-08
L1,50,63,62,edge,1.1000000000e-08
L1,50,69,0,edge,1.1000000000e-08
L1,50,69,6,edge,2.4200000000e-07
L1,50,69,15,edge,1.1000000000e-08
L1,50,69,16,edge,1.1000000000e-08
L1,50,69,26,edge,3.3000000000e-08
L1,50,69,30,edge,1.1000000000e-08
L1,50,69,31,edge,1.1000000000e-08
L1,50,71,0,edge,1.1000000000e-08
L1,50,71,4,edge,1.1000000000e-08
L1,50,71,14,edge,1.1000000000e-08
L1,50,71,16,edge,1.1000000000e-08
L1,50,71,19,edge,1.1000000000e-08
L1,50,71,26,edge,1.1000000000e-08
L1,50,71,35,edge,1.1000000000e-08
L1,50,71,40,edge,1.1000000000e-08
L1,50,71,44,edge,1.1000000000e-08
L1,50,71,49,edge,2.2000000000e-08
L1,50,71,50,edge,1.1000000000e-08
L1,50,71,51,edge,1.1000000000e-08
L1,50,73,0,edge,1.1000000000e-08
L1,50,73,2,edge,1.1000000000e-08
L1,50,73,13,edge,2.2000000000e-08
L1,50,73,15,edge,1.1000000000e-08
L1,50,73,18,edge,1.1000000000e-08
L1,50,73,19,edge,1.1000000000e-08
L1,50,73,20,edge,1.1000000000e-08
L1,50,73,29,edge,2.2000000000e-08
L1,50,73,31,edge,1.2100000000e-07
L1,50,73,32,edge,1.1000000000e-08
L1,50,73,34,edge,3.3000000000e-08
L1,50,73,35,edge,1.1000000000e-08
L1,50,73,39,edge,1.1000000000e-08
L1,50,73,45,edge,1.1000000000e-08
L1,50,73,51,edge,1.1000000000e-08
L1,50,77,13,edge,1.1000000000e-08
L1,50,77,15,edge,2.2000000000e-08
L1,50,77,27,edge,1.1000000000e-08
L1,50,77,32,edge,1.2100000000e-07
L1,50,77,40,edge,1.1000000000e-08
L1,50,77,46,edge,1.1000000000e-08
L1,50,78,18,edge,1.2100000000e-07
L1,50,78,37,edge,1.2100000000e-07
L1,50,80,1,edge,1.1000000000e-08
L1,50,80,14,edge,1.1000000000e-08
L1,50,80,34,edge,1.1000000000e-08
L1,50,80,42,edge,1.1000000000e-08
L1,50,80,48,edge,1.1000000000e-08
L1,50,80,63,edge,1.1000000000e-08
L1,50,84,2,edge,1.1000000000e-08
L1,50,84,5,edge,1.2100000000e-07
L1,50,84,39,edge,2.2000000000e-08
L1,50,84,49,edge,1.1000000000e-07
L1,50,85,2,edge,1.1000000000e-08
L1,50,85,39,edge,1.1000000000e-08
L1,51,59,3,edge,1.2100000000e-07
L1,51,59,19,edge,1.2100000000e-07
L1,51,59,27,edge,1.2100000000e-07
L1,51,59,44,edge,1.2100000000e-07
L1,51,64,0,edge,1.1000000000e-08
L1,51,64,5,edge,1.1000000000e-08
L1,51,64,6,edge,2.2000000000e-08
L1,51,64,30,edge,1.1000000000e-08
L1,51,64,32,edge,2.2000000000e-08
L1,51,64,34,edge,1.1000000000e-08
L1,51,64,36,edge,2.2000000000e-08
L1,51,64,42,edge,1.1000000000e-08
L1,51,64,44,edge,1.1000000000e-08
L1,51,64,51,edge,1.1000000000e-08
L1,51,64,64,edge,1.1000000000e-08
L1,51,66,0,edge,1.1000000000e-08
L1,51,66,3,edge,1.1000000000e-08
L1,51,66,4,edge,1.1000000000e-08
L1,51,66,5,edge,1.1000000000e-08
L1,51,66,6,edge,2.2000000000e-08
L1,51,66,15,edge,1.1000000000e-08
L1,51,66,16,edge,2.2000000000e-08
L1,51,66,17,edge,1.1000000000e-08
L1,51,66,18,edge,2.2000000000e-08
L1,51,66,19,edge,1.1000000000e-08
L1,51,66,25,edge,1.1000000000e-08
L1,51,66,26,edge,1.1000000000e-08
L1,51,66,27,edge,1.1000000000e-08
L1,51,66,28,edge,1.1000000000e-08
L1,51,66,32,edge,1.1000000000e-08
L1,51,66,33,edge,1.1000000000e-08
L1,51,66,35,edge,1.1000000000e-08
L1,51,66,43,edge,1.1000000000e-08
L1,51,66,44,edge,1.1000000000e-08
L1,51,66,45,edge,1.1000000000e-08
L1,51,66,49,edge,1.1000000000e-08
L1,51,66,50,edge,1.1000000000e-08
L1,51,66,62,edge,1.1000000000e-08
L1,51,70,43,edge,1.1000000000e-08
L1,51,72,18,edge,1.1000000000e-08
L1,51,72,51,edge,1.2100000000e-07
L1,51,74,19,edge,1.1000000000e-08
L1,51,74,33,edge,2.2000000000e-08
L1,51,74,34,edge,1.2100000000e-07
L1,51,74,42,edge,2.2000000000e-08
L1,51,76,0,edge,1.1000000000e-08
L1,51,76,2,edge,1.1000000000e-08
L1,51,76,4,edge,1.1000000000e-08
L1,51,76,5,edge,1.1000000000e-08
L1,51,76,13,edge,2.2000000000e-08
L1,51,76,14,edge,2.2000000000e-08
L1,51,76,15,edge,2.2000000000e-08
L1,51,76,16,edge,1.1000000000e-08
L1,51,76,17,edge,3.3000000000e-08
L1,51,76,18,edge,2.2000000000e-08
L1,51,76,19,edge,1.1000000000e-08
L1,51,76,27,edge,2.2000000000e-08
L1,51,76,28,edge,1.1000000000e-08
L1,51,76,29,edge,2.2000000000e-08
L1,51,76,31,edge,1.1000000000e-08
L1,51,76,32,edge,2.2000000000e-08
L1,51,76,33,edge,1.1000000000e-08
L1,51,76,34,edge,1.1000000000e-08
L1,51,76,35,edge,1.1000000000e-08
L1,51,76,37,edge,1.1000000000e-08
L1,51,76,44,edge,1.1000000000e-08
L1,51,76,45,edge,1.1000000000e-08
L1,51,76,46,edge,1.1000000000e-08
L1,51,76,48,edge,1.1000000000e-08
L1,51,76,49,edge,2.2000000000e-08
L1,51,76,51,edge,2.2000000000e-08
L1,51,76,59,edge,1.1000000000e-08
L1,51,76,63,edge,1.1000000000e-08
L1,51,79,0,edge,1.1000000000e-08
L1,51,79,1,edge,1.1000000000e-08
L1,51,79,2,edge,1.1000000000e-08
L1,51,79,5,edge,1.1000000000e-08
L1,51,79,13,edge,2.2000000000e-08
L1,51,79,16,edge,1.1000000000e-08
L1,51,79,32,edge,2.2000000000e-08
L1,51,79,63,edge,1.1000000000e-08
L1,52,60,2,edge,1.1000000000e-08
L1,52,60,3,edge,1.2100000000e-07
L1,52,61,15,edge,1.2100000000e-07
L1,52,61,36,edge,1.1000000000e-08
L1,52,65,5,edge,1.2100000000e-07
L1,52,65,20,edge,4.4000000000e-08
L1,52,67,3,edge,2.2000000000e-08
L1,52,67,15,edge,1.2100000000e-07
L1,52,67,19,edge,1.1000000000e-08
L1,52,67,25,edge,1.1000000000e-08
L1,52,67,27,edge,2.2000000000e-08
L1,52,67,31,edge,2.2000000000e-08
L1,52,67,32,edge,1.1000000000e-08
L1,52,67,35,edge,1.1000000000e-08
L1,52,67,36,edge,2.2000000000e-08
L1,52,67,42,edge,1.1000000000e-08
L1,52,67,48,edge,2.2000000000e-08
L1,52,67,50,edge,1.1000000000e-08
L1,52,67,58,edge,1.1000000000e-08
L1,52,67,64,edge,1.1000000000e-08
L1,52,69,0,edge,3.3000000000e-08
L1,52,69,13,edge,1.1000000000e-08
L1,52,69,15,edge,1.1000000000e-08
L1,52,69,16,edge,1.1000000000e-08
L1,52,69,20,edge,1.1000000000e-08
L1,52,69,28,edge,2.2000000000e-08
L1,52,69,30,edge,1.1000000000e-08
L1,52,69,32,edge,1.3200000000e-07
L1,52,69,39,edge,1.1000000000e-08
L1,52,69,42,edge,1.1000000000e-08
L1,52,69,48,edge,1.1000000000e-08
L1,52,69,50,edge,1.1000000000e-08
L1,52,69,58,edge,1.1000000000e-08
L1,52,69,63,edge,2.2000000000e-08
L1,52,71,0,edge,1.1000000000e-08
L1,52,71,4,edge,1.1000000000e-08
L1,52,71,14,edge,1.1000000000e-08
L1,52,71,16,edge,1.1000000000e-08
L1,52,71,19,edge,1.1000000000e-08
L1,52,71,26,edge,1.1000000000e-08
L1,52,71,35,edge,1.1000000000e-08
L1,52,71,40,edge,1.1000000000e-08
L1,52,71,43,edge,1.1000000000e-08
L1,52,71,44,edge,1.1000000000e-08
L1,52,71,49,edge,1.1000000000e-08
L1,52,71,50,edge,1.1000000000e-08
L1,52,71,51,edge,1.1000000000e-08
L1,52,73,33,edge,1.2100000000e-07
L1,52,77,1,edge,1.1000000000e-08
L1,52,77,4,edge,1.1000000000e-08
L1,52,77,5,edge,2.2000000000e-08
L1,52,77,13,edge,1.1000000000e-08
L1,52,77,14,edge,1.1000000000e-08
L1,52,77,15,edge,1.1000000000e-08
L1,52,77,17,edge,3.3000000000e-08
L1,52,77,20,edge,1.1000000000e-08
L1,52,77,25,edge,1.1000000000e-08
L1,52,77,28,edge,1.1000000000e-08
L1,52,77,31,edge,1.1000000000e-08
L1,52,77,32,edge,2.2000000000e-08
L1,52,77,34,edge,2.2000000000e-08
L1,52,77,35,edge,1.1000000000e-08
L1,52,77,37,edge,1.1000000000e-08
L1,52,77,39,edge,1.1000000000e-08
L1,52,77,47,edge,1.1000000000e-08
L1,52,77,48,edge,1.1000000000e-08
L1,52,77,59,edge,1.1000000000e-08
L1,52,85,35,edge,1.2100000000e-07
L1,53,60,2,edge,1.1000000000e-08
L1,53,62,36,edge,1.2100000000e-07
L1,53,64,0,edge,1.1000000000e-08
L1,53,64,6,edge,1.2100000000e-07
L1,53,64,30,edge,1.1000000000e-08
L1,53,64,32,edge,2.2000000000e-08
L1,53,64,34,edge,1.1000000000e-08
L1,53,64,42,edge,1.1000000000e-08
L1,53,64,44,edge,1.1000000000e-08
L1,53,64,51,edge,1.1000000000e-08
L1,53,64,64,edge,1.1000000000e-08
L1,53,68,15,edge,1.1000000000e-08
L1,53,68,20,edge,1.2100000000e-07
L1,53,70,0,edge,2.2000000000e-08
L1,53,70,5,edge,1.1000000000e-08
L1,53,70,13,edge,1.1000000000e-08
L1,53,70,15,edge,1.1000000000e-08
L1,53,70,19,edge,1.1000000000e-08
L1,53,70,20,edge,1.1000000000e-08
L1,53,70,26,edge,1.1000000000e-08
L1,53,70,36,edge,1.1000000000e-08
L1,53,70,37,edge,1.1000000000e-08
L1,53,70,45,edge,1.1000000000e-08
L1,53,70,48,edge,2.2000000000e-08
L1,53,70,50,edge,1.1000000000e-08
L1,53,70,51,edge,1.2100000000e-07
L1,53,72,0,edge,2.2000000000e-08
L1,53,72,15,edge,1.1000000000e-08
L1,53,72,45,edge,1.1000000000e-08
L1,53,74,15,edge,1.1000000000e-08
L1,53,74,25,edge,1.1000000000e-08
L1,53,74,32,edge,1.1000000000e-08
L1,53,74,45,edge,1.1000000000e-08
L1,53,74,63,edge,1.1000000000e-08
L1,53,76,45,edge,1.2100000000e-07
L1,53,76,47,edge,1.1000000000e-08
L1,53,78,5,edge,1.1000000000e-08
L1,53,78,15,edge,1.1000000000e-08
L1,53,78,17,edge,1.1000000000e-08
L1,53,78,25,edge,1.1000000000e-08
L1,53,78,27,edge,1.1000000000e-08
L1,53,78,32,edge,3.3000000000e-08
L1,53,78,34,edge,1.1000000000e-08
L1,53,78,37,edge,1.1000000000e-08
L1,53,78,39,edge,1.1000000000e-08
L1,53,78,42,edge,1.1000000000e-08
L1,53,78,44,edge,1.1000000000e-08
L1,53,78,50,edge,1.1000000000e-08
L1,53,81,13,edge,1.1000000000e-08
L1,53,81,37,edge,2.2000000000e-08
L1,54,65,32,edge,1.1000000000e-08
L1,54,65,47,edge,5.5000000000e-08
L1,54,67,3,edge,2.2000000000e-08
L1,54,67,19,edge,1.1000000000e-08
L1,54,67,25,edge,1.1000000000e-08
L1,54,67,27,edge,1.1000000000e-08
L1,54,67,32,edge,1.1000000000e-08
L1,54,67,35,edge,1.2100000000e-07
L1,54,67,36,edge,2.2000000000e-08
L1,54,67,42,edge,1.1000000000e-08
L1,54,67,48,edge,2.2000000000e-08
L1,54,67,50,edge,1.1000000000e-08
L1,54,67,58,edge,1.1000000000e-08
L1,54,67,64,edge,1.1000000000e-08
L1,54,69,0,edge,1.3200000000e-07
L1,54,69,5,edge,1.1000000000e-08
L1,54,69,6,edge,1.1000000000e-08
L1,54,69,15,edge,1.1000000000e-08
L1,54,69,19,edge,2.2000000000e-08
L1,54,69,28,edge,3.3000000000e-08
L1,54,69,30,edge,2.2000000000e-08
L1,54,69,32,edge,2.2000000000e-08
L1,54,69,33,edge,2.2000000000e-08
L1,54,69,37,edge,1.1000000000e-08
L1,54,69,39,edge,1.1000000000e-08
L1,54,69,42,edge,1.1000000000e-08
L1,54,69,44,edge,2.2000000000e-08
L1,54,69,47,edge,1.1000000000e-08
L1,54,69,49,edge,1.1000000000e-08
L1,54,69,58,edge,1.1000000000e-08
L1,54,69,63,edge,1.1000000000e-08
L1,54,73,27,edge,1.1000000000e-08
L1,54,73,42,edge,1.2100000000e-07
L1,54,75,5,edge,1.1000000000e-08
L1,54,77,5,edge,1.1000000000e-08
L1,54,80,17,edge,1.1000000000e-08
L1,54,80,40,edge,1.1000000000e-08
L1,54,80,59,edge,1.1000000000e-08
L1,54,82,13,edge,1.1000000000e-08
L1,54,82,16,edge,1.1000000000e-08
L1,54,82,19,edge,1.1000000000e-08
L1,54,82,48,edge,1.1000000000e-08
L1,54,83,2,edge,1.2100000000e-07
L1,55,64,30,edge,9.9000000000e-08
L1,55,64,32,edge,1.2100000000e-07
L1,55,68,32,edge,1.1000000000e-08
L1,55,68,35,edge,1.1000000000e-08
L1,55,74,48,edge,1.1000000000e-08
L1,55,74,62,edge,1.2100000000e-07
L1,55,81,13,edge,1.1000000000e-08
L1,55,81,17,edge,1.2100000000e-07
L1,55,82,13,edge,1.1000000000e-08
L1,55,82,16,edge,1.1000000000e-08
L1,55,82,19,edge,1.2100000000e-07
L1,56,75,0,edge,1.1000000000e-08
L1,56,75,4,edge,1.1000000000e-08
L1,56,75,5,edge,1.1000000000e-08
L1,56,75,14,edge,1.1000000000e-08
L1,56,75,16,edge,1.1000000000e-08
L1,56,75,17,edge,1.1000000000e-08
L1,56,75,27,edge,1.1000000000e-08
L1,56,75,28,edge,1.1000000000e-08
L1,56,75,32,edge,1.1000000000e-08
L1,56,75,37,edge,1.1000000000e-08
L1,56,75,43,edge,1.1000000000e-08
L1,56,75,44,edge,1.1000000000e-08
L1,56,75,58,edge,2.2000000000e-08
L1,56,82,40,edge,1.1000000000e-08
L1,57,66,0,edge,1.1000000000e-08
L1,57,66,31,edge,1.2100000000e-07
L1,57,66,42,edge,1.1000000000e-08
L1,57,66,64,edge,1.1000000000e-08
L1,58,66,42,edge,1.2100000000e-07
L1,58,68,28,edge,9.9000000000e-08
L1,58,80,4,edge,1.1000000000e-08
L1,59,69,30,edge,1.2100000000e-07
L1,59,71,27,edge,1.2100000000e-07
L1,59,71,30,edge,1.1000000000e-08
L1,59,71,34,edge,1.1000000000e-08
L1,59,71,37,edge,1.2100000000e-07
L1,59,71,50,edge,1.2100000000e-07
L1,59,79,63,edge,1.2100000000e-07
L1,60,70,32,edge,2.4200000000e-07
L1,60,72,0,edge,1.2100000000e-07
L1,60,72,35,edge,1.1000000000e-08
L1,60,72,47,edge,3.3000000000e-08
L1,60,72,62,edge,1.1000000000e-08
L1,61,71,35,edge,1.1000000000e-08
L1,61,71,47,edge,1.2100000000e-07
L1,61,73,0,edge,1.1000000000e-08
L1,61,73,63,edge,1.1000000000e-08
L1,62,72,47,edge,3.3000000000e-08
L1,62,72,62,edge,5.5000000000e-08
L1,62,74,0,edge,1.2100000000e-07
L1,62,74,15,edge,1.1000000000e-08
L1,62,74,28,edge,2.2000000000e-08
L1,62,74,39,edge,1.1000000000e-08
L1,62,74,49,edge,1.1000000000e-08
L1,62,74,62,edge,1.1000000000e-08
L1,62,76,43,edge,3.3000000000e-08
L1,62,76,47,edge,2.2000000000e-08
L1,62,76,49,edge,1.1000000000e-08
L1,62,76,50,edge,1.1000000000e-08
L1,63,76,47,edge,1.2100000000e-07
L1,63,76,50,edge,1.1000000000e-08
L1,64,75,19,edge,1.1000000000e-08
L1,64,75,26,edge,3.3000000000e-08
L1,64,75,28,edge,1.2100000000e-07
L1,64,75,49,edge,1.2100000000e-07
L2,2,18,78,edge,1.2100000000e-07
L2,2,20,119,edge,1.1000000000e-08
L2,5,14,85,edge,1.1000000000e-08
L2,5,14,137,edge,1.1000000000e-08
L2,5,22,67,edge,1.1000000000e-08
L2,5,22,116,edge,1.1000000000e-08
L2,5,36,90,edge,1.1000000000e-08
L2,6,14,116,edge,1.1000000000e-08
L2,6,23,114,edge,1.1000000000e-08
L2,7,24,78,edge,1.1000000000e-08
L2,7,24,90,edge,1.2100000000e-07
L2,7,24,102,edge,1.1000000000e-08
L2,7,24,122,edge,1.1000000000e-08
L2,7,40,73,edge,1.2100000000e-07
L2,7,40,77,edge,1.2100000000e-07
L2,7,40,78,edge,1.2100000000e-07
L2,8,27,104,edge,1.1000000000e-08
L2,8,37,73,edge,1.1000000000e-08
L2,8,37,77,edge,1.1000000000e-08
L2,8,37,78,edge,1.1000000000e-08
L2,8,37,89,edge,1.1000000000e-08
L2,8,37,96,edge,1.1000000000e-08
L2,8,37,128,edge,1.1000000000e-08
L2,8,37,140,edge,1.1000000000e-08
L2,8,38,73,edge,1.1000000000e-08
L2,8,38,77,edge,1.1000000000e-08
L2,8,38,78,edge,1.1000000000e-08
L2,8,38,89,edge,1.1000000000e-08
L2,8,38,96,edge,1.1000000000e-08
L2,8,38,140,edge,1.1000000000e-08
L2,9,34,69,edge,1.1000000000e-08
L2,9,36,69,edge,1.2100000000e-07
L2,9,36,127,edge,1.1000000000e-08
L2,9,37,73,edge,1.1000000000e-08
L2,9,37,77,edge,1.1000000000e-08
L2,9,37,78,edge,1.1000000000e-08
L2,9,37,89,edge,1.1000000000e-08
L2,9,37,96,edge,1.1000000000e-08
L2,9,37,128,edge,1.1000000000e-08
L2,9,37,140,edge,1.1000000000e-08
L2,9,39,136,edge,1.2100000000e-07
L2,10,10,71,edge,1.1000000000e-08
L2,10,11,101,edge,1.1000000000e-08
L2,10,28,77,edge,1.1000000000e-08
L2,10,28,96,edge,1.1000000000e-08
L2,10,28,104,edge,1.1000000000e-08
L2,10,32,71,edge,1.1000000000e-08
L2,10,32,111,edge,5.5000000000e-08
L2,10,33,69,edge,1.1000000000e-08
L2,10,33,85,edge,1.1000000000e-08
L2,10,33,101,edge,1.1000000000e-08
L2,10,33,121,edge,1.1000000000e-08
L2,10,38,74,edge,1.1000000000e-08
L2,10,40,66,edge,1.2100000000e-07
L2,11,9,101,edge,1.2100000000e-07
L2,11,34,69,edge,1.1000000000e-08
L2,11,34,77,edge,1.1000000000e-08
L2,11,34,89,edge,1.1000000000e-08
L2,12,9,122,edge,1.2100000000e-07
L2,12,32,74,edge,1.1000000000e-08
L2,12,32,109,edge,1.1000000000e-08
L2,12,32,121,edge,1.1000000000e-08
L2,12,42,66,edge,1.1000000000e-08
L2,12,42,73,edge,1.1000000000e-08
L2,12,42,77,edge,1.1000000000e-08
L2,12,42,111,edge,2.2000000000e-08
L2,12,42,136,edge,1.1000000000e-08
L2,13,31,65,edge,1.1000000000e-08
L2,13,31,66,edge,2.2000000000e-08
L2,13,31,67,edge,2.2000000000e-08
L2,13,31,68,edge,2.2000000000e-08
L2,13,31,72,edge,2.2000000000e-08
L2,13,31,73,edge,2.2000000000e-08
L2,13,31,74,edge,2.2000000000e-08
L2,13,31,76,edge,3.3000000000e-08
L2,13,31,77,edge,4.4000000000e-08
L2,13,31,78,edge,3.3000000000e-08
L2,13,31,85,edge,1.1000000000e-08
L2,13,31,86,edge,4.4000000000e-08
L2,13,31,88,edge,2.2000000000e-08
L2,13,31,89,edge,2.2000000000e-08
L2,13,31,90,edge,3.3000000000e-08
L2,13,31,91,edge,2.2000000000e-08
L2,13,31,92,edge,1.1000000000e-08
L2,13,31,94,edge,3.3000000000e-08
L2,13,31,95,edge,1.1000000000e-08
L2,13,31,96,edge,3.3000000000e-08
L2,13,31,101,edge,3.3000000000e-08
L2,13,31,102,edge,4.4000000000e-08
L2,13,31,103,edge,1.1000000000e-08
L2,13,31,104,edge,1.1000000000e-08
L2,13,31,105,edge,1.1000000000e-08
L2,13,31,106,edge,1.1000000000e-08
L2,13,31,107,edge,2.2000000000e-08
L2,13,31,108,edge,2.2000000000e-08
L2,13,31,109,edge,4.4000000000e-08
L2,13,31,110,edge,1.1000000000e-08
L2,13,31,111,edge,2.2000000000e-08
L2,13,31,114,edge,3.3000000000e-08
L2,13,31,115,edge,2.2000000000e-08
L2,13,31,119,edge,2.2000000000e-08
L2,13,31,121,edge,1.1000000000e-08
L2,13,31,122,edge,2.2000000000e-08
L2,13,31,123,edge,1.1000000000e-08
L2,13,31,125,edge,2.2000000000e-08
L2,13,31,126,edge,3.3000000000e-08
L2,13,31,127,edge,3.3000000000e-08
L2,13,31,128,edge,4.4000000000e-08
L2,13,31,135,edge,1.1000000000e-08
L2,13,31,137,edge,1.1000000000e-08
L2,13,31,139,edge,3.3000000000e-08
L2,13,31,140,edge,2.2000000000e-08
L2,13,31,141,edge,1.1000000000e-08
L2,13,31,142,edge,2.2000000000e-08
L2,13,39,74,edge,1.1000000000e-08
L2,13,39,94,edge,1.3200000000e-07
L2,13,39,122,edge,1.2100000000e-07
L2,13,39,127,edge,1.1000000000e-08
L2,13,39,128,edge,3.3000000000e-08
L2,13,41,73,edge,1.2100000000e-07
L2,13,41,76,edge,1.2100000000e-07
L2,14,7,90,edge,1.1000000000e-07
L2,14,8,90,edge,1.1000000000e-08
L2,14,30,86,edge,1.2100000000e-07
L2,14,30,92,edge,1.2100000000e-07
L2,14,32,96,edge,1.1000000000e-08
L2,14,32,109,edge,1.1000000000e-08
L2,14,32,121,edge,1.1000000000e-08
L2,14,39,74,edge,1.1000000000e-08
L2,14,39,78,edge,1.1000000000e-08
L2,14,39,86,edge,2.2000000000e-08
L2,14,39,94,edge,1.1000000000e-08
L2,14,39,122,edge,2.2000000000e-08
L2,14,39,127,edge,1.1000000000e-08
L2,14,39,128,edge,3.3000000000e-08
L2,14,41,73,edge,2.2000000000e-08
L2,14,41,122,edge,1.1000000000e-08
L2,14,45,65,edge,1.1000000000e-08
L2,14,45,66,edge,1.1000000000e-08
L2,14,45,90,edge,1.1000000000e-08
L2,14,45,103,edge,3.3000000000e-08
L2,14,45,112,edge,2.2000000000e-08
L2,14,45,121,edge,1.1000000000e-08
L2,14,45,126,edge,1.2100000000e-07
L2,14,45,139,edge,1.1000000000e-08
L2,14,45,141,edge,1.1000000000e-08
L2,15,5,120,edge,1.1000000000e-08
L2,15,6,120,edge,1.1000000000e-08
L2,15,35,66,edge,2.2000000000e-08
L2,15,35,67,edge,1.1000000000e-08
L2,15,35,68,edge,1.1000000000e-08
L2,15,35,72,edge,1.1000000000e-08
L2,15,35,74,edge,1.1000000000e-08
L2,15,35,76,edge,1.1000000000e-08
L2,15,35,78,edge,1.3200000000e-07
L2,15,35,86,edge,3.3000000000e-08
L2,15,35,88,edge,1.1000000000e-08
L2,15,35,91,edge,1.1000000000e-08
L2,15,35,101,edge,1.1000000000e-08
L2,15,35,102,edge,2.2000000000e-08
L2,15,35,103,edge,1.1000000000e-08
L2,15,35,107,edge,1.1000000000e-08
L2,15,35,108,edge,1.1000000000e-08
L2,15,35,109,edge,2.2000000000e-08
L2,15,35,111,edge,1.1000000000e-08
L2,15,35,115,edge,1.1000000000e-08
L2,15,35,119,edge,1.1000000000e-08
L2,15,35,122,edge,1.1000000000e-08
L2,15,35,123,edge,1.1000000000e-08
L2,15,35,126,edge,2.2000000000e-08
L2,15,35,127,edge,1.1000000000e-08
L2,15,35,139,edge,2.2000000000e-08
L2,15,35,141,edge,1.1000000000e-08
L2,15,35,142,edge,1.1000000000e-08
L2,15,40,65,edge,1.1000000000e-08
L2,15,40,73,edge,1.1000000000e-08
L2,15,40,76,edge,1.1000000000e-08
L2,15,40,86,edge,1.1000000000e-08
L2,15,40,90,edge,1.1000000000e-08
L2,15,40,91,edge,1.1000000000e-08
L2,15,40,101,edge,1.1000000000e-08
L2,15,40,103,edge,2.2000000000e-08
L2,15,40,119,edge,1.1000000000e-08
L2,15,40,121,edge,1.1000000000e-08
L2,15,40,122,edge,1.1000000000e-08
L2,15,40,128,edge,2.2000000000e-08
L2,15,40,139,edge,1.1000000000e-08
L2,15,40,140,edge,1.1000000000e-08
L2,15,40,141,edge,1.1000000000e-08
L2,15,44,112,edge,1.1000000000e-08
L2,15,44,126,edge,1.1000000000e-08
L2,15,44,136,edge,1.1000000000e-08
L2,16,5,85,edge,1.1000000000e-08
L2,16,5,126,edge,1.2100000000e-07
L2,16,28,92,edge,1.1000000000e-08
L2,16,34,96,edge,1.1000000000e-08
L2,16,34,120,edge,1.1000000000e-08
L2,16,36,72,edge,1.1000000000e-08
L2,16,36,94,edge,1.1000000000e-08
L2,16,45,91,edge,1.2100000000e-07
L2,16,50,103,edge,1.1000000000e-08
L2,17,4,94,edge,1.2100000000e-07
L2,17,27,92,edge,1.1000000000e-08
L2,17,35,66,edge,1.1000000000e-08
L2,17,35,74,edge,2.2000000000e-08
L2,17,35,75,edge,1.1000000000e-08
L2,17,35,78,edge,1.1000000000e-08
L2,17,35,87,edge,1.1000000000e-08
L2,17,35,94,edge,2.2000000000e-08
L2,17,35,101,edge,1.1000000000e-08
L2,17,35,103,edge,1.1000000000e-08
L2,17,35,105,edge,4.4000000000e-08
L2,17,35,117,edge,1.1000000000e-08
L2,17,35,120,edge,2.2000000000e-08
L2,17,35,121,edge,1.1000000000e-08
L2,17,36,66,edge,1.1000000000e-08
L2,17,36,74,edge,2.2000000000e-08
L2,17,36,75,edge,1.1000000000e-08
L2,17,36,78,edge,1.1000000000e-08
L2,17,36,87,edge,1.1000000000e-08
L2,17,36,94,edge,2.2000000000e-08
L2,17,36,101,edge,1.1000000000e-08
L2,17,36,103,edge,1.1000000000e-08
L2,17,36,105,edge,4.4000000000e-08
L2,17,36,117,edge,1.1000000000e-08
L2,17,36,120,edge,2.2000000000e-08
L2,17,36,121,edge,1.1000000000e-08
L2,17,51,65,edge,1.1000000000e-08
L2,17,51,66,edge,1.1000000000e-08
L2,17,52,66,edge,1.1000000000e-08
L2,18,27,143,edge,1.2100000000e-07
L2,18,35,78,edge,1.1000000000e-08
L2,18,35,94,edge,1.2100000000e-07
L2,18,37,72,edge,1.1000000000e-08
L2,18,46,86,edge,1.1000000000e-08
L2,18,46,94,edge,1.1000000000e-08
L2,18,46,120,edge,1.1000000000e-08
L2,18,46,122,edge,2.2000000000e-08
L2,18,46,128,edge,1.1000000000e-08
L2,18,46,136,edge,1.1000000000e-08
L2,18,47,86,edge,1.1000000000e-08
L2,18,47,94,edge,1.1000000000e-08
L2,18,47,120,edge,1.1000000000e-08
L2,18,47,122,edge,2.2000000000e-08
L2,18,47,128,edge,1.1000000000e-08
L2,18,47,136,edge,1.1000000000e-08
L2,18,49,139,edge,1.1000000000e-08
L2,18,53,65,edge,1.2100000000e-07
L2,19,3,112,edge,1.2100000000e-07
L2,19,26,66,edge,1.1000000000e-08
L2,19,26,69,edge,1.2100000000e-07
L2,19,26,75,edge,1.1000000000e-08
L2,19,26,91,edge,1.1000000000e-08
L2,19,26,92,edge,1.1000000000e-08
L2,19,26,95,edge,1.1000000000e-08
L2,19,26,96,edge,1.1000000000e-08
L2,19,26,101,edge,1.1000000000e-08
L2,19,26,102,edge,1.1000000000e-08
L2,19,26,106,edge,1.1000000000e-08
L2,19,26,107,edge,1.1000000000e-08
L2,19,26,108,edge,1.1000000000e-08
L2,19,26,109,edge,1.1000000000e-08
L2,19,26,114,edge,2.2000000000e-08
L2,19,26,116,edge,1.1000000000e-08
L2,19,26,122,edge,1.1000000000e-08
L2,19,26,123,edge,1.1000000000e-08
L2,19,26,142,edge,1.2100000000e-07
L2,19,26,143,edge,3.3000000000e-08
L2,19,34,71,edge,7.7000000000e-08
L2,19,34,96,edge,1.1000000000e-08
L2,19,34,101,edge,1.1000000000e-08
L2,19,34,120,edge,1.1000000000e-08
L2,19,36,72,edge,1.2100000000e-07
L2,19,36,72,fall,1.2100000000e-07
L2,19,41,67,edge,1.1000000000e-08
L2,19,41,71,edge,1.1000000000e-08
L2,19,41,72,edge,2.2000000000e-08
L2,19,41,74,edge,3.3000000000e-08
L2,19,41,77,edge,1.1000000000e-08
L2,19,41,78,edge,1.1000000000e-08
L2,19,41,85,edge,3.3000000000e-08
L2,19,41,86,edge,1.1000000000e-08
L2,19,41,87,edge,1.1000000000e-08
L2,19,41,89,edge,1.1000000000e-08
L2,19,41,92,edge,1.1000000000e-08
L2,19,41,94,edge,1.1000000000e-08
L2,19,41,95,edge,1.1000000000e-08
L2,19,41,102,edge,2.2000000000e-08
L2,19,41,103,edge,1.1000000000e-08
L2,19,41,105,edge,1.1000000000e-08
L2,19,41,107,edge,1.1000000000e-08
L2,19,41,108,edge,1.1000000000e-08
L2,19,41,109,edge,2.2000000000e-08
L2,19,41,111,edge,1.1000000000e-08
L2,19,41,115,edge,1.1000000000e-08
L2,19,41,117,edge,1.1000000000e-08
L2,19,41,120,edge,2.2000000000e-08
L2,19,41,121,edge,1.1000000000e-08
L2,19,41,123,edge,1.1000000000e-08
L2,19,41,125,edge,1.1000000000e-08
L2,19,41,126,edge,5.5000000000e-08
L2,19,41,127,edge,3.3000000000e-08
L2,19,41,128,edge,2.2000000000e-08
L2,19,41,139,edge,1.1000000000e-08
L2,19,41,142,edge,1.1000000000e-08
L2,19,45,76,edge,1.1000000000e-08
L2,19,45,86,edge,2.2000000000e-08
L2,19,45,90,edge,1.1000000000e-08
L2,19,45,91,edge,1.1000000000e-08
L2,19,45,111,edge,1.1000000000e-08
L2,19,45,116,edge,1.1000000000e-08
L2,19,45,119,edge,1.1000000000e-08
L2,19,45,120,edge,1.1000000000e-08
L2,19,45,128,edge,1.3200000000e-07
L2,19,45,139,edge,1.1000000000e-08
L2,19,47,69,edge,1.1000000000e-08
L2,19,47,94,edge,1.1000000000e-08
L2,19,47,120,edge,1.1000000000e-08
L2,19,47,122,edge,2.2000000000e-08
L2,19,47,128,edge,1.1000000000e-08
L2,19,47,136,edge,1.1000000000e-08
L2,19,48,78,edge,1.2100000000e-07
L2,19,48,94,edge,1.1000000000e-08
L2,19,48,105,edge,1.1000000000e-08
L2,19,48,122,edge,2.2000000000e-08
L2,19,48,125,edge,1.2100000000e-07
L2,19,48,128,edge,2.2000000000e-08
L2,19,48,136,edge,1.2100000000e-07
L2,19,50,70,edge,1.2100000000e-07
L2,19,50,94,edge,1.1000000000e-08
L2,19,50,105,edge,2.2000000000e-08
L2,19,50,126,edge,1.1000000000e-08
L2,19,50,128,edge,1.2100000000e-07
L2,19,54,94,edge,1.1000000000e-08
L2,19,54,105,edge,1.2100000000e-07
L2,20,25,65,edge,2.2000000000e-08
L2,20,25,67,edge,4.4000000000e-08
L2,20,25,68,edge,1.1000000000e-08
L2,20,25,69,edge,2.2000000000e-08
L2,20,25,70,edge,2.2000000000e-08
L2,20,25,72,edge,2.2000000000e-08
L2,20,25,73,edge,3.3000000000e-08
L2,20,25,74,edge,1.1000000000e-08
L2,20,25,75,edge,2.2000000000e-08
L2,20,25,76,edge,1.1000000000e-08
L2,20,25,77,edge,3.3000000000e-08
L2,20,25,78,edge,4.4000000000e-08
L2,20,25,85,edge,1.1000000000e-08
L2,20,25,87,edge,3.3000000000e-08
L2,20,25,88,edge,3.3000000000e-08
L2,20,25,89,edge,1.1000000000e-08
L2,20,25,91,edge,1.1000000000e-08
L2,20,25,93,edge,4.4000000000e-08
L2,20,25,94,edge,1.1000000000e-08
L2,20,25,96,edge,3.3000000000e-08
L2,20,25,101,edge,1.1000000000e-08
L2,20,25,102,edge,1.1000000000e-08
L2,20,25,103,edge,1.1000000000e-08
L2,20,25,104,edge,4.4000000000e-08
L2,20,25,105,edge,2.2000000000e-08
L2,20,25,107,edge,2.2000000000e-08
L2,20,25,108,edge,2.2000000000e-08
L2,20,25,110,edge,1.1000000000e-08
L2,20,25,111,edge,2.2000000000e-08
L2,20,25,112,edge,4.4000000000e-08
L2,20,25,113,edge,2.2000000000e-08
L2,20,25,115,edge,3.3000000000e-08
L2,20,25,116,edge,2.2000000000e-08
L2,20,25,117,edge,2.2000000000e-08
L2,20,25,118,edge,1.1000000000e-08
L2,20,25,119,edge,1.1000000000e-08
L2,20,25,120,edge,2.2000000000e-08
L2,20,25,121,edge,1.1000000000e-08
L2,20,25,123,edge,4.4000000000e-08
L2,20,25,124,edge,3.3000000000e-08
L2,20,25,125,edge,1.1000000000e-08
L2,20,25,126,edge,1.1000000000e-08
L2,20,25,127,edge,2.2000000000e-08
L2,20,25,135,edge,1.1000000000e-08
L2,20,25,136,edge,1.1000000000e-08
L2,20,25,137,edge,2.2000000000e-08
L2,20,25,138,edge,1.1000000000e-08
L2,20,25,140,edge,1.1000000000e-08
L2,20,25,141,edge,1.1000000000e-08
L2,20,25,142,edge,3.3000000000e-08
L2,20,25,143,edge,2.2000000000e-08
L2,20,26,65,edge,2.2000000000e-08
L2,20,26,66,edge,2.2000000000e-08
L2,20,26,67,edge,6.6000000000e-08
L2,20,26,68,edge,1.1000000000e-08
L2,20,26,69,edge,4.4000000000e-08
L2,20,26,70,edge,2.2000000000e-08
L2,20,26,71,edge,2.2000000000e-08
L2,20,26,72,edge,5.5000000000e-08
L2,20,26,73,edge,3.3000000000e-08
L2,20,26,74,edge,3.3000000000e-08
L2,20,26,75,edge,3.3000000000e-08
L2,20,26,76,edge,1.1000000000e-08
L2,20,26,77,edge,3.3000000000e-08
L2,20,26,78,edge,6.6000000000e-08
L2,20,26,85,edge,1.1000000000e-08
L2,20,26,86,edge,1.1000000000e-08
L2,20,26,87,edge,5.5000000000e-08
L2,20,26,88,edge,5.5000000000e-08
L2,20,26,89,edge,1.1000000000e-08
L2,20,26,90,edge,1.1000000000e-08
L2,20,26,91,edge,1.1000000000e-08
L2,20,26,92,edge,1.3200000000e-07
L2,20,26,93,edge,7.7000000000e-08
L2,20,26,94,edge,1.1000000000e-08
L2,20,26,95,edge,2.2000000000e-08
L2,20,26,96,edge,4.4000000000e-08
L2,20,26,101,edge,2.2000000000e-08
L2,20,26,102,edge,2.2000000000e-08
L2,20,26,103,edge,1.1000000000e-08
L2,20,26,104,edge,5.5000000000e-08
L2,20,26,105,edge,2.2000000000e-08
L2,20,26,106,edge,1.1000000000e-08
L2,20,26,107,edge,3.3000000000e-08
L2,20,26,108,edge,3.3000000000e-08
L2,20,26,109,edge,2.2000000000e-08
L2,20,26,110,edge,1.1000000000e-08
L2,20,26,111,edge,2.2000000000e-08
L2,20,26,112,edge,4.4000000000e-08
L2,20,26,113,edge,2.2000000000e-08
L2,20,26,114,edge,2.2000000000e-08
L2,20,26,115,edge,3.3000000000e-08
L2,20,26,116,edge,1.5400000000e-07
L2,20,26,117,edge,2.2000000000e-08
L2,20,26,118,edge,4.4000000000e-08
L2,20,26,119,edge,1.1000000000e-08
L2,20,26,120,edge,2.2000000000e-08
L2,20,26,121,edge,1.1000000000e-08
L2,20,26,122,edge,1.1000000000e-08
L2,20,26,123,edge,5.5000000000e-08
L2,20,26,124,edge,5.5000000000e-08
L2,20,26,125,edge,2.2000000000e-08
L2,20,26,126,edge,2.2000000000e-08
L2,20,26,127,edge,3.3000000000e-08
L2,20,26,135,edge,1.1000000000e-08
L2,20,26,136,edge,2.2000000000e-08
L2,20,26,137,edge,2.2000000000e-08
L2,20,26,138,edge,3.3000000000e-08
L2,20,26,139,edge,1.1000000000e-08
L2,20,26,140,edge,1.1000000000e-08
L2,20,26,141,edge,2.2000000000e-08
L2,20,26,142,edge,2.2000000000e-08
L2,20,26,143,edge,5.5000000000e-08
L2,20,34,120,edge,1.2100000000e-07
L2,20,34,120,fall,1.2100000000e-07
L2,20,37,72,edge,1.1000000000e-08
L2,20,37,72,fall,1.1000000000e-08
L2,20,37,126,edge,1.2100000000e-07
L2,20,37,126,fall,1.2100000000e-07
L2,20,38,92,edge,1.1000000000e-08
L2,20,38,92,fall,1.1000000000e-08
L2,20,38,126,edge,1.1000000000e-08
L2,20,38,126,fall,1.1000000000e-08
L2,20,40,89,edge,1.1000000000e-08
L2,20,40,126,edge,1.1000000000e-08
L2,20,46,95,edge,1.1000000000e-08
L2,20,46,105,edge,2.2000000000e-08
L2,20,46,106,edge,1.1000000000e-08
L2,20,46,111,edge,1.1000000000e-08
L2,20,46,123,edge,1.1000000000e-08
L2,20,46,126,edge,1.1000000000e-08
L2,20,46,127,edge,1.1000000000e-08
L2,20,46,128,edge,1.1000000000e-08
L2,20,46,142,edge,1.1000000000e-08
L2,20,51,65,edge,1.1000000000e-08
L2,20,51,70,edge,1.1000000000e-08
L2,20,51,90,edge,1.1000000000e-08
L2,20,51,103,edge,2.2000000000e-08
L2,20,51,114,edge,1.1000000000e-08
L2,20,51,121,edge,1.1000000000e-08
L2,20,51,125,edge,1.1000000000e-08
L2,20,51,136,edge,1.1000000000e-08
L2,20,52,66,edge,1.1000000000e-08
L2,20,52,127,edge,1.1000000000e-08
L2,20,55,68,edge,1.1000000000e-08
L2,21,26,65,edge,2.2000000000e-08
L2,21,26,66,edge,1.1000000000e-08
L2,21,26,67,edge,6.6000000000e-08
L2,21,26,68,edge,1.1000000000e-08
L2,21,26,69,edge,4.4000000000e-08
L2,21,26,70,edge,2.2000000000e-08
L2,21,26,71,edge,2.2000000000e-08
L2,21,26,72,edge,5.5000000000e-08
L2,21,26,73,edge,3.3000000000e-08
L2,21,26,74,edge,3.3000000000e-08
L2,21,26,75,edge,3.3000000000e-08
L2,21,26,76,edge,1.1000000000e-08
L2,21,26,77,edge,3.3000000000e-08
L2,21,26,78,edge,6.6000000000e-08
L2,21,26,85,edge,1.1000000000e-08
L2,21,26,86,edge,1.1000000000e-08
L2,21,26,87,edge,5.5000000000e-08
L2,21,26,88,edge,5.5000000000e-08
L2,21,26,89,edge,1.1000000000e-08
L2,21,26,90,edge,1.1000000000e-08
L2,21,26,91,edge,1.1000000000e-08
L2,21,26,92,edge,3.3000000000e-08
L2,21,26,93,edge,7.7000000000e-08
L2,21,26,94,edge,1.1000000000e-08
L2,21,26,95,edge,2.2000000000e-08
L2,21,26,96,edge,4.4000000000e-08
L2,21,26,101,edge,2.2000000000e-08
L2,21,26,102,edge,2.2000000000e-08
L2,21,26,103,edge,1.1000000000e-08
L2,21,26,104,edge,4.4000000000e-08
L2,21,26,105,edge,2.2000000000e-08
L2,21,26,106,edge,1.1000000000e-08
L2,21,26,107,edge,3.3000000000e-08
L2,21,26,108,edge,3.3000000000e-08
L2,21,26,109,edge,2.2000000000e-08
L2,21,26,110,edge,1.1000000000e-08
L2,21,26,111,edge,2.2000000000e-08
L2,21,26,112,edge,4.4000000000e-08
L2,21,26,113,edge,2.2000000000e-08
L2,21,26,114,edge,2.2000000000e-08
L2,21,26,115,edge,3.3000000000e-08
L2,21,26,116,edge,5.5000000000e-08
L2,21,26,117,edge,2.2000000000e-08
L2,21,26,118,edge,4.4000000000e-08
L2,21,26,119,edge,1.1000000000e-08
L2,21,26,120,edge,2.2000000000e-08
L2,21,26,121,edge,1.1000000000e-08
L2,21,26,122,edge,1.1000000000e-08
L2,21,26,123,edge,5.5000000000e-08
L2,21,26,124,edge,5.5000000000e-08
L2,21,26,125,edge,2.2000000000e-08
L2,21,26,126,edge,2.2000000000e-08
L2,21,26,127,edge,3.3000000000e-08
L2,21,26,135,edge,1.1000000000e-08
L2,21,26,136,edge,2.2000000000e-08
L2,21,26,137,edge,2.2000000000e-08
L2,21,26,138,edge,3.3000000000e-08
L2,21,26,139,edge,1.1000000000e-08
L2,21,26,140,edge,1.1000000000e-08
L2,21,26,141,edge,2.2000000000e-08
L2,21,26,142,edge,2.2000000000e-08
L2,21,26,143,edge,5.5000000000e-08
L2,21,32,71,edge,1.1000000000e-08
L2,21,32,87,edge,2.2000000000e-08
L2,21,32,88,edge,2.2000000000e-08
L2,21,32,96,edge,2.2000000000e-08
L2,21,32,101,edge,2.2000000000e-08
L2,21,32,117,edge,1.1000000000e-08
L2,21,32,120,edge,1.1000000000e-08
L2,21,32,121,edge,2.2000000000e-08
L2,21,32,124,edge,1.1000000000e-08
L2,21,32,126,edge,1.1000000000e-08
L2,21,33,124,edge,1.1000000000e-08
L2,21,33,124,fall,1.1000000000e-08
L2,21,39,126,edge,1.1000000000e-08
L2,21,39,126,fall,1.1000000000e-08
L2,21,40,89,edge,1.1000000000e-08
L2,21,43,66,edge,1.1000000000e-08
L2,21,43,69,edge,1.1000000000e-08
L2,21,43,73,edge,1.1000000000e-08
L2,21,43,77,edge,1.1000000000e-08
L2,21,43,85,edge,2.2000000000e-08
L2,21,43,88,edge,1.1000000000e-08
L2,21,43,92,edge,1.1000000000e-08
L2,21,43,103,edge,1.1000000000e-08
L2,21,43,105,edge,1.1000000000e-08
L2,21,43,109,edge,1.1000000000e-08
L2,21,43,112,edge,1.1000000000e-08
L2,21,43,120,edge,1.1000000000e-08
L2,21,43,123,edge,1.1000000000e-08
L2,21,43,125,edge,1.1000000000e-08
L2,21,43,126,edge,1.1000000000e-08
L2,21,43,127,edge,1.1000000000e-08
L2,21,43,135,edge,1.1000000000e-08
L2,21,48,70,edge,1.1000000000e-08
L2,21,48,78,edge,1.1000000000e-08
L2,21,48,119,edge,2.2000000000e-08
L2,21,48,120,edge,1.1000000000e-08
L2,21,48,125,edge,1.1000000000e-08
L2,21,48,136,edge,1.1000000000e-08
L2,21,48,139,edge,1.1000000000e-08
L2,21,50,65,edge,1.2100000000e-07
L2,21,51,65,edge,1.1000000000e-08
L2,21,51,70,edge,1.1000000000e-08
L2,21,51,90,edge,1.1000000000e-08
L2,21,51,103,edge,2.2000000000e-08
L2,21,51,114,edge,1.1000000000e-08
L2,21,51,121,edge,1.1000000000e-08
L2,21,51,125,edge,1.1000000000e-08
L2,21,51,136,edge,1.1000000000e-08
L2,21,56,121,edge,1.2100000000e-07
L2,22,23,92,edge,1.2100000000e-07
L2,22,30,108,edge,8.8000000000e-08
L2,22,33,124,edge,1.1000000000e-08
L2,22,33,124,fall,1.1000000000e-08
L2,22,42,78,edge,1.1000000000e-08
L2,22,42,85,edge,1.1000000000e-08
L2,22,42,112,edge,2.2000000000e-08
L2,22,42,126,edge,2.2000000000e-08
L2,22,43,78,edge,1.1000000000e-08
L2,22,43,85,edge,1.1000000000e-08
L2,22,43,112,edge,2.2000000000e-08
L2,22,43,123,edge,1.1000000000e-08
L2,22,43,126,edge,2.2000000000e-08
L2,22,49,75,edge,1.1000000000e-08
L2,22,49,86,edge,1.1000000000e-08
L2,22,49,89,edge,1.1000000000e-08
L2,22,49,91,edge,1.1000000000e-08
L2,22,49,94,edge,1.1000000000e-08
L2,22,49,95,edge,1.1000000000e-08
L2,22,49,117,edge,1.1000000000e-08
L2,22,49,126,edge,1.1000000000e-08
L2,22,49,127,edge,1.1000000000e-08
L2,22,49,137,edge,1.1000000000e-08
L2,22,52,117,edge,1.1000000000e-08
L2,22,54,140,edge,1.2100000000e-07
L2,23,22,89,edge,1.2100000000e-07
L2,23,26,113,edge,1.1000000000e-08
L2,23,28,65,edge,1.1000000000e-08
L2,23,28,66,edge,1.1000000000e-08
L2,23,28,67,edge,2.2000000000e-08
L2,23,28,69,edge,2.2000000000e-08
L2,23,28,70,edge,1.1000000000e-08
L2,23,28,71,edge,1.1000000000e-08
L2,23,28,72,edge,1.1000000000e-08
L2,23,28,73,edge,2.2000000000e-08
L2,23,28,74,edge,2.2000000000e-08
L2,23,28,77,edge,1.1000000000e-08
L2,23,28,78,edge,2.2000000000e-08
L2,23,28,87,edge,1.1000000000e-08
L2,23,28,88,edge,3.3000000000e-08
L2,23,28,89,edge,1.1000000000e-08
L2,23,28,90,edge,1.1000000000e-08
L2,23,28,92,edge,1.1000000000e-08
L2,23,28,93,edge,4.4000000000e-08
L2,23,28,95,edge,1.1000000000e-08
L2,23,28,96,edge,3.3000000000e-08
L2,23,28,101,edge,2.2000000000e-08
L2,23,28,102,edge,1.1000000000e-08
L2,23,28,105,edge,1.1000000000e-08
L2,23,28,107,edge,1.1000000000e-08
L2,23,28,108,edge,2.2000000000e-08
L2,23,28,111,edge,1.1000000000e-08
L2,23,28,112,edge,3.3000000000e-08
L2,23,28,113,edge,2.2000000000e-08
L2,23,28,114,edge,2.2000000000e-08
L2,23,28,115,edge,1.1000000000e-08
L2,23,28,116,edge,2.2000000000e-08
L2,23,28,117,edge,1.1000000000e-08
L2,23,28,118,edge,1.1000000000e-08
L2,23,28,120,edge,1.1000000000e-08
L2,23,28,122,edge,1.1000000000e-08
L2,23,28,123,edge,1.1000000000e-08
L2,23,28,124,edge,3.3000000000e-08
L2,23,28,126,edge,1.1000000000e-08
L2,23,28,127,edge,1.1000000000e-08
L2,23,28,136,edge,1.1000000000e-08
L2,23,28,137,edge,2.2000000000e-08
L2,23,28,142,edge,1.1000000000e-08
L2,23,28,143,edge,3.3000000000e-08
L2,23,33,124,edge,1.1000000000e-08
L2,23,34,69,edge,3.3000000000e-08
L2,23,34,69,fall,3.3000000000e-08
L2,23,34,95,edge,1.3200000000e-07
L2,23,34,95,fall,1.3200000000e-07
L2,23,34,124,edge,1.1000000000e-08
L2,23,34,124,fall,1.1000000000e-08
L2,23,44,69,edge,1.1000000000e-08
L2,23,44,72,edge,1.1000000000e-08
L2,23,44,74,edge,1.1000000000e-08
L2,23,44,77,edge,2.2000000000e-08
L2,23,44,78,edge,1.1000000000e-08
L2,23,44,85,edge,2.2000000000e-08
L2,23,44,88,edge,1.1000000000e-08
L2,23,44,105,edge,1.1000000000e-08
L2,23,44,106,edge,1.1000000000e-08
L2,23,44,120,edge,1.1000000000e-08
L2,23,44,125,edge,1.1000000000e-08
L2,23,44,135,edge,1.1000000000e-08
L2,23,55,68,edge,1.1000000000e-08
L2,23,55,78,edge,1.1000000000e-08
L2,23,55,104,edge,1.1000000000e-08
L2,23,55,122,edge,1.1000000000e-08
L2,23,55,126,edge,1.1000000000e-08
L2,23,55,140,edge,1.1000000000e-08
L2,23,55,141,edge,1.1000000000e-08
L2,23,55,143,edge,1.1000000000e-08
L2,23,58,87,edge,1.1000000000e-08
L2,23,58,127,edge,1.1000000000e-08
L2,23,58,136,edge,1.1000000000e-08
L2,24,21,68,edge,1.2100000000e-07
L2,24,21,73,edge,1.1000000000e-08
L2,24,21,78,edge,1.1000000000e-08
L2,24,25,66,edge,1.2100000000e-07
L2,24,27,78,edge,1.2100000000e-07
L2,24,27,88,edge,1.1000000000e-08
L2,24,27,102,edge,1.1000000000e-08
L2,24,32,71,edge,1.1000000000e-08
L2,24,32,87,edge,1.1000000000e-08
L2,24,32,88,edge,1.1000000000e-08
L2,24,32,96,edge,1.1000000000e-08
L2,24,32,101,edge,2.2000000000e-08
L2,24,32,109,edge,2.2000000000e-08
L2,24,32,117,edge,1.1000000000e-08
L2,24,32,121,edge,2.2000000000e-08
L2,24,32,124,edge,1.1000000000e-08
L2,24,32,126,edge,1.1000000000e-08
L2,24,34,69,edge,1.1000000000e-08
L2,24,34,95,edge,3.3000000000e-08
L2,24,34,124,edge,1.1000000000e-08
L2,24,35,69,edge,1.1000000000e-08
L2,24,35,69,fall,1.1000000000e-08
L2,24,35,95,edge,3.3000000000e-08
L2,24,35,95,fall,3.3000000000e-08
L2,24,35,124,edge,1.1000000000e-08
L2,24,35,124,fall,1.1000000000e-08
L2,24,42,125,edge,1.1000000000e-08
L2,24,44,66,edge,1.1000000000e-08
L2,24,44,72,edge,1.1000000000e-08
L2,24,44,74,edge,1.1000000000e-08
L2,24,44,77,edge,2.2000000000e-08
L2,24,54,65,edge,1.1000000000e-08
L2,24,54,75,edge,1.1000000000e-08
L2,24,54,86,edge,1.1000000000e-08
L2,24,54,95,edge,1.1000000000e-08
L2,24,54,122,edge,1.1000000000e-08
L2,24,54,125,edge,1.1000000000e-08
L2,24,54,127,edge,1.1000000000e-08
L2,24,54,141,edge,1.1000000000e-08
L2,25,25,66,edge,2.2000000000e-08
L2,25,26,66,edge,2.2000000000e-08
L2,25,26,120,edge,1.2100000000e-07
L2,25,29,65,edge,1.1000000000e-08
L2,25,29,66,edge,2.2000000000e-08
L2,25,29,68,edge,1.1000000000e-08
L2,25,29,69,edge,1.1000000000e-08
L2,25,29,70,edge,1.1000000000e-08
L2,25,29,72,edge,1.1000000000e-08
L2,25,29,75,edge,1.1000000000e-08
L2,25,29,78,edge,3.3000000000e-08
L2,25,29,85,edge,1.1000000000e-08
L2,25,29,87,edge,2.2000000000e-08
L2,25,29,89,edge,1.1000000000e-08
L2,25,29,91,edge,1.1000000000e-08
L2,25,29,92,edge,1.1000000000e-08
L2,25,29,93,edge,1.1000000000e-08
L2,25,29,96,edge,2.2000000000e-08
L2,25,29,102,edge,1.1000000000e-08
L2,25,29,104,edge,1.1000000000e-08
L2,25,29,108,edge,1.1000000000e-08
L2,25,29,109,edge,1.1000000000e-08
L2,25,29,110,edge,1.1000000000e-08
L2,25,29,112,edge,1.1000000000e-08
L2,25,29,113,edge,1.1000000000e-08
L2,25,29,116,edge,1.1000000000e-08
L2,25,29,118,edge,2.2000000000e-08
L2,25,29,120,edge,1.1000000000e-08
L2,25,29,122,edge,1.1000000000e-08
L2,25,29,123,edge,1.1000000000e-08
L2,25,29,124,edge,2.2000000000e-08
L2,25,29,135,edge,1.1000000000e-08
L2,25,29,136,edge,1.1000000000e-08
L2,25,29,142,edge,1.1000000000e-08
L2,25,33,87,edge,1.2100000000e-07
L2,25,35,69,edge,1.1000000000e-08
L2,25,35,95,edge,3.3000000000e-08
L2,25,35,124,edge,1.1000000000e-08
L2,25,36,85,edge,1.1000000000e-08
L2,25,36,112,edge,1.2100000000e-07
L2,25,39,74,edge,1.1000000000e-08
L2,25,39,112,edge,2.2000000000e-08
L2,25,39,126,edge,1.1000000000e-08
L2,25,43,66,edge,1.1000000000e-08
L2,25,43,74,edge,1.1000000000e-08
L2,25,43,77,edge,1.5400000000e-07
L2,25,43,88,edge,1.1000000000e-08
L2,25,43,91,edge,1.1000000000e-08
L2,25,43,94,edge,1.1000000000e-08
L2,25,43,102,edge,1.1000000000e-08
L2,25,43,106,edge,1.1000000000e-08
L2,25,43,110,edge,1.1000000000e-08
L2,25,43,112,edge,1.1000000000e-08
L2,25,43,113,edge,1.1000000000e-08
L2,25,43,116,edge,2.2000000000e-08
L2,25,43,120,edge,1.1000000000e-08
L2,25,43,122,edge,1.1000000000e-08
L2,25,43,123,edge,1.1000000000e-08
L2,25,43,125,edge,1.1000000000e-08
L2,25,43,126,edge,1.1000000000e-08
L2,25,43,138,edge,1.1000000000e-08
L2,25,48,66,edge,1.1000000000e-08
L2,25,48,74,edge,1.1000000000e-08
L2,25,48,88,edge,1.1000000000e-08
L2,25,48,93,edge,2.2000000000e-08
L2,25,48,102,edge,1.1000000000e-08
L2,25,48,107,edge,1.1000000000e-08
L2,25,48,110,edge,1.1000000000e-08
L2,25,48,112,edge,1.1000000000e-08
L2,25,48,113,edge,1.1000000000e-08
L2,25,48,116,edge,2.2000000000e-08
L2,25,48,120,edge,1.1000000000e-08
L2,25,48,122,edge,1.1000000000e-08
L2,25,48,123,edge,1.1000000000e-08
L2,25,48,126,edge,1.1000000000e-08
L2,25,48,128,edge,1.1000000000e-08
L2,25,48,138,edge,1.1000000000e-08
L2,25,58,65,edge,1.1000000000e-08
L2,25,58,75,edge,1.1000000000e-08
L2,25,58,88,edge,1.1000000000e-08
L2,25,58,95,edge,1.1000000000e-08
L2,25,58,113,edge,2.2000000000e-08
L2,25,58,115,edge,1.1000000000e-08
L2,25,58,118,edge,1.1000000000e-08
L2,25,58,120,edge,1.1000000000e-08
L2,25,58,123,edge,1.1000000000e-08
L2,25,58,125,edge,1.1000000000e-08
L2,25,58,127,edge,1.1000000000e-08
L2,25,61,123,edge,1.2100000000e-07
L2,26,26,102,edge,1.2100000000e-07
L2,26,28,88,edge,1.2100000000e-07
L2,26,28,96,edge,1.2100000000e-07
L2,26,28,122,edge,2.2000000000e-08
L2,26,34,65,edge,1.1000000000e-08
L2,26,34,66,edge,2.2000000000e-08
L2,26,34,67,edge,1.1000000000e-08
L2,26,34,69,edge,3.3000000000e-08
L2,26,34,71,edge,1.1000000000e-08
L2,26,34,74,edge,1.1000000000e-08
L2,26,34,77,edge,2.2000000000e-08
L2,26,34,78,edge,2.2000000000e-08
L2,26,34,85,edge,1.1000000000e-08
L2,26,34,87,edge,3.3000000000e-08
L2,26,34,88,edge,1.1000000000e-08
L2,26,34,89,edge,1.1000000000e-08
L2,26,34,91,edge,1.1000000000e-08
L2,26,34,92,edge,1.1000000000e-08
L2,26,34,93,edge,3.3000000000e-08
L2,26,34,95,edge,1.1000000000e-08
L2,26,34,96,edge,2.2000000000e-08
L2,26,34,101,edge,2.2000000000e-08
L2,26,34,102,edge,1.1000000000e-08
L2,26,34,104,edge,2.2000000000e-08
L2,26,34,106,edge,1.1000000000e-08
L2,26,34,107,edge,1.1000000000e-08
L2,26,34,109,edge,1.1000000000e-08
L2,26,34,112,edge,2.2000000000e-08
L2,26,34,113,edge,2.2000000000e-08
L2,26,34,116,edge,3.3000000000e-08
L2,26,34,117,edge,1.1000000000e-08
L2,26,34,118,edge,1.1000000000e-08
L2,26,34,120,edge,1.1000000000e-08
L2,26,34,123,edge,2.2000000000e-08
L2,26,34,125,edge,1.1000000000e-08
L2,26,34,126,edge,1.1000000000e-08
L2,26,34,137,edge,2.2000000000e-08
L2,26,34,138,edge,2.2000000000e-08
L2,26,34,140,edge,1.1000000000e-08
L2,26,34,141,edge,2.2000000000e-08
L2,26,34,142,edge,1.1000000000e-08
L2,26,34,143,edge,1.1000000000e-08
L2,26,37,66,edge,1.1000000000e-08
L2,26,37,69,edge,1.1000000000e-08
L2,26,37,77,edge,3.3000000000e-08
L2,26,37,78,edge,1.1000000000e-08
L2,26,37,85,edge,1.1000000000e-08
L2,26,37,87,edge,1.1000000000e-08
L2,26,37,88,edge,1.1000000000e-08
L2,26,37,93,edge,2.2000000000e-08
L2,26,37,95,edge,2.2000000000e-08
L2,26,37,102,edge,1.1000000000e-08
L2,26,37,106,edge,1.1000000000e-08
L2,26,37,109,edge,1.1000000000e-08
L2,26,37,112,edge,2.2000000000e-08
L2,26,37,113,edge,1.1000000000e-08
L2,26,37,116,edge,2.2000000000e-08
L2,26,37,120,edge,1.1000000000e-08
L2,26,37,123,edge,2.2000000000e-08
L2,26,37,138,edge,1.1000000000e-08
L2,26,38,66,edge,1.1000000000e-08
L2,26,38,77,edge,2.2000000000e-08
L2,26,38,78,edge,1.1000000000e-08
L2,26,38,85,edge,1.1000000000e-08
L2,26,38,88,edge,1.1000000000e-08
L2,26,38,93,edge,2.2000000000e-08
L2,26,38,102,edge,1.1000000000e-08
L2,26,38,106,edge,1.1000000000e-08
L2,26,38,112,edge,2.2000000000e-08
L2,26,38,113,edge,1.1000000000e-08
L2,26,38,116,edge,2.2000000000e-08
L2,26,38,120,edge,1.1000000000e-08
L2,26,38,123,edge,2.2000000000e-08
L2,26,38,138,edge,1.1000000000e-08
L2,26,44,72,edge,1.2100000000e-07
L2,26,44,72,fall,1.2100000000e-07
L2,26,44,110,edge,1.1000000000e-08
L2,26,44,110,fall,1.1000000000e-08
L2,26,45,72,edge,1.1000000000e-08
L2,26,45,74,edge,1.1000000000e-08
L2,26,45,77,edge,1.1000000000e-08
L2,26,45,91,edge,1.1000000000e-08
L2,26,45,94,edge,1.1000000000e-08
L2,26,45,110,edge,1.1000000000e-08
L2,26,45,125,edge,1.1000000000e-08
L2,26,45,126,edge,1.1000000000e-08
L2,26,47,65,edge,1.1000000000e-08
L2,26,47,66,edge,1.1000000000e-08
L2,26,47,67,edge,1.1000000000e-08
L2,26,47,68,edge,1.1000000000e-08
L2,26,47,69,edge,1.1000000000e-08
L2,26,47,70,edge,3.3000000000e-08
L2,26,47,71,edge,1.1000000000e-08
L2,26,47,73,edge,1.1000000000e-08
L2,26,47,88,edge,1.1000000000e-08
L2,26,47,94,edge,1.1000000000e-08
L2,26,47,95,edge,1.1000000000e-08
L2,26,47,101,edge,1.1000000000e-08
L2,26,47,105,edge,1.1000000000e-08
L2,26,47,106,edge,2.2000000000e-08
L2,26,47,115,edge,1.1000000000e-08
L2,26,47,116,edge,1.1000000000e-08
L2,26,47,120,edge,1.1000000000e-08
L2,26,47,122,edge,1.1000000000e-08
L2,26,47,123,edge,2.2000000000e-08
L2,26,47,125,edge,1.1000000000e-08
L2,26,47,126,edge,1.1000000000e-08
L2,26,47,128,edge,1.1000000000e-08
L2,26,49,68,edge,2.2000000000e-08
L2,26,49,85,edge,1.1000000000e-08
L2,26,49,103,edge,1.1000000000e-08
L2,26,49,106,edge,1.1000000000e-08
L2,26,49,112,edge,1.1000000000e-08
L2,26,49,119,edge,1.1000000000e-08
L2,26,49,127,edge,1.1000000000e-08
L2,26,49,128,edge,1.1000000000e-08
L2,26,49,139,edge,1.1000000000e-08
L2,26,57,66,edge,1.1000000000e-08
L2,26,57,95,edge,1.1000000000e-08
L2,26,57,120,edge,1.1000000000e-08
L2,26,57,124,edge,1.1000000000e-08
L2,26,57,126,edge,1.1000000000e-08
L2,26,57,143,edge,1.1000000000e-08
L2,26,59,85,edge,1.1000000000e-08
L2,26,62,115,edge,1.2100000000e-07
L2,27,18,75,edge,1.1000000000e-08
L2,27,18,105,edge,2.2000000000e-08
L2,27,18,124,edge,1.2100000000e-07
L2,27,28,122,edge,1.2100000000e-07
L2,27,31,103,edge,1.1000000000e-08
L2,27,46,65,edge,1.1000000000e-08
L2,27,46,68,edge,1.1000000000e-08
L2,27,46,72,edge,1.1000000000e-08
L2,27,46,73,edge,1.1000000000e-08
L2,27,46,75,edge,1.1000000000e-08
L2,27,46,77,edge,1.1000000000e-08
L2,27,46,78,edge,2.2000000000e-08
L2,27,46,85,edge,1.1000000000e-08
L2,27,46,92,edge,1.1000000000e-08
L2,27,46,119,edge,1.1000000000e-08
L2,27,46,125,edge,2.2000000000e-08
L2,27,46,126,edge,1.1000000000e-08
L2,27,46,127,edge,1.1000000000e-08
L2,27,46,142,edge,1.1000000000e-08
L2,27,48,74,edge,1.1000000000e-08
L2,27,48,77,edge,1.1000000000e-08
L2,27,48,91,edge,1.1000000000e-08
L2,27,48,94,edge,1.1000000000e-08
L2,27,48,125,edge,1.1000000000e-08
L2,27,60,136,edge,1.1000000000e-08
L2,28,17,93,edge,1.1000000000e-08
L2,28,17,123,edge,1.1000000000e-08
L2,28,32,75,edge,1.2100000000e-07
L2,28,32,112,edge,1.2100000000e-07
L2,28,42,74,edge,1.2100000000e-07
L2,28,42,74,fall,1.2100000000e-07
L2,28,59,76,edge,1.1000000000e-08
L2,28,61,123,edge,1.2100000000e-07
L2,29,17,123,edge,6.6000000000e-08
L2,29,41,74,edge,1.1000000000e-08
L2,29,41,90,edge,1.1000000000e-08
L2,29,41,120,edge,1.1000000000e-08
L2,29,41,123,edge,1.1000000000e-08
L2,29,62,75,edge,1.1000000000e-08
L2,29,62,85,edge,1.1000000000e-08
L2,29,62,87,edge,1.1000000000e-08
L2,29,62,95,edge,2.2000000000e-08
L2,29,62,108,edge,1.1000000000e-08
L2,29,62,115,edge,1.1000000000e-08
L2,29,62,118,edge,1.1000000000e-08
L2,29,62,121,edge,1.1000000000e-08
L2,29,62,123,edge,1.1000000000e-08
L2,29,62,136,edge,1.1000000000e-08
L2,29,66,88,edge,1.1000000000e-08
L2,30,34,73,edge,1.2100000000e-07
L2,30,34,122,edge,1.2100000000e-07
L2,30,42,65,edge,1.1000000000e-08
L2,30,42,67,edge,1.1000000000e-08
L2,30,42,71,edge,1.1000000000e-08
L2,30,42,72,edge,1.1000000000e-08
L2,30,42,74,edge,1.1000000000e-08
L2,30,42,75,edge,2.2000000000e-08
L2,30,42,77,edge,1.1000000000e-08
L2,30,42,78,edge,1.1000000000e-08
L2,30,42,86,edge,1.1000000000e-08
L2,30,42,89,edge,2.2000000000e-08
L2,30,42,92,edge,1.1000000000e-08
L2,30,42,95,edge,1.1000000000e-08
L2,30,42,102,edge,1.1000000000e-08
L2,30,42,103,edge,2.2000000000e-08
L2,30,42,104,edge,1.1000000000e-08
L2,30,42,109,edge,1.1000000000e-08
L2,30,42,118,edge,1.1000000000e-08
L2,30,42,119,edge,3.3000000000e-08
L2,30,42,123,edge,1.1000000000e-08
L2,30,42,124,edge,1.1000000000e-08
L2,30,42,125,edge,1.1000000000e-08
L2,30,42,127,edge,1.1000000000e-08
L2,30,42,137,edge,1.1000000000e-08
L2,30,42,138,edge,1.1000000000e-08
L2,30,42,143,edge,1.1000000000e-08
L2,30,43,75,edge,1.2100000000e-07
L2,30,43,75,fall,1.2100000000e-07
L2,30,43,77,edge,1.1000000000e-08
L2,30,43,77,fall,1.1000000000e-08
L2,30,43,103,edge,1.1000000000e-08
L2,30,43,103,fall,1.1000000000e-08
L2,30,61,109,edge,1.1000000000e-08
L2,30,61,112,edge,1.1000000000e-08
L2,30,61,116,edge,1.1000000000e-08
L2,31,12,91,edge,1.1000000000e-08
L2,31,12,127,edge,1.1000000000e-08
L2,31,14,91,edge,1.2100000000e-07
L2,31,14,93,edge,1.1000000000e-08
L2,31,35,128,edge,1.2100000000e-07
L2,31,36,115,edge,2.2000000000e-08
L2,31,36,118,edge,1.1000000000e-08
L2,31,36,128,edge,2.2000000000e-08
L2,31,41,65,edge,1.1000000000e-08
L2,31,41,69,edge,3.3000000000e-08
L2,31,41,70,edge,1.1000000000e-08
L2,31,41,71,edge,2.2000000000e-08
L2,31,41,72,edge,2.2000000000e-08
L2,31,41,73,edge,2.2000000000e-08
L2,31,41,74,edge,3.3000000000e-08
L2,31,41,75,edge,1.1000000000e-08
L2,31,41,76,edge,1.1000000000e-08
L2,31,41,77,edge,1.1000000000e-08
L2,31,41,78,edge,2.2000000000e-08
L2,31,41,87,edge,1.1000000000e-08
L2,31,41,88,edge,2.2000000000e-08
L2,31,41,89,edge,1.1000000000e-08
L2,31,41,90,edge,1.1000000000e-08
L2,31,41,92,edge,1.1000000000e-08
L2,31,41,93,edge,1.1000000000e-08
L2,31,41,95,edge,2.2000000000e-08
L2,31,41,96,edge,2.2000000000e-08
L2,31,41,103,edge,1.1000000000e-08
L2,31,41,104,edge,1.1000000000e-08
L2,31,41,106,edge,1.1000000000e-08
L2,31,41,107,edge,3.3000000000e-08
L2,31,41,108,edge,2.2000000000e-08
L2,31,41,109,edge,1.1000000000e-08
L2,31,41,110,edge,2.2000000000e-08
L2,31,41,112,edge,2.2000000000e-08
L2,31,41,113,edge,1.1000000000e-08
L2,31,41,115,edge,2.2000000000e-08
L2,31,41,117,edge,2.2000000000e-08
L2,31,41,118,edge,1.1000000000e-08
L2,31,41,119,edge,2.2000000000e-08
L2,31,41,120,edge,1.1000000000e-08
L2,31,41,121,edge,1.1000000000e-08
L2,31,41,122,edge,2.2000000000e-08
L2,31,41,123,edge,1.1000000000e-08
L2,31,41,124,edge,2.2000000000e-08
L2,31,41,125,edge,1.1000000000e-08
L2,31,41,126,edge,2.2000000000e-08
L2,31,41,128,edge,1.1000000000e-08
L2,31,41,136,edge,2.2000000000e-08
L2,31,41,137,edge,1.1000000000e-08
L2,31,41,140,edge,1.1000000000e-08
L2,31,41,141,edge,3.3000000000e-08
L2,31,41,142,edge,1.1000000000e-08
L2,31,41,143,edge,3.3000000000e-08
L2,31,65,78,edge,2.2000000000e-08
L2,31,65,101,edge,1.1000000000e-08
L2,31,65,112,edge,1.1000000000e-08
L2,31,65,115,edge,1.1000000000e-08
L2,31,65,122,edge,2.2000000000e-08
L2,32,37,125,edge,1.1000000000e-08
L2,32,37,127,edge,1.2100000000e-07
L2,32,39,67,edge,1.1000000000e-08
L2,32,39,73,edge,1.1000000000e-08
L2,32,39,115,edge,1.1000000000e-08
L2,32,39,116,edge,2.2000000000e-08
L2,32,39,118,edge,1.1000000000e-08
L2,32,39,124,edge,2.2000000000e-08
L2,32,39,125,edge,1.1000000000e-08
L2,32,39,127,edge,1.1000000000e-08
L2,32,39,128,edge,1.1000000000e-08
L2,32,39,142,edge,1.1000000000e-08
L2,32,40,67,edge,2.2000000000e-08
L2,32,40,70,edge,2.2000000000e-08
L2,32,40,73,edge,1.1000000000e-08
L2,32,40,75,edge,1.1000000000e-08
L2,32,40,88,edge,1.1000000000e-08
L2,32,40,89,edge,1.1000000000e-08
L2,32,40,90,edge,1.1000000000e-08
L2,32,40,91,edge,1.1000000000e-08
L2,32,40,92,edge,1.1000000000e-08
L2,32,40,93,edge,1.1000000000e-08
L2,32,40,96,edge,4.4000000000e-08
L2,32,40,101,edge,1.1000000000e-08
L2,32,40,105,edge,1.1000000000e-08
L2,32,40,107,edge,1.1000000000e-08
L2,32,40,115,edge,2.2000000000e-08
L2,32,40,116,edge,2.2000000000e-08
L2,32,40,118,edge,3.3000000000e-08
L2,32,40,122,edge,1.1000000000e-08
L2,32,40,124,edge,2.2000000000e-08
L2,32,40,125,edge,2.2000000000e-08
L2,32,40,127,edge,1.1000000000e-08
L2,32,40,128,edge,1.1000000000e-08
L2,32,40,135,edge,1.1000000000e-08
L2,32,40,136,edge,1.1000000000e-08
L2,32,40,138,edge,1.1000000000e-08
L2,32,40,142,edge,1.1000000000e-08
L2,32,64,65,edge,1.1000000000e-08
L2,32,64,121,edge,1.1000000000e-08
L2,32,66,78,edge,1.2100000000e-07
L2,32,69,76,edge,6.6000000000e-08
L2,33,40,67,edge,2.2000000000e-08
L2,33,40,70,edge,2.2000000000e-08
L2,33,40,73,edge,1.1000000000e-08
L2,33,40,75,edge,1.1000000000e-08
L2,33,40,88,edge,1.1000000000e-08
L2,33,40,89,edge,1.1000000000e-08
L2,33,40,90,edge,1.1000000000e-08
L2,33,40,91,edge,1.1000000000e-08
L2,33,40,92,edge,1.1000000000e-08
L2,33,40,93,edge,1.1000000000e-08
L2,33,40,96,edge,4.4000000000e-08
L2,33,40,101,edge,1.1000000000e-08
L2,33,40,105,edge,1.1000000000e-08
L2,33,40,107,edge,1.1000000000e-08
L2,33,40,115,edge,2.2000000000e-08
L2,33,40,116,edge,2.2000000000e-08
L2,33,40,118,edge,3.3000000000e-08
L2,33,40,122,edge,1.1000000000e-08
L2,33,40,124,edge,2.2000000000e-08
L2,33,40,125,edge,2.2000000000e-08
L2,33,40,127,edge,1.1000000000e-08
L2,33,40,128,edge,1.1000000000e-08
L2,33,40,135,edge,1.1000000000e-08
L2,33,40,136,edge,1.1000000000e-08
L2,33,40,138,edge,1.1000000000e-08
L2,33,40,142,edge,1.1000000000e-08
L2,33,41,67,edge,1.1000000000e-08
L2,33,41,93,edge,1.1000000000e-08
L2,33,41,96,edge,2.2000000000e-08
L2,33,41,142,edge,1.1000000000e-07
L2,33,65,137,edge,1.2100000000e-07
L2,33,70,101,edge,1.2100000000e-07
L2,34,68,107,edge,1.1000000000e-08
L2,34,71,112,edge,1.1000000000e-08
L2,35,40,67,edge,1.2100000000e-07
L2,35,67,72,edge,1.2100000000e-07
L2,35,67,121,edge,1.1000000000e-08
L2,35,67,126,edge,1.1000000000e-08
L2,35,69,76,edge,1.1000000000e-08
L2,35,69,107,edge,1.1000000000e-08
L2,36,41,70,edge,1.1000000000e-08
L2,36,68,71,edge,2.2000000000e-08
L2,36,68,77,edge,1.2100000000e-07
L2,36,68,101,edge,1.1000000000e-08
L2,36,68,104,edge,1.1000000000e-08
L2,36,68,107,edge,1.1000000000e-08
L2,36,68,108,edge,1.2100000000e-07
L2,36,68,126,edge,1.1000000000e-08
L2,36,71,71,edge,2.2000000000e-08
L2,36,71,101,edge,1.1000000000e-08
L2,36,71,104,edge,1.1000000000e-08
L2,36,71,107,edge,1.1000000000e-08
L2,36,71,109,edge,1.1000000000e-08
L2,36,71,126,edge,1.2100000000e-07
L2,37,43,101,edge,1.2100000000e-07
L2,37,72,101,edge,1.1000000000e-08
L2,37,72,109,edge,1.2100000000e-07
L2,38,44,75,edge,1.2100000000e-07
L2,38,69,107,edge,1.1000000000e-08
L2,38,69,108,edge,1.1000000000e-08
L2,38,69,116,edge,1.2100000000e-07
L2,38,69,121,edge,1.1000000000e-08
L2,38,73,71,edge,1.2100000000e-07
L2,39,64,68,edge,1.1000000000e-08
L2,39,64,69,edge,1.1000000000e-08
L2,39,64,73,edge,2.2000000000e-08
L2,39,64,74,edge,1.1000000000e-08
L2,39,64,76,edge,3.3000000000e-08
L2,39,64,94,edge,1.1000000000e-08
L2,39,64,95,edge,2.2000000000e-08
L2,39,64,96,edge,2.2000000000e-08
L2,39,64,113,edge,1.1000000000e-08
L2,39,64,115,edge,1.1000000000e-08
L2,39,64,117,edge,2.2000000000e-08
L2,39,64,137,edge,1.1000000000e-08
L2,39,64,138,edge,1.1000000000e-08
L2,39,64,139,edge,1.1000000000e-08
L2,39,64,141,edge,2.2000000000e-08
L2,39,70,76,edge,2.2000000000e-08
L2,39,70,78,edge,1.1000000000e-08
L2,39,70,94,edge,1.1000000000e-08
L2,39,70,104,edge,1.2100000000e-07
L2,39,70,108,edge,1.1000000000e-08
L2,39,70,111,edge,1.1000000000e-08
L2,39,70,117,edge,1.1000000000e-08
L2,39,70,125,edge,1.1000000000e-08
L2,39,70,127,edge,1.1000000000e-08
L2,39,72,108,edge,1.1000000000e-08
L2,39,74,89,edge,1.1000000000e-08
L2,39,74,136,edge,1.1000000000e-08
L2,40,46,72,edge,1.1000000000e-08
L2,40,46,113,edge,1.1000000000e-08
L2,40,63,120,edge,4.4000000000e-08
L2,40,65,65,edge,1.1000000000e-08
L2,40,65,68,edge,3.3000000000e-08
L2,40,65,71,edge,1.1000000000e-08
L2,40,65,72,edge,1.1000000000e-08
L2,40,65,75,edge,1.1000000000e-08
L2,40,65,76,edge,1.1000000000e-08
L2,40,65,85,edge,1.1000000000e-08
L2,40,65,86,edge,1.1000000000e-08
L2,40,65,95,edge,1.1000000000e-08
L2,40,65,96,edge,1.1000000000e-08
L2,40,65,113,edge,1.1000000000e-08
L2,40,65,114,edge,1.1000000000e-08
L2,40,65,115,edge,1.1000000000e-08
L2,40,65,121,edge,1.1000000000e-08
L2,40,65,135,edge,1.1000000000e-08
L2,40,65,138,edge,1.1000000000e-08
L2,40,73,87,edge,1.2100000000e-07
L2,40,73,111,edge,6.6000000000e-08
L2,40,75,70,edge,1.1000000000e-08
L2,40,75,89,edge,1.1000000000e-08
L2,40,75,121,edge,1.1000000000e-08
L2,41,73,65,edge,1.1000000000e-08
L2,41,73,76,edge,2.2000000000e-08
L2,41,73,78,edge,1.1000000000e-08
L2,41,73,86,edge,1.1000000000e-08
L2,41,73,87,edge,4.4000000000e-08
L2,41,73,89,edge,3.3000000000e-08
L2,41,73,94,edge,1.1000000000e-08
L2,41,73,95,edge,2.2000000000e-08
L2,41,73,102,edge,1.1000000000e-08
L2,41,73,108,edge,1.1000000000e-08
L2,41,73,114,edge,1.1000000000e-08
L2,41,73,117,edge,1.1000000000e-08
L2,41,73,124,edge,1.1000000000e-08
L2,41,73,125,edge,1.1000000000e-08
L2,41,73,127,edge,1.1000000000e-08
L2,41,73,128,edge,2.2000000000e-08
L2,41,73,135,edge,1.1000000000e-08
L2,41,73,137,edge,1.1000000000e-08
L2,41,74,65,edge,1.1000000000e-08
L2,41,74,76,edge,1.2100000000e-07
L2,41,74,78,edge,1.1000000000e-08
L2,41,74,86,edge,1.1000000000e-08
L2,41,74,87,edge,4.4000000000e-08
L2,41,74,89,edge,3.3000000000e-08
L2,41,74,94,edge,1.1000000000e-08
L2,41,74,95,edge,2.2000000000e-08
L2,41,74,102,edge,1.1000000000e-08
L2,41,74,108,edge,1.1000000000e-08
L2,41,74,114,edge,1.1000000000e-08
L2,41,74,117,edge,1.1000000000e-08
L2,41,74,124,edge,1.1000000000e-08
L2,41,74,125,edge,1.1000000000e-08
L2,41,74,127,edge,1.1000000000e-08
L2,41,74,128,edge,2.2000000000e-08
L2,41,74,135,edge,1.1000000000e-08
L2,41,74,137,edge,1.1000000000e-08
L2,41,80,92,edge,1.1000000000e-08
L2,41,80,125,edge,1.2100000000e-07
L2,42,48,101,edge,1.1000000000e-08
L2,42,48,105,edge,1.2100000000e-07
L2,42,60,67,edge,1.1000000000e-08
L2,42,60,68,edge,1.1000000000e-08
L2,42,60,70,edge,1.1000000000e-08
L2,42,60,71,edge,1.1000000000e-08
L2,42,60,72,edge,1.1000000000e-08
L2,42,60,74,edge,1.1000000000e-08
L2,42,60,76,edge,1.1000000000e-08
L2,42,60,88,edge,1.1000000000e-08
L2,42,60,110,edge,1.1000000000e-08
L2,42,60,118,edge,1.1000000000e-08
L2,42,60,124,edge,1.1000000000e-08
L2,42,60,128,edge,1.1000000000e-08
L2,42,60,138,edge,1.1000000000e-08
L2,42,60,141,edge,1.1000000000e-08
L2,42,63,121,edge,1.1000000000e-08
L2,42,63,121,fall,1.1000000000e-08
L2,42,68,65,edge,1.1000000000e-08
L2,42,68,68,edge,1.1000000000e-08
L2,42,68,77,edge,1.1000000000e-08
L2,42,68,95,edge,1.1000000000e-08
L2,42,68,106,edge,1.1000000000e-08
L2,42,68,108,edge,1.1000000000e-08
L2,42,68,116,edge,1.1000000000e-08
L2,42,68,119,edge,1.1000000000e-08
L2,42,68,121,edge,1.1000000000e-08
L2,42,68,126,edge,1.2100000000e-07
L2,42,68,127,edge,1.1000000000e-08
L2,42,68,139,edge,1.1000000000e-08
L2,42,72,66,edge,1.2100000000e-07
L2,42,72,76,edge,1.1000000000e-08
L2,42,72,102,edge,1.1000000000e-08
L2,42,74,70,edge,1.1000000000e-08
L2,42,74,86,edge,1.1000000000e-08
L2,42,74,87,edge,1.1000000000e-08
L2,42,74,89,edge,1.1000000000e-08
L2,42,78,65,edge,1.1000000000e-08
L2,42,78,87,edge,3.3000000000e-08
L2,42,78,94,edge,1.1000000000e-08
L2,42,78,102,edge,1.1000000000e-08
L2,42,78,108,edge,2.2000000000e-08
L2,42,78,124,edge,1.1000000000e-08
L2,42,78,125,edge,2.2000000000e-08
L2,42,78,128,edge,2.2000000000e-08
L2,42,78,135,edge,1.1000000000e-08
L2,42,81,112,edge,1.2100000000e-07
L2,43,50,75,edge,1.1000000000e-08
L2,43,50,89,edge,1.2100000000e-07
L2,43,50,96,edge,1.1000000000e-08
L2,43,50,114,edge,1.1000000000e-08
L2,43,50,128,edge,1.1000000000e-08
L2,43,61,76,edge,1.1000000000e-08
L2,43,61,88,edge,1.1000000000e-08
L2,43,61,93,edge,2.2000000000e-08
L2,43,61,95,edge,1.1000000000e-08
L2,43,61,104,edge,1.1000000000e-08
L2,43,61,108,edge,2.2000000000e-08
L2,43,61,110,edge,1.1000000000e-08
L2,43,61,113,edge,1.1000000000e-08
L2,43,61,122,edge,1.1000000000e-08
L2,43,61,138,edge,1.1000000000e-08
L2,43,62,104,edge,1.1000000000e-08
L2,43,62,104,fall,1.1000000000e-08
L2,43,62,108,edge,1.2100000000e-07
L2,43,62,108,fall,1.2100000000e-07
L2,43,62,110,edge,1.1000000000e-08
L2,43,62,110,fall,1.1000000000e-08
L2,43,62,113,edge,1.1000000000e-08
L2,43,62,113,fall,1.1000000000e-08
L2,43,62,115,edge,1.1000000000e-08
L2,43,62,115,fall,1.1000000000e-08
L2,43,62,138,edge,1.1000000000e-08
L2,43,62,138,fall,1.1000000000e-08
L2,43,67,75,edge,1.1000000000e-08
L2,43,67,76,edge,3.3000000000e-08
L2,43,67,77,edge,1.1000000000e-08
L2,43,67,86,edge,1.1000000000e-08
L2,43,67,89,edge,1.1000000000e-08
L2,43,67,91,edge,1.1000000000e-08
L2,43,67,93,edge,1.1000000000e-08
L2,43,67,101,edge,1.1000000000e-08
L2,43,67,106,edge,1.2100000000e-07
L2,43,67,108,edge,2.2000000000e-08
L2,43,67,110,edge,1.2100000000e-07
L2,43,67,116,edge,1.1000000000e-08
L2,43,67,123,edge,1.1000000000e-08
L2,43,67,138,edge,8.8000000000e-08
L2,43,73,76,edge,1.1000000000e-08
L2,43,73,86,edge,1.1000000000e-08
L2,43,73,89,edge,1.1000000000e-08
L2,43,73,95,edge,1.1000000000e-08
L2,43,73,108,edge,1.1000000000e-08
L2,43,73,113,edge,1.1000000000e-08
L2,43,73,121,edge,2.2000000000e-08
L2,43,73,141,edge,1.1000000000e-08
L2,43,77,90,edge,1.1000000000e-08
L2,43,77,102,edge,1.1000000000e-08
L2,43,77,125,edge,1.1000000000e-08
L2,43,82,125,edge,1.1000000000e-08
L2,44,68,75,edge,1.2100000000e-07
L2,44,68,75,fall,1.2100000000e-07
L2,44,80,94,edge,1.1000000000e-08
L2,45,67,68,edge,1.1000000000e-08
L2,45,67,76,edge,3.3000000000e-08
L2,45,67,77,edge,1.1000000000e-08
L2,45,67,89,edge,1.1000000000e-08
L2,45,67,91,edge,1.1000000000e-08
L2,45,67,93,edge,1.1000000000e-08
L2,45,67,96,edge,1.1000000000e-08
L2,45,67,108,edge,1.1000000000e-08
L2,45,67,114,edge,1.1000000000e-08
L2,45,67,116,edge,1.1000000000e-08
L2,45,67,123,edge,1.1000000000e-08
L2,45,71,119,edge,1.2100000000e-07
L2,45,71,119,fall,1.2100000000e-07
L2,45,79,123,edge,1.1000000000e-08
L2,45,84,87,edge,1.1000000000e-08
L2,46,53,75,edge,1.1000000000e-08
L2,46,53,107,edge,1.1000000000e-08
L2,46,58,71,edge,1.1000000000e-08
L2,46,58,118,edge,1.1000000000e-08
L2,46,58,119,edge,1.1000000000e-08
L2,46,58,124,edge,1.1000000000e-08
L2,46,58,141,edge,2.2000000000e-08
L2,46,58,143,edge,1.1000000000e-08
L2,46,68,70,edge,1.1000000000e-08
L2,46,68,76,edge,1.2100000000e-07
L2,46,68,88,edge,2.2000000000e-08
L2,46,68,115,edge,1.1000000000e-08
L2,46,68,117,edge,1.1000000000e-08
L2,46,68,120,edge,1.1000000000e-08
L2,46,68,127,edge,1.1000000000e-08
L2,46,68,141,edge,1.1000000000e-08
L2,46,72,67,edge,1.1000000000e-08
L2,46,72,70,edge,2.2000000000e-08
L2,46,72,75,edge,1.1000000000e-08
L2,46,72,77,edge,1.1000000000e-08
L2,46,72,85,edge,1.1000000000e-08
L2,46,72,90,edge,1.1000000000e-08
L2,46,72,95,edge,1.1000000000e-08
L2,46,72,103,edge,2.2000000000e-08
L2,46,72,108,edge,1.1000000000e-08
L2,46,72,111,edge,1.1000000000e-08
L2,46,72,118,edge,1.1000000000e-08
L2,46,72,123,edge,2.2000000000e-08
L2,46,72,139,edge,1.1000000000e-08
L2,46,79,76,edge,1.1000000000e-08
L2,46,79,78,edge,2.2000000000e-08
L2,46,79,106,edge,1.1000000000e-08
L2,46,79,123,edge,1.1000000000e-08
L2,46,79,127,edge,1.1000000000e-08
L2,46,79,137,edge,1.1000000000e-08
L2,46,80,76,edge,1.1000000000e-08
L2,46,80,78,edge,1.2100000000e-07
L2,46,80,106,edge,1.1000000000e-08
L2,46,80,123,edge,1.1000000000e-08
L2,46,80,127,edge,1.1000000000e-08
L2,46,80,137,edge,1.1000000000e-08
L2,46,82,87,edge,1.1000000000e-08
L2,46,82,108,edge,1.2100000000e-07
L2,46,82,135,edge,1.1000000000e-08
L2,47,57,71,edge,1.2100000000e-07
L2,47,57,107,edge,1.1000000000e-08
L2,47,57,120,edge,1.1000000000e-08
L2,47,57,128,edge,1.1000000000e-08
L2,47,59,69,edge,1.1000000000e-08
L2,47,59,93,edge,1.2100000000e-07
L2,47,59,95,edge,1.1000000000e-08
L2,47,59,103,edge,1.1000000000e-08
L2,47,59,110,edge,2.2000000000e-08
L2,47,59,124,edge,1.1000000000e-08
L2,47,59,136,edge,1.1000000000e-08
L2,47,71,70,edge,1.1000000000e-08
L2,47,71,71,edge,1.1000000000e-08
L2,47,71,88,edge,1.1000000000e-08
L2,47,71,89,edge,1.1000000000e-08
L2,47,71,93,edge,1.1000000000e-08
L2,47,71,105,edge,1.1000000000e-08
L2,47,71,114,edge,1.1000000000e-08
L2,47,71,115,edge,3.3000000000e-08
L2,47,71,116,edge,1.1000000000e-08
L2,47,71,117,edge,1.1000000000e-08
L2,47,71,120,edge,1.1000000000e-08
L2,47,71,123,edge,1.1000000000e-08
L2,47,71,124,edge,1.2100000000e-07
L2,47,71,125,edge,1.1000000000e-08
L2,47,71,127,edge,1.1000000000e-08
L2,47,71,141,edge,1.1000000000e-08
L2,47,71,142,edge,1.1000000000e-08
L2,47,74,65,edge,1.1000000000e-08
L2,47,74,68,edge,1.1000000000e-08
L2,47,74,71,edge,1.1000000000e-08
L2,47,74,88,edge,1.2100000000e-07
L2,47,74,101,edge,1.2100000000e-07
L2,47,74,105,edge,1.1000000000e-08
L2,47,74,115,edge,1.1000000000e-08
L2,47,74,116,edge,1.1000000000e-08
L2,47,74,117,edge,1.1000000000e-08
L2,47,74,123,edge,1.1000000000e-08
L2,47,74,127,edge,1.1000000000e-08
L2,47,74,141,edge,1.1000000000e-08
L2,47,74,142,edge,1.1000000000e-08
L2,47,78,121,edge,1.1000000000e-08
L2,47,80,76,edge,1.2100000000e-07
L2,47,80,106,edge,1.1000000000e-08
L2,47,80,123,edge,1.1000000000e-08
L2,47,80,127,edge,1.1000000000e-08
L2,47,80,137,edge,1.1000000000e-08
L2,47,81,127,edge,1.2100000000e-07
L2,47,83,92,edge,1.1000000000e-08
L2,47,83,112,edge,1.1000000000e-08
L2,47,83,115,edge,1.2100000000e-07
L2,47,83,123,edge,1.2100000000e-07
L2,47,83,127,edge,1.1000000000e-08
L2,47,87,65,edge,1.1000000000e-08
L2,48,56,91,edge,1.1000000000e-08
L2,48,56,92,edge,1.1000000000e-08
L2,48,56,96,edge,2.2000000000e-08
L2,48,56,114,edge,1.1000000000e-08
L2,48,58,67,edge,1.1000000000e-08
L2,48,58,90,edge,2.2000000000e-08
L2,48,58,91,edge,1.1000000000e-08
L2,48,58,92,edge,2.2000000000e-08
L2,48,58,115,edge,1.1000000000e-08
L2,48,58,136,edge,1.2100000000e-07
L2,48,73,67,edge,1.1000000000e-08
L2,48,73,77,edge,1.1000000000e-08
L2,48,73,85,edge,2.2000000000e-08
L2,48,73,91,edge,1.1000000000e-08
L2,48,73,116,edge,1.1000000000e-08
L2,48,73,117,edge,1.1000000000e-08
L2,48,73,120,edge,1.1000000000e-07
L2,48,73,123,edge,1.1000000000e-08
L2,48,73,125,edge,1.1000000000e-08
L2,48,79,65,edge,1.1000000000e-08
L2,48,79,69,edge,1.1000000000e-08
L2,48,79,71,edge,1.1000000000e-08
L2,48,79,73,edge,7.7000000000e-08
L2,48,79,74,edge,2.2000000000e-08
L2,48,79,91,edge,1.1000000000e-08
L2,48,79,95,edge,1.1000000000e-08
L2,48,79,105,edge,1.1000000000e-08
L2,48,79,106,edge,1.1000000000e-08
L2,48,79,115,edge,1.1000000000e-08
L2,48,79,123,edge,1.1000000000e-08
L2,48,79,141,edge,1.1000000000e-08
L2,48,79,142,edge,1.1000000000e-08
L2,48,82,65,edge,1.1000000000e-08
L2,48,82,69,edge,1.1000000000e-08
L2,48,82,71,edge,1.1000000000e-08
L2,48,82,74,edge,2.2000000000e-08
L2,48,82,115,edge,1.1000000000e-08
L2,48,82,123,edge,2.2000000000e-08
L2,48,82,127,edge,1.1000000000e-08
L2,48,82,141,edge,1.1000000000e-08
L2,48,82,142,edge,1.1000000000e-08
L2,48,85,65,edge,1.1000000000e-08
L2,48,85,71,edge,1.1000000000e-08
L2,48,85,127,edge,1.1000000000e-08
L2,48,85,141,edge,1.1000000000e-08
L2,48,85,142,edge,1.1000000000e-08
L2,49,57,90,edge,1.2100000000e-07
L2,49,57,124,edge,1.1000000000e-08
L2,49,72,76,edge,1.1000000000e-08
L2,49,72,86,edge,1.1000000000e-08
L2,49,72,90,edge,1.1000000000e-08
L2,49,72,95,edge,1.1000000000e-08
L2,49,72,106,edge,1.1000000000e-08
L2,49,72,118,edge,1.1000000000e-08
L2,49,72,122,edge,1.1000000000e-08
L2,49,72,125,edge,1.1000000000e-08
L2,49,72,139,edge,1.1000000000e-08
L2,49,72,141,edge,1.1000000000e-08
L2,49,76,75,edge,1.1000000000e-08
L2,49,76,77,edge,1.1000000000e-08
L2,49,76,86,edge,1.1000000000e-08
L2,49,76,87,edge,1.1000000000e-08
L2,49,76,96,edge,1.2100000000e-07
L2,49,76,107,edge,1.1000000000e-08
L2,49,76,118,edge,1.1000000000e-08
L2,49,76,127,edge,1.1000000000e-08
L2,49,76,143,edge,1.1000000000e-08
L2,49,86,65,edge,1.1000000000e-08
L2,49,86,142,edge,5.5000000000e-08
L2,50,63,85,edge,1.2100000000e-07
L2,50,63,96,edge,1.1000000000e-08
L2,50,63,113,edge,1.1000000000e-08
L2,50,63,119,edge,1.1000000000e-08
L2,50,63,124,edge,1.1000000000e-08
L2,50,73,85,edge,2.2000000000e-08
L2,50,75,67,edge,1.1000000000e-08
L2,50,75,88,edge,1.1000000000e-08
L2,50,75,90,edge,1.1000000000e-08
L2,50,75,93,edge,1.1000000000e-08
L2,50,75,106,edge,1.1000000000e-08
L2,50,75,115,edge,1.1000000000e-08
L2,50,75,122,edge,1.1000000000e-08
L2,50,75,139,edge,1.1000000000e-08
L2,50,85,127,edge,1.1000000000e-08
L2,51,62,74,edge,1.1000000000e-08
L2,51,62,90,edge,1.1000000000e-08
L2,51,62,110,edge,2.2000000000e-08
L2,51,62,122,edge,2.2000000000e-08
L2,51,62,128,edge,2.2000000000e-08
L2,51,64,65,edge,1.2100000000e-07
L2,51,70,122,edge,1.1000000000e-08
L2,51,88,124,edge,1.1000000000e-08
L2,51,89,127,edge,1.1000000000e-08
L2,52,60,96,edge,1.2100000000e-07
L2,52,60,118,edge,1.2100000000e-07
L2,52,60,122,edge,2.2000000000e-08
L2,52,61,91,edge,1.1000000000e-08
L2,52,61,96,edge,1.1000000000e-08
L2,52,61,114,edge,1.1000000000e-08
L2,52,61,120,edge,1.1000000000e-08
L2,52,61,121,edge,1.1000000000e-08
L2,52,61,128,edge,1.1000000000e-08
L2,52,65,69,edge,1.1000000000e-08
L2,52,65,71,edge,2.2000000000e-08
L2,52,65,86,edge,1.1000000000e-08
L2,52,65,92,edge,1.1000000000e-08
L2,52,65,101,edge,1.1000000000e-08
L2,52,65,108,edge,1.1000000000e-08
L2,52,65,120,edge,2.2000000000e-08
L2,52,65,138,edge,1.1000000000e-08
L2,52,68,67,edge,1.1000000000e-08
L2,52,68,70,edge,1.1000000000e-08
L2,52,68,75,edge,1.1000000000e-08
L2,52,68,76,edge,1.1000000000e-08
L2,52,68,77,edge,2.2000000000e-08
L2,52,68,89,edge,1.1000000000e-08
L2,52,68,93,edge,1.1000000000e-08
L2,52,68,95,edge,1.1000000000e-08
L2,52,68,96,edge,1.1000000000e-08
L2,52,68,104,edge,1.1000000000e-08
L2,52,68,110,edge,1.1000000000e-08
L2,52,68,111,edge,1.1000000000e-08
L2,52,68,113,edge,1.1000000000e-08
L2,52,68,114,edge,1.1000000000e-08
L2,52,68,116,edge,1.1000000000e-08
L2,52,68,123,edge,1.1000000000e-08
L2,52,68,124,edge,3.3000000000e-08
L2,52,68,140,edge,1.1000000000e-08
L2,52,75,117,edge,1.1000000000e-08
L2,52,89,124,edge,1.2100000000e-07
L2,53,60,122,edge,1.2100000000e-07
L2,53,62,74,edge,1.1000000000e-08
L2,53,62,90,edge,1.2100000000e-07
L2,53,62,91,edge,1.2100000000e-07
L2,53,62,110,edge,1.1000000000e-08
L2,53,62,115,edge,1.1000000000e-08
L2,53,62,116,edge,1.1000000000e-08
L2,53,62,122,edge,2.2000000000e-08
L2,53,62,128,edge,2.2000000000e-08
L2,53,64,70,edge,1.1000000000e-08
L2,53,64,114,edge,1.1000000000e-08
L2,53,64,121,edge,1.1000000000e-08
L2,53,76,125,edge,1.2100000000e-07
L2,53,86,65,edge,1.1000000000e-08
L2,53,86,106,edge,2.2000000000e-08
L2,53,86,109,edge,1.1000000000e-08
L2,53,86,124,edge,1.1000000000e-08
L2,53,86,128,edge,1.1000000000e-08
L2,53,88,128,edge,1.1000000000e-08
L2,54,77,68,edge,1.1000000000e-08
L2,54,77,69,edge,1.1000000000e-08
L2,54,77,70,edge,2.2000000000e-08
L2,54,77,77,edge,1.1000000000e-08
L2,54,77,85,edge,1.1000000000e-08
L2,54,77,87,edge,1.1000000000e-08
L2,54,77,90,edge,2.2000000000e-08
L2,54,77,95,edge,1.1000000000e-08
L2,54,77,107,edge,1.1000000000e-08
L2,54,77,111,edge,1.1000000000e-08
L2,54,77,116,edge,1.1000000000e-08
L2,54,77,123,edge,2.2000000000e-08
L2,54,77,125,edge,1.1000000000e-08
L2,54,87,65,edge,1.2100000000e-07
L2,54,87,92,edge,1.1000000000e-08
L2,54,87,109,edge,1.2100000000e-07
L2,55,62,74,edge,1.1000000000e-08
L2,55,62,110,edge,1.1000000000e-08
L2,55,62,115,edge,1.1000000000e-08
L2,55,62,116,edge,1.1000000000e-08
L2,55,62,122,edge,2.2000000000e-08
L2,55,62,128,edge,2.2000000000e-08
L2,55,70,67,edge,1.1000000000e-08
L2,55,70,71,edge,1.1000000000e-08
L2,55,70,87,edge,1.1000000000e-08
L2,55,70,89,edge,1.1000000000e-08
L2,55,70,102,edge,1.1000000000e-08
L2,55,70,113,edge,1.1000000000e-08
L2,55,70,114,edge,1.2100000000e-07
L2,55,70,119,edge,1.1000000000e-08
L2,55,70,123,edge,1.1000000000e-08
L2,55,70,124,edge,1.1000000000e-08
L2,55,70,137,edge,1.1000000000e-08
L2,55,70,140,edge,1.1000000000e-08
L2,55,76,69,edge,1.2100000000e-07
L2,55,76,113,edge,1.1000000000e-08
L2,55,83,89,edge,1.1000000000e-08
L2,55,83,118,edge,1.1000000000e-08
L2,56,62,74,edge,1.1000000000e-08
L2,56,62,110,edge,1.1000000000e-08
L2,56,62,116,edge,1.1000000000e-08
L2,56,62,122,edge,2.2000000000e-08
L2,56,62,128,edge,2.2000000000e-08
L2,56,63,74,edge,1.1000000000e-08
L2,56,63,110,edge,1.1000000000e-08
L2,56,63,122,edge,2.2000000000e-08
L2,56,63,128,edge,2.2000000000e-08
L2,56,65,124,edge,1.1000000000e-08
L2,56,65,138,edge,1.2100000000e-07
L2,56,71,66,edge,3.3000000000e-08
L2,56,71,67,edge,1.1000000000e-08
L2,56,71,69,edge,1.1000000000e-08
L2,56,71,70,edge,2.2000000000e-08
L2,56,71,75,edge,1.1000000000e-08
L2,56,71,77,edge,1.1000000000e-08
L2,56,71,89,edge,3.3000000000e-08
L2,56,71,92,edge,1.1000000000e-08
L2,56,71,96,edge,1.1000000000e-08
L2,56,71,102,edge,1.1000000000e-08
L2,56,71,103,edge,2.2000000000e-08
L2,56,71,104,edge,1.1000000000e-08
L2,56,71,110,edge,2.2000000000e-08
L2,56,71,113,edge,3.3000000000e-08
L2,56,71,114,edge,2.2000000000e-08
L2,56,71,123,edge,3.3000000000e-08
L2,56,71,124,edge,1.1000000000e-08
L2,56,71,137,edge,1.1000000000e-08
L2,56,71,140,edge,2.2000000000e-08
L2,56,73,66,edge,1.1000000000e-08
L2,56,73,69,edge,1.1000000000e-08
L2,56,73,70,edge,2.2000000000e-08
L2,56,73,75,edge,1.1000000000e-08
L2,56,73,89,edge,1.1000000000e-08
L2,56,73,92,edge,1.1000000000e-08
L2,56,73,95,edge,1.1000000000e-08
L2,56,73,96,edge,1.1000000000e-08
L2,56,73,102,edge,1.1000000000e-08
L2,56,73,103,edge,1.1000000000e-08
L2,56,73,113,edge,2.2000000000e-08
L2,56,73,123,edge,2.2000000000e-08
L2,56,73,125,edge,1.1000000000e-08
L2,56,73,137,edge,1.1000000000e-08
L2,56,73,140,edge,2.2000000000e-08
L2,56,74,66,edge,1.1000000000e-08
L2,56,74,69,edge,1.1000000000e-08
L2,56,74,70,edge,2.2000000000e-08
L2,56,74,75,edge,1.1000000000e-08
L2,56,74,87,edge,1.1000000000e-08
L2,56,74,89,edge,1.1000000000e-08
L2,56,74,92,edge,1.1000000000e-08
L2,56,74,95,edge,1.1000000000e-08
L2,56,74,102,edge,1.1000000000e-08
L2,56,74,103,edge,1.2100000000e-07
L2,56,74,113,edge,1.1000000000e-08
L2,56,74,123,edge,2.2000000000e-08
L2,56,74,125,edge,1.1000000000e-08
L2,56,74,137,edge,1.1000000000e-08
L2,56,74,140,edge,1.2100000000e-07
L2,56,75,66,edge,1.1000000000e-08
L2,56,75,68,edge,1.1000000000e-08
L2,56,75,69,edge,1.1000000000e-08
L2,56,75,70,edge,2.2000000000e-08
L2,56,75,75,edge,1.1000000000e-08
L2,56,75,87,edge,1.1000000000e-08
L2,56,75,89,edge,1.1000000000e-08
L2,56,75,92,edge,1.1000000000e-08
L2,56,75,95,edge,1.1000000000e-08
L2,56,75,102,edge,1.1000000000e-08
L2,56,75,103,edge,1.1000000000e-08
L2,56,75,113,edge,1.1000000000e-08
L2,56,75,123,edge,1.2100000000e-07
L2,56,75,125,edge,1.1000000000e-08
L2,56,75,137,edge,1.2100000000e-07
L2,56,82,76,edge,1.1000000000e-08
L2,56,84,94,edge,2.2000000000e-08
L2,56,84,118,edge,1.1000000000e-08
L2,56,84,125,edge,2.2000000000e-08
L2,57,63,92,edge,1.1000000000e-08
L2,57,63,110,edge,1.1000000000e-08
L2,57,63,122,edge,2.2000000000e-08
L2,57,63,128,edge,2.2000000000e-08
L2,57,64,92,edge,1.1000000000e-08
L2,57,64,110,edge,1.1000000000e-08
L2,57,64,122,edge,1.2100000000e-07
L2,57,64,128,edge,1.2100000000e-07
L2,57,81,125,edge,9.9000000000e-08
L2,57,85,118,edge,1.1000000000e-08
L2,58,64,92,edge,1.1000000000e-08
L2,58,64,110,edge,1.1000000000e-08
L2,58,65,92,edge,1.1000000000e-08
L2,58,65,110,edge,1.1000000000e-08
L2,58,67,69,edge,1.1000000000e-08
L2,58,67,92,edge,1.2100000000e-07
L2,58,67,110,edge,2.2000000000e-08
L2,58,67,119,edge,2.2000000000e-08
L2,58,82,94,edge,1.2100000000e-07
L2,59,65,92,edge,1.1000000000e-08
L2,59,65,110,edge,1.1000000000e-08
L2,59,66,92,edge,1.1000000000e-08
L2,59,66,110,edge,1.2100000000e-07
L2,59,68,92,edge,1.1000000000e-08
L2,59,68,109,edge,1.1000000000e-08
L2,59,79,90,edge,1.1000000000e-08
L2,59,81,90,edge,1.2100000000e-07
L2,59,83,125,edge,1.2100000000e-07
L2,60,67,119,edge,1.2100000000e-07
L2,60,69,91,edge,1.2100000000e-07
L2,60,70,142,edge,1.1000000000e-08
L2,60,80,74,edge,1.1000000000e-07
L2,60,80,90,edge,2.2000000000e-08
L2,60,80,96,edge,2.2000000000e-08
L2,62,77,76,edge,1.1000000000e-08
L2,62,77,105,edge,1.1000000000e-08
L2,63,76,94,edge,1.1000000000e-08
L2,63,78,67,edge,1.1000000000e-08
L2,63,78,72,edge,1.1000000000e-08
L2,63,78,76,edge,2.2000000000e-08
L2,63,78,85,edge,2.2000000000e-08
L2,63,78,124,edge,1.1000000000e-08
L2,63,79,72,edge,1.1000000000e-08
L2,63,79,103,edge,1.2100000000e-07
L2,63,79,105,edge,1.2100000000e-07
L2,64,79,72,edge,1.2100000000e-07
L3,2,18,151,edge,1.1000000000e-08
L3,6,14,153,edge,1.1000000000e-08
L3,7,12,161,edge,1.2100000000e-07
L3,7,24,151,edge,1.1000000000e-08
L3,7,25,151,edge,2.2000000000e-08
L3,7,26,151,edge,1.2100000000e-07
L3,8,27,144,edge,1.1000000000e-08
L3,9,10,152,edge,1.2100000000e-07
L3,12,31,144,edge,1.2100000000e-07
L3,13,8,145,edge,1.1000000000e-08
L3,14,6,160,edge,1.2100000000e-07
L3,14,7,152,edge,1.2100000000e-07
L3,14,7,160,edge,1.1000000000e-08
L3,14,30,160,edge,1.2100000000e-07
L3,15,5,144,edge,1.1000000000e-08
L3,17,27,144,edge,1.1000000000e-08
L3,18,27,153,edge,1.2100000000e-07
L3,19,26,153,edge,1.2100000000e-07
L3,22,23,153,edge,1.2100000000e-07
L3,25,5,151,edge,1.1000000000e-08
L3,25,6,151,edge,1.1000000000e-08
L3,30,17,153,edge,1.2100000000e-07
L3,31,12,146,edge,2.4200000000e-07
L3,31,13,152,edge,1.1000000000e-07
L3,32,14,146,edge,2.4200000000e-07
L4,10,38,211,edge,1.2100000000e-07
L4,10,38,221,edge,1.2100000000e-07
L4,12,30,175,edge,1.2100000000e-07
L4,12,33,176,edge,1.1000000000e-08
L4,12,40,210,edge,1.2100000000e-07
L4,13,31,175,edge,2.2000000000e-08
L4,13,31,212,edge,2.2000000000e-08
L4,13,32,163,edge,5.5000000000e-08
L4,13,32,175,edge,2.2000000000e-08
L4,13,32,190,edge,1.1000000000e-08
L4,13,32,192,edge,1.1000000000e-08
L4,13,32,202,edge,1.2100000000e-07
L4,13,32,212,edge,2.2000000000e-08
L4,13,42,194,edge,1.2100000000e-07
L4,14,32,202,edge,1.1000000000e-08
L4,14,35,163,edge,1.1000000000e-08
L4,14,35,175,edge,2.2000000000e-08
L4,14,35,184,edge,1.1000000000e-08
L4,14,35,186,edge,1.1000000000e-08
L4,14,35,190,edge,1.1000000000e-08
L4,14,35,192,edge,1.1000000000e-08
L4,14,35,198,edge,1.1000000000e-08
L4,14,35,202,edge,1.1000000000e-08
L4,15,31,202,edge,1.1000000000e-08
L4,15,31,203,edge,7.7000000000e-08
L4,15,32,202,edge,1.1000000000e-08
L4,15,34,182,edge,1.1000000000e-08
L4,15,34,213,edge,1.1000000000e-08
L4,15,36,165,edge,1.2100000000e-07
L4,15,44,189,edge,1.2100000000e-07
L4,16,30,162,edge,1.2100000000e-07
L4,16,30,183,edge,1.1000000000e-08
L4,16,30,190,edge,1.2100000000e-07
L4,16,30,215,edge,4.4000000000e-08
L4,16,31,202,edge,1.1000000000e-08
L4,16,31,203,edge,1.1000000000e-08
L4,16,33,164,edge,1.1000000000e-08
L4,16,33,192,edge,1.1000000000e-08
L4,16,33,212,edge,1.1000000000e-08
L4,16,35,182,edge,1.1000000000e-08
L4,16,35,213,edge,1.1000000000e-08
L4,16,35,219,edge,1.1000000000e-08
L4,16,45,212,edge,1.1000000000e-08
L4,17,31,162,edge,2.2000000000e-08
L4,17,31,183,edge,1.1000000000e-08
L4,17,31,190,edge,1.1000000000e-08
L4,17,31,203,edge,1.1000000000e-08
L4,17,33,164,edge,1.1000000000e-08
L4,17,33,192,edge,1.1000000000e-08
L4,17,33,212,edge,1.1000000000e-08
L4,17,36,162,edge,1.1000000000e-08
L4,17,36,166,edge,1.1000000000e-08
L4,17,36,167,edge,1.4300000000e-07
L4,17,36,182,edge,1.1000000000e-08
L4,17,36,188,edge,1.1000000000e-08
L4,17,36,189,edge,1.1000000000e-08
L4,17,36,191,edge,2.2000000000e-08
L4,17,36,193,edge,1.1000000000e-08
L4,17,36,197,edge,2.2000000000e-08
L4,17,36,202,edge,1.1000000000e-08
L4,17,36,213,edge,1.1000000000e-08
L4,17,36,214,edge,1.1000000000e-08
L4,17,36,216,edge,1.1000000000e-08
L4,17,36,217,edge,1.1000000000e-08
L4,17,36,220,edge,1.1000000000e-08
L4,18,28,162,edge,1.2100000000e-07
L4,18,28,202,edge,1.2100000000e-07
L4,18,28,203,edge,1.1000000000e-08
L4,18,30,162,edge,1.1000000000e-08
L4,18,30,167,edge,2.2000000000e-08
L4,18,30,177,edge,1.2100000000e-07
L4,18,30,191,edge,1.2100000000e-07
L4,18,30,202,edge,1.1000000000e-08
L4,18,30,219,edge,2.2000000000e-08
L4,18,30,221,edge,1.2100000000e-07
L4,18,32,162,edge,1.1000000000e-08
L4,18,32,167,edge,2.2000000000e-08
L4,18,32,191,edge,1.1000000000e-08
L4,18,32,197,edge,1.1000000000e-08
L4,18,32,199,edge,7.7000000000e-08
L4,18,32,202,edge,1.1000000000e-08
L4,18,32,219,edge,2.2000000000e-08
L4,18,35,166,edge,1.1000000000e-08
L4,18,35,194,edge,1.1000000000e-08
L4,18,37,197,edge,1.1000000000e-08
L4,18,37,201,edge,1.1000000000e-08
L4,18,37,214,edge,1.1000000000e-08
L4,18,47,176,edge,1.2100000000e-07
L4,19,27,167,edge,1.2100000000e-07
L4,19,27,176,edge,1.2100000000e-07
L4,19,29,202,edge,1.1000000000e-08
L4,19,29,214,edge,1.1000000000e-08
L4,19,31,162,edge,1.1000000000e-08
L4,19,31,177,edge,1.1000000000e-08
L4,19,31,183,edge,1.1000000000e-08
L4,19,31,190,edge,2.2000000000e-08
L4,19,31,191,edge,2.2000000000e-08
L4,19,31,197,edge,1.1000000000e-08
L4,19,31,203,edge,1.1000000000e-08
L4,19,31,215,edge,1.1000000000e-08
L4,19,34,210,edge,1.1000000000e-08
L4,19,36,168,edge,1.1000000000e-08
L4,19,36,168,fall,1.1000000000e-08
L4,19,36,201,edge,7.7000000000e-08
L4,19,36,201,fall,7.7000000000e-08
L4,19,41,163,edge,1.1000000000e-08
L4,19,41,166,edge,1.1000000000e-08
L4,19,41,167,edge,2.2000000000e-08
L4,19,41,168,edge,2.2000000000e-08
L4,19,41,175,edge,1.1000000000e-08
L4,19,41,185,edge,4.4000000000e-08
L4,19,41,189,edge,2.2000000000e-08
L4,19,41,190,edge,1.1000000000e-08
L4,19,41,191,edge,1.1000000000e-08
L4,19,41,192,edge,1.1000000000e-08
L4,19,41,197,edge,2.2000000000e-08
L4,19,41,198,edge,1.1000000000e-08
L4,19,41,200,edge,1.1000000000e-08
L4,19,41,201,edge,1.1000000000e-08
L4,19,41,202,edge,1.1000000000e-08
L4,19,41,210,edge,1.1000000000e-08
L4,19,41,211,edge,1.1000000000e-08
L4,19,41,214,edge,1.1000000000e-08
L4,19,41,216,edge,3.3000000000e-08
L4,19,41,217,edge,2.2000000000e-08
L4,19,41,220,edge,1.1000000000e-08
L4,19,48,167,edge,1.2100000000e-07
L4,20,26,196,edge,1.1000000000e-08
L4,20,30,167,edge,1.1000000000e-08
L4,20,30,189,edge,1.1000000000e-08
L4,20,30,216,edge,1.1000000000e-08
L4,20,37,211,edge,1.1000000000e-08
L4,20,37,211,fall,1.1000000000e-08
L4,20,38,192,edge,7.7000000000e-08
L4,20,38,192,fall,7.7000000000e-08
L4,20,40,168,edge,1.2100000000e-07
L4,20,40,185,edge,2.2000000000e-08
L4,20,40,210,edge,1.2100000000e-07
L4,20,42,168,edge,1.1000000000e-08
L4,20,42,175,edge,1.1000000000e-08
L4,20,42,184,edge,1.1000000000e-08
L4,20,42,185,edge,1.1000000000e-08
L4,20,42,189,edge,1.1000000000e-08
L4,20,42,191,edge,1.1000000000e-08
L4,20,42,195,edge,1.1000000000e-08
L4,20,42,197,edge,1.1000000000e-08
L4,20,42,217,edge,1.3200000000e-07
L4,20,49,167,edge,1.1000000000e-08
L4,21,26,203,edge,2.2000000000e-08
L4,21,33,177,edge,1.2100000000e-07
L4,21,33,177,fall,1.2100000000e-07
L4,21,33,196,edge,1.1000000000e-08
L4,21,33,196,fall,1.1000000000e-08
L4,21,40,185,edge,1.2100000000e-07
L4,21,42,168,edge,1.1000000000e-08
L4,21,42,184,edge,1.1000000000e-08
L4,21,42,185,edge,1.1000000000e-08
L4,21,42,189,edge,1.1000000000e-08
L4,21,42,191,edge,1.1000000000e-08
L4,21,42,195,edge,1.1000000000e-08
L4,21,42,217,edge,1.1000000000e-08
L4,22,25,176,edge,1.2100000000e-07
L4,22,33,167,edge,1.1000000000e-08
L4,22,33,167,fall,1.1000000000e-08
L4,22,33,177,edge,1.1000000000e-08
L4,22,33,177,fall,1.1000000000e-08
L4,22,33,196,edge,1.1000000000e-08
L4,22,33,196,fall,1.1000000000e-08
L4,22,33,201,edge,1.2100000000e-07
L4,22,33,201,fall,1.2100000000e-07
L4,22,41,218,edge,1.2100000000e-07
L4,22,44,175,edge,6.6000000000e-08
L4,22,44,175,fall,6.6000000000e-08
L4,22,44,186,edge,1.1000000000e-08
L4,22,44,186,fall,1.1000000000e-08
L4,22,44,215,edge,1.1000000000e-08
L4,22,44,215,fall,1.1000000000e-08
L4,22,52,189,edge,1.2100000000e-07
L4,23,33,164,edge,1.1000000000e-08
L4,23,33,167,edge,1.1000000000e-08
L4,23,33,177,edge,1.1000000000e-08
L4,23,33,184,edge,1.1000000000e-08
L4,23,33,190,edge,1.1000000000e-08
L4,23,33,191,edge,1.1000000000e-08
L4,23,33,192,edge,1.1000000000e-08
L4,23,33,194,edge,1.1000000000e-08
L4,23,33,196,edge,1.1000000000e-08
L4,23,33,199,edge,2.2000000000e-08
L4,23,33,201,edge,2.2000000000e-08
L4,23,33,212,edge,1.1000000000e-08
L4,23,33,215,edge,1.1000000000e-08
L4,23,33,221,edge,2.2000000000e-08
L4,23,40,167,edge,6.6000000000e-08
L4,23,40,167,fall,6.6000000000e-08
L4,23,40,192,edge,1.2100000000e-07
L4,23,40,192,fall,1.2100000000e-07
L4,23,53,202,edge,6.6000000000e-08
L4,24,34,164,edge,1.1000000000e-08
L4,24,34,201,edge,1.1000000000e-08
L4,24,34,203,edge,2.2000000000e-08
L4,24,34,215,edge,1.1000000000e-08
L4,24,34,221,edge,1.1000000000e-08
L4,24,39,201,edge,1.2100000000e-07
L4,24,39,201,fall,1.2100000000e-07
L4,24,42,168,edge,1.1000000000e-08
L4,24,42,189,edge,1.1000000000e-08
L4,24,42,198,edge,1.2100000000e-07
L4,24,44,177,edge,1.2100000000e-07
L4,24,44,177,fall,1.2100000000e-07
L4,24,44,214,edge,1.2100000000e-07
L4,24,44,214,fall,1.2100000000e-07
L4,24,46,162,edge,1.1000000000e-08
L4,24,46,162,fall,1.1000000000e-08
L4,24,46,165,edge,1.1000000000e-08
L4,24,46,165,fall,1.1000000000e-08
L4,24,54,167,edge,1.1000000000e-08
L4,24,54,198,edge,1.2100000000e-07
L4,25,29,176,edge,1.1000000000e-08
L4,25,29,195,edge,1.1000000000e-08
L4,25,36,176,edge,1.1000000000e-08
L4,25,36,177,edge,2.2000000000e-08
L4,25,36,184,edge,1.1000000000e-08
L4,25,36,186,edge,1.1000000000e-08
L4,25,36,201,edge,1.1000000000e-08
L4,25,36,203,edge,1.1000000000e-08
L4,25,36,214,edge,1.1000000000e-08
L4,25,36,221,edge,1.1000000000e-08
L4,25,39,201,edge,1.1000000000e-08
L4,25,43,167,edge,1.1000000000e-08
L4,25,43,175,edge,2.2000000000e-08
L4,25,43,177,edge,1.1000000000e-08
L4,25,43,183,edge,1.1000000000e-08
L4,25,43,192,edge,1.1000000000e-08
L4,25,43,198,edge,1.1000000000e-08
L4,25,43,201,edge,2.2000000000e-08
L4,25,43,203,edge,1.1000000000e-08
L4,25,43,214,edge,1.1000000000e-08
L4,25,45,175,edge,2.2000000000e-08
L4,25,45,175,fall,2.2000000000e-08
L4,25,45,177,edge,2.2000000000e-08
L4,25,45,177,fall,2.2000000000e-08
L4,25,45,183,edge,1.1000000000e-08
L4,25,45,183,fall,1.1000000000e-08
L4,25,45,197,edge,1.1000000000e-08
L4,25,45,197,fall,1.1000000000e-08
L4,25,45,198,edge,1.1000000000e-08
L4,25,45,198,fall,1.1000000000e-08
L4,25,45,200,edge,1.1000000000e-08
L4,25,45,200,fall,1.1000000000e-08
L4,25,45,201,edge,2.2000000000e-08
L4,25,45,201,fall,2.2000000000e-08
L4,25,45,203,edge,1.1000000000e-08
L4,25,45,203,fall,1.1000000000e-08
L4,25,48,168,edge,1.1000000000e-08
L4,25,48,175,edge,1.1000000000e-08
L4,25,48,177,edge,1.1000000000e-08
L4,25,48,197,edge,1.1000000000e-08
L4,25,48,201,edge,1.1000000000e-08
L4,25,48,203,edge,1.1000000000e-08
L4,25,56,200,edge,1.2100000000e-07
L4,26,38,177,edge,1.1000000000e-08
L4,26,38,191,edge,1.1000000000e-08
L4,26,38,201,edge,1.1000000000e-08
L4,26,38,214,edge,1.1000000000e-08
L4,26,38,215,edge,1.1000000000e-08
L4,26,44,191,edge,1.1000000000e-08
L4,26,44,191,fall,1.1000000000e-08
L4,26,44,201,edge,1.1000000000e-08
L4,26,44,201,fall,1.1000000000e-08
L4,26,44,202,edge,1.1000000000e-08
L4,26,44,202,fall,1.1000000000e-08
L4,26,44,218,edge,2.2000000000e-08
L4,26,44,218,fall,2.2000000000e-08
L4,26,45,167,edge,1.1000000000e-08
L4,26,45,167,fall,1.1000000000e-08
L4,26,45,177,edge,1.1000000000e-08
L4,26,45,177,fall,1.1000000000e-08
L4,26,45,191,edge,1.1000000000e-08
L4,26,45,191,fall,1.1000000000e-08
L4,26,45,192,edge,1.1000000000e-08
L4,26,45,192,fall,1.1000000000e-08
L4,26,45,201,edge,1.1000000000e-08
L4,26,45,201,fall,1.1000000000e-08
L4,26,45,202,edge,1.1000000000e-08
L4,26,45,202,fall,1.1000000000e-08
L4,26,45,214,edge,1.1000000000e-08
L4,26,45,214,fall,1.1000000000e-08
L4,26,45,218,edge,2.2000000000e-08
L4,26,45,218,fall,2.2000000000e-08
L4,26,47,163,edge,1.1000000000e-08
L4,26,47,165,edge,1.1000000000e-08
L4,26,47,166,edge,3.3000000000e-08
L4,26,47,168,edge,2.2000000000e-08
L4,26,47,175,edge,1.1000000000e-08
L4,26,47,176,edge,2.2000000000e-08
L4,26,47,188,edge,1.1000000000e-08
L4,26,47,189,edge,1.1000000000e-08
L4,26,47,190,edge,1.1000000000e-08
L4,26,47,192,edge,2.2000000000e-08
L4,26,47,194,edge,3.3000000000e-08
L4,26,47,195,edge,1.1000000000e-08
L4,26,47,198,edge,1.1000000000e-08
L4,26,47,199,edge,1.1000000000e-08
L4,26,47,200,edge,2.2000000000e-08
L4,26,47,201,edge,1.1000000000e-08
L4,26,47,202,edge,2.2000000000e-08
L4,26,47,203,edge,1.1000000000e-08
L4,26,47,210,edge,2.2000000000e-08
L4,26,47,211,edge,1.1000000000e-08
L4,26,47,214,edge,2.2000000000e-08
L4,26,47,216,edge,1.2100000000e-07
L4,26,47,217,edge,1.1000000000e-08
L4,26,47,220,edge,1.1000000000e-08
L4,26,49,167,edge,1.1000000000e-08
L4,26,49,168,edge,1.1000000000e-08
L4,26,49,175,edge,1.1000000000e-08
L4,26,49,182,edge,1.1000000000e-08
L4,26,49,185,edge,1.1000000000e-08
L4,26,49,188,edge,1.1000000000e-08
L4,26,49,189,edge,1.1000000000e-08
L4,26,49,193,edge,1.1000000000e-08
L4,26,49,194,edge,1.1000000000e-08
L4,26,49,196,edge,1.1000000000e-08
L4,26,49,198,edge,1.1000000000e-08
L4,26,49,200,edge,1.1000000000e-08
L4,26,49,203,edge,1.1000000000e-08
L4,26,49,212,edge,1.1000000000e-08
L4,26,49,220,edge,1.1000000000e-08
L4,26,49,221,edge,1.1000000000e-08
L4,27,31,210,edge,1.2100000000e-07
L4,27,43,202,edge,1.1000000000e-08
L4,27,43,202,fall,1.1000000000e-08
L4,27,46,162,edge,1.1000000000e-08
L4,27,46,162,fall,1.1000000000e-08
L4,27,48,184,edge,1.1000000000e-08
L4,27,48,189,edge,1.1000000000e-08
L4,27,48,191,edge,1.1000000000e-08
L4,27,48,192,edge,1.1000000000e-08
L4,27,48,193,edge,1.2100000000e-07
L4,27,48,194,edge,1.1000000000e-08
L4,27,48,195,edge,1.1000000000e-08
L4,27,48,201,edge,1.1000000000e-08
L4,27,48,212,edge,1.2100000000e-07
L4,27,58,166,edge,1.2100000000e-07
L4,27,58,167,edge,1.2100000000e-07
L4,28,45,189,edge,1.2100000000e-07
L4,28,45,189,fall,1.2100000000e-07
L4,28,59,221,edge,1.1000000000e-08
L4,29,33,176,edge,3.3000000000e-08
L4,29,41,175,edge,2.2000000000e-08
L4,29,41,189,edge,1.1000000000e-08
L4,29,41,192,edge,1.1000000000e-08
L4,29,41,200,edge,1.1000000000e-08
L4,29,41,201,edge,1.1000000000e-08
L4,29,41,217,edge,1.1000000000e-08
L4,29,41,220,edge,1.2100000000e-07
L4,29,44,166,edge,1.2100000000e-07
L4,29,44,166,fall,1.2100000000e-07
L4,30,34,215,edge,2.4200000000e-07
L4,30,42,212,edge,3.3000000000e-08
L4,30,44,166,edge,1.1000000000e-08
L4,30,44,214,edge,1.1000000000e-08
L4,30,56,167,edge,1.1000000000e-08
L4,30,56,168,edge,1.1000000000e-08
L4,30,56,177,edge,1.1000000000e-08
L4,30,56,182,edge,1.1000000000e-08
L4,30,56,185,edge,1.1000000000e-08
L4,30,56,186,edge,1.1000000000e-08
L4,30,56,188,edge,1.1000000000e-08
L4,30,56,192,edge,1.1000000000e-08
L4,30,56,199,edge,1.1000000000e-08
L4,30,56,201,edge,2.2000000000e-08
L4,30,56,213,edge,1.1000000000e-08
L4,30,56,216,edge,1.1000000000e-08
L4,30,56,217,edge,1.1000000000e-08
L4,30,56,218,edge,1.1000000000e-08
L4,30,61,184,edge,1.1000000000e-08
L4,30,61,187,edge,1.2100000000e-07
L4,31,35,166,edge,1.1000000000e-08
L4,31,36,166,edge,1.1000000000e-08
L4,31,36,195,edge,1.1000000000e-08
L4,31,36,215,edge,1.1000000000e-08
L4,31,43,162,edge,1.3200000000e-07
L4,31,43,164,edge,1.1000000000e-08
L4,31,43,165,edge,1.1000000000e-08
L4,31,43,166,edge,1.1000000000e-08
L4,31,43,175,edge,1.1000000000e-08
L4,31,43,177,edge,1.1000000000e-08
L4,31,43,182,edge,1.1000000000e-08
L4,31,43,183,edge,1.1000000000e-08
L4,31,43,186,edge,1.1000000000e-08
L4,31,43,187,edge,1.1000000000e-08
L4,31,43,189,edge,3.3000000000e-08
L4,31,43,190,edge,1.1000000000e-08
L4,31,43,199,edge,1.1000000000e-08
L4,31,43,201,edge,2.2000000000e-08
L4,31,43,202,edge,1.1000000000e-08
L4,31,43,203,edge,1.1000000000e-08
L4,31,43,214,edge,1.1000000000e-08
L4,31,43,215,edge,2.2000000000e-08
L4,31,43,216,edge,1.1000000000e-08
L4,31,43,221,edge,1.1000000000e-08
L4,31,55,165,edge,1.1000000000e-08
L4,31,55,168,edge,1.1000000000e-08
L4,31,55,193,edge,1.1000000000e-08
L4,31,55,195,edge,1.1000000000e-08
L4,31,55,216,edge,1.1000000000e-08
L4,31,57,165,edge,1.1000000000e-08
L4,31,57,166,edge,1.1000000000e-08
L4,31,57,196,edge,1.1000000000e-08
L4,31,63,188,edge,1.1000000000e-08
L4,31,63,189,edge,1.1000000000e-07
L4,32,37,184,edge,1.2100000000e-07
L4,32,56,167,edge,1.1000000000e-08
L4,32,56,168,edge,3.3000000000e-08
L4,32,56,184,edge,1.1000000000e-08
L4,32,56,187,edge,1.1000000000e-08
L4,32,56,189,edge,2.2000000000e-08
L4,32,56,190,edge,2.2000000000e-08
L4,32,56,191,edge,2.2000000000e-08
L4,32,56,193,edge,3.3000000000e-08
L4,32,56,201,edge,1.1000000000e-08
L4,32,56,215,edge,1.1000000000e-08
L4,32,56,216,edge,1.1000000000e-08
L4,32,56,219,edge,1.1000000000e-08
L4,32,56,220,edge,1.1000000000e-08
L4,32,64,215,edge,1.1000000000e-08
L4,33,38,190,edge,1.2100000000e-07
L4,33,38,198,edge,1.2100000000e-07
L4,33,38,199,edge,1.4300000000e-07
L4,33,38,218,edge,1.2100000000e-07
L4,33,57,162,edge,1.2100000000e-07
L4,33,57,168,edge,1.1000000000e-08
L4,33,57,177,edge,1.1000000000e-08
L4,33,57,185,edge,1.1000000000e-08
L4,33,57,188,edge,1.1000000000e-08
L4,33,57,191,edge,1.1000000000e-08
L4,33,57,192,edge,1.1000000000e-08
L4,33,57,193,edge,2.2000000000e-08
L4,33,57,195,edge,1.1000000000e-08
L4,33,57,200,edge,1.1000000000e-08
L4,33,57,202,edge,1.1000000000e-08
L4,33,57,214,edge,1.1000000000e-08
L4,33,65,211,edge,1.2100000000e-07
L4,34,45,164,edge,1.1000000000e-08
L4,34,45,165,edge,2.2000000000e-08
L4,34,45,183,edge,1.1000000000e-08
L4,34,45,184,edge,1.1000000000e-08
L4,34,45,185,edge,1.1000000000e-08
L4,34,45,189,edge,1.1000000000e-08
L4,34,45,191,edge,1.1000000000e-08
L4,34,45,192,edge,1.1000000000e-08
L4,34,45,193,edge,1.3200000000e-07
L4,34,45,196,edge,1.1000000000e-08
L4,34,45,197,edge,1.1000000000e-08
L4,34,45,198,edge,1.1000000000e-08
L4,34,45,202,edge,1.1000000000e-08
L4,34,45,203,edge,1.3200000000e-07
L4,34,45,213,edge,1.1000000000e-08
L4,34,45,220,edge,1.1000000000e-08
L4,34,45,221,edge,1.1000000000e-08
L4,34,56,162,edge,1.1000000000e-08
L4,34,56,165,edge,1.1000000000e-08
L4,34,56,177,edge,1.1000000000e-08
L4,34,56,196,edge,1.1000000000e-08
L4,34,58,196,edge,1.1000000000e-08
L4,35,44,183,edge,1.1000000000e-08
L4,35,44,211,edge,1.1000000000e-08
L4,35,50,162,edge,1.1000000000e-08
L4,35,50,163,edge,1.1000000000e-08
L4,35,50,165,edge,1.1000000000e-08
L4,35,50,166,edge,1.1000000000e-08
L4,35,50,183,edge,1.1000000000e-08
L4,35,50,188,edge,1.1000000000e-08
L4,35,50,190,edge,1.1000000000e-08
L4,35,50,191,edge,1.1000000000e-08
L4,35,50,197,edge,1.1000000000e-08
L4,35,50,198,edge,1.1000000000e-08
L4,35,50,200,edge,1.1000000000e-08
L4,35,50,201,edge,3.3000000000e-08
L4,35,50,202,edge,1.1000000000e-08
L4,35,57,162,edge,2.2000000000e-08
L4,35,57,186,edge,1.1000000000e-08
L4,35,57,188,edge,1.1000000000e-08
L4,35,57,190,edge,2.2000000000e-08
L4,35,57,195,edge,2.2000000000e-08
L4,35,57,196,edge,1.1000000000e-08
L4,35,57,201,edge,1.1000000000e-08
L4,35,57,216,edge,1.1000000000e-08
L4,36,45,195,edge,1.2100000000e-07
L4,36,47,162,edge,1.1000000000e-08
L4,36,47,183,edge,1.1000000000e-08
L4,36,47,192,edge,1.1000000000e-08
L4,36,47,195,edge,1.1000000000e-08
L4,36,47,199,edge,1.1000000000e-08
L4,36,47,202,edge,1.1000000000e-08
L4,36,47,214,edge,1.1000000000e-08
L4,36,47,220,edge,1.1000000000e-08
L4,36,49,168,edge,2.2000000000e-08
L4,36,49,182,edge,1.1000000000e-08
L4,36,49,192,edge,1.1000000000e-08
L4,36,49,194,edge,2.2000000000e-08
L4,36,49,201,edge,1.1000000000e-08
L4,36,49,202,edge,2.2000000000e-08
L4,36,49,210,edge,1.1000000000e-08
L4,36,59,164,edge,1.1000000000e-08
L4,36,59,165,edge,1.3200000000e-07
L4,36,59,182,edge,2.2000000000e-08
L4,36,59,186,edge,1.1000000000e-08
L4,36,59,194,edge,2.2000000000e-08
L4,36,59,195,edge,1.1000000000e-08
L4,36,59,197,edge,2.2000000000e-08
L4,36,59,214,edge,1.1000000000e-08
L4,36,61,162,edge,2.2000000000e-08
L4,36,61,165,edge,2.2000000000e-08
L4,36,61,167,edge,1.1000000000e-08
L4,36,61,168,edge,1.1000000000e-08
L4,36,61,182,edge,1.1000000000e-08
L4,36,61,186,edge,1.1000000000e-08
L4,36,61,188,edge,1.1000000000e-08
L4,36,61,190,edge,1.1000000000e-08
L4,36,61,191,edge,1.1000000000e-08
L4,36,61,192,edge,1.1000000000e-08
L4,36,61,194,edge,2.2000000000e-08
L4,36,61,195,edge,2.2000000000e-08
L4,36,61,197,edge,2.2000000000e-08
L4,36,61,214,edge,1.1000000000e-08
L4,36,61,216,edge,1.1000000000e-08
L4,36,61,219,edge,1.1000000000e-08
L4,36,68,167,edge,1.1000000000e-08
L4,36,68,177,edge,1.1000000000e-08
L4,36,68,185,edge,1.1000000000e-08
L4,36,68,187,edge,1.1000000000e-08
L4,36,68,190,edge,1.1000000000e-08
L4,36,68,195,edge,1.1000000000e-08
L4,36,69,164,edge,1.1000000000e-08
L4,36,69,195,edge,1.2100000000e-07
L4,37,43,194,edge,1.1000000000e-08
L4,37,43,195,edge,1.1000000000e-08
L4,37,43,199,edge,2.2000000000e-08
L4,37,43,215,edge,1.1000000000e-08
L4,37,46,162,edge,1.2100000000e-07
L4,37,46,163,edge,1.1000000000e-08
L4,37,46,167,edge,1.1000000000e-08
L4,37,46,175,edge,1.1000000000e-08
L4,37,46,182,edge,1.1000000000e-08
L4,37,46,192,edge,1.3200000000e-07
L4,37,46,199,edge,2.2000000000e-08
L4,37,46,211,edge,1.1000000000e-08
L4,37,46,212,edge,1.1000000000e-08
L4,37,46,215,edge,1.1000000000e-08
L4,37,46,218,edge,1.1000000000e-08
L4,37,50,193,edge,1.2100000000e-07
L4,37,52,162,edge,1.1000000000e-08
L4,37,52,165,edge,1.1000000000e-08
L4,37,52,168,edge,1.1000000000e-08
L4,37,52,189,edge,1.1000000000e-08
L4,37,52,201,edge,1.1000000000e-08
L4,37,52,203,edge,1.1000000000e-08
L4,37,58,196,edge,1.1000000000e-08
L4,37,58,198,edge,1.1000000000e-08
L4,37,58,201,edge,1.2100000000e-07
L4,37,60,175,edge,1.1000000000e-08
L4,37,62,162,edge,1.1000000000e-08
L4,37,62,200,edge,1.1000000000e-08
L4,37,70,177,edge,6.6000000000e-08
L4,37,70,188,edge,2.2000000000e-07
L4,38,44,163,edge,1.1000000000e-08
L4,38,51,168,edge,1.3200000000e-07
L4,38,51,175,edge,2.2000000000e-08
L4,38,51,182,edge,4.4000000000e-08
L4,38,51,183,edge,1.1000000000e-08
L4,38,51,184,edge,1.1000000000e-08
L4,38,51,186,edge,1.1000000000e-08
L4,38,51,187,edge,1.1000000000e-08
L4,38,51,190,edge,1.1000000000e-08
L4,38,51,193,edge,1.1000000000e-08
L4,38,51,196,edge,1.1000000000e-08
L4,38,51,198,edge,1.1000000000e-08
L4,38,51,199,edge,1.1000000000e-08
L4,38,51,200,edge,1.1000000000e-08
L4,38,51,202,edge,2.2000000000e-08
L4,38,51,203,edge,1.1000000000e-08
L4,38,51,212,edge,1.1000000000e-08
L4,38,51,216,edge,1.1000000000e-08
L4,38,51,218,edge,1.1000000000e-08
L4,38,59,162,edge,1.1000000000e-08
L4,38,59,163,edge,1.1000000000e-08
L4,38,59,168,edge,1.1000000000e-08
L4,38,59,176,edge,1.1000000000e-08
L4,38,59,177,edge,2.2000000000e-08
L4,38,59,182,edge,2.2000000000e-08
L4,38,59,183,edge,1.1000000000e-08
L4,38,59,185,edge,1.1000000000e-08
L4,38,59,186,edge,2.2000000000e-08
L4,38,59,187,edge,2.2000000000e-08
L4,38,59,190,edge,1.1000000000e-08
L4,38,59,191,edge,1.1000000000e-08
L4,38,59,193,edge,1.1000000000e-08
L4,38,59,194,edge,2.2000000000e-08
L4,38,59,198,edge,1.1000000000e-08
L4,38,59,199,edge,1.1000000000e-08
L4,38,59,200,edge,2.2000000000e-08
L4,38,61,163,edge,1.1000000000e-08
L4,38,61,164,edge,4.4000000000e-08
L4,38,61,176,edge,1.1000000000e-08
L4,38,61,177,edge,1.1000000000e-08
L4,38,61,182,edge,2.2000000000e-08
L4,38,61,186,edge,2.2000000000e-08
L4,38,61,187,edge,1.1000000000e-08
L4,38,61,190,edge,1.1000000000e-08
L4,38,61,191,edge,2.2000000000e-08
L4,38,61,193,edge,1.1000000000e-08
L4,38,61,194,edge,2.2000000000e-08
L4,38,61,200,edge,1.1000000000e-08
L4,38,61,203,edge,1.1000000000e-08
L4,38,61,214,edge,1.1000000000e-08
L4,38,61,218,edge,1.1000000000e-08
L4,39,45,195,edge,1.2100000000e-07
L4,39,64,163,edge,1.1000000000e-08
L4,39,64,164,edge,1.1000000000e-08
L4,39,64,168,edge,2.2000000000e-08
L4,39,64,176,edge,1.1000000000e-08
L4,39,64,177,edge,1.1000000000e-08
L4,39,64,182,edge,1.1000000000e-08
L4,39,64,183,edge,1.1000000000e-08
L4,39,64,185,edge,1.1000000000e-08
L4,39,64,186,edge,3.3000000000e-08
L4,39,64,187,edge,1.1000000000e-08
L4,39,64,190,edge,1.1000000000e-08
L4,39,64,191,edge,2.2000000000e-08
L4,39,64,193,edge,1.1000000000e-08
L4,39,64,194,edge,1.1000000000e-08
L4,39,64,196,edge,1.1000000000e-08
L4,39,64,198,edge,1.1000000000e-08
L4,39,64,200,edge,1.1000000000e-08
L4,39,64,201,edge,2.2000000000e-08
L4,39,64,202,edge,1.1000000000e-08
L4,39,64,211,edge,1.1000000000e-08
L4,39,72,162,edge,1.2100000000e-07
L4,39,72,190,edge,1.2100000000e-07
L4,40,46,166,edge,1.2100000000e-07
L4,40,46,212,edge,1.2100000000e-07
L4,40,46,214,edge,1.2100000000e-07
L4,40,52,164,edge,2.2000000000e-08
L4,40,52,165,edge,1.1000000000e-08
L4,40,52,176,edge,1.1000000000e-08
L4,40,52,182,edge,2.2000000000e-08
L4,40,52,185,edge,1.1000000000e-08
L4,40,52,188,edge,1.1000000000e-08
L4,40,52,190,edge,1.1000000000e-08
L4,40,52,192,edge,1.1000000000e-08
L4,40,52,194,edge,1.1000000000e-08
L4,40,52,196,edge,2.2000000000e-08
L4,40,52,201,edge,2.2000000000e-08
L4,40,52,202,edge,1.3200000000e-07
L4,40,52,203,edge,1.1000000000e-08
L4,40,52,213,edge,1.1000000000e-08
L4,40,52,214,edge,1.1000000000e-08
L4,40,52,215,edge,1.1000000000e-08
L4,40,52,218,edge,1.1000000000e-08
L4,40,52,219,edge,1.1000000000e-08
L4,40,52,220,edge,1.1000000000e-08
L4,40,52,221,edge,1.1000000000e-08
L4,40,56,168,edge,2.2000000000e-08
L4,40,56,190,edge,1.1000000000e-08
L4,40,56,198,edge,1.1000000000e-08
L4,40,56,201,edge,2.2000000000e-08
L4,40,56,218,edge,1.1000000000e-08
L4,40,62,193,edge,1.2100000000e-07
L4,40,62,193,fall,1.2100000000e-07
L4,40,62,211,edge,1.1000000000e-08
L4,40,62,211,fall,1.1000000000e-08
L4,40,65,163,edge,1.1000000000e-08
L4,40,65,164,edge,1.1000000000e-08
L4,40,65,165,edge,1.1000000000e-08
L4,40,65,166,edge,1.1000000000e-08
L4,40,65,168,edge,1.1000000000e-08
L4,40,65,176,edge,1.1000000000e-08
L4,40,65,177,edge,1.1000000000e-08
L4,40,65,182,edge,1.1000000000e-08
L4,40,65,183,edge,1.3200000000e-07
L4,40,65,189,edge,1.1000000000e-08
L4,40,65,195,edge,1.1000000000e-08
L4,40,65,196,edge,3.3000000000e-08
L4,40,65,197,edge,1.1000000000e-08
L4,40,65,199,edge,1.1000000000e-08
L4,40,65,201,edge,1.2100000000e-07
L4,40,65,202,edge,1.1000000000e-08
L4,40,65,203,edge,1.1000000000e-08
L4,40,65,210,edge,1.1000000000e-08
L4,40,65,211,edge,1.1000000000e-08
L4,40,65,212,edge,1.1000000000e-08
L4,40,65,216,edge,1.1000000000e-08
L4,40,65,219,edge,1.1000000000e-08
L4,40,65,220,edge,1.1000000000e-08
L4,40,73,198,edge,1.2100000000e-07
L4,41,53,168,edge,1.1000000000e-08
L4,41,53,186,edge,1.1000000000e-08
L4,41,53,189,edge,1.1000000000e-08
L4,41,53,194,edge,2.2000000000e-08
L4,41,53,196,edge,1.1000000000e-08
L4,41,53,198,edge,1.1000000000e-08
L4,41,53,220,edge,2.2000000000e-08
L4,41,55,168,edge,1.1000000000e-08
L4,41,55,177,edge,1.1000000000e-08
L4,41,57,162,edge,1.1000000000e-08
L4,41,57,163,edge,1.1000000000e-08
L4,41,57,166,edge,1.1000000000e-08
L4,41,57,167,edge,2.2000000000e-08
L4,41,57,177,edge,1.1000000000e-08
L4,41,57,188,edge,1.1000000000e-08
L4,41,57,194,edge,1.1000000000e-08
L4,41,57,197,edge,1.1000000000e-08
L4,41,57,199,edge,1.1000000000e-08
L4,41,57,201,edge,2.2000000000e-08
L4,41,57,216,edge,1.1000000000e-08
L4,41,57,217,edge,2.2000000000e-08
L4,41,57,221,edge,1.1000000000e-08
L4,41,60,168,edge,1.1000000000e-08
L4,41,60,190,edge,1.2100000000e-07
L4,41,60,198,edge,1.2100000000e-07
L4,41,60,199,edge,2.2000000000e-08
L4,41,60,218,edge,1.2100000000e-07
L4,41,60,221,edge,1.1000000000e-08
L4,41,61,176,edge,1.1000000000e-08
L4,41,61,176,fall,1.1000000000e-08
L4,41,61,177,edge,1.1000000000e-08
L4,41,61,177,fall,1.1000000000e-08
L4,41,61,183,edge,1.1000000000e-08
L4,41,61,183,fall,1.1000000000e-08
L4,41,61,190,edge,1.1000000000e-08
L4,41,61,190,fall,1.1000000000e-08
L4,41,61,196,edge,1.1000000000e-08
L4,41,61,196,fall,1.1000000000e-08
L4,41,61,198,edge,2.2000000000e-08
L4,41,61,198,fall,2.2000000000e-08
L4,41,61,203,edge,1.1000000000e-08
L4,41,61,203,fall,1.1000000000e-08
L4,41,61,218,edge,1.1000000000e-08
L4,41,61,218,fall,1.1000000000e-08
L4,41,61,221,edge,1.1000000000e-08
L4,41,61,221,fall,1.1000000000e-08
L4,41,74,167,edge,2.2000000000e-08
L4,41,74,186,edge,1.1000000000e-08
L4,41,74,187,edge,2.2000000000e-08
L4,41,74,202,edge,1.2100000000e-07
L4,41,74,217,edge,1.1000000000e-08
L4,41,75,187,edge,2.4200000000e-07
L4,42,52,162,edge,1.1000000000e-08
L4,42,52,164,edge,3.3000000000e-08
L4,42,52,167,edge,1.1000000000e-08
L4,42,52,182,edge,1.1000000000e-08
L4,42,52,183,edge,1.1000000000e-08
L4,42,52,187,edge,1.1000000000e-08
L4,42,52,192,edge,1.1000000000e-08
L4,42,52,194,edge,1.1000000000e-08
L4,42,52,195,edge,1.1000000000e-08
L4,42,52,197,edge,1.1000000000e-08
L4,42,52,203,edge,3.3000000000e-08
L4,42,52,211,edge,2.2000000000e-08
L4,42,52,212,edge,1.1000000000e-08
L4,42,52,214,edge,1.1000000000e-08
L4,42,52,215,edge,1.1000000000e-08
L4,42,52,220,edge,1.1000000000e-08
L4,42,56,164,edge,1.1000000000e-08
L4,42,56,176,edge,2.2000000000e-08
L4,42,56,182,edge,3.3000000000e-08
L4,42,56,185,edge,1.1000000000e-08
L4,42,56,192,edge,1.1000000000e-08
L4,42,56,193,edge,2.2000000000e-08
L4,42,56,196,edge,3.3000000000e-08
L4,42,56,199,edge,1.2100000000e-07
L4,42,56,200,edge,1.1000000000e-08
L4,42,56,201,edge,3.3000000000e-08
L4,42,56,202,edge,1.1000000000e-08
L4,42,56,203,edge,1.1000000000e-08
L4,42,56,212,edge,1.1000000000e-08
L4,42,56,214,edge,1.1000000000e-08
L4,42,56,219,edge,1.1000000000e-08
L4,42,56,220,edge,1.1000000000e-08
L4,42,56,221,edge,1.1000000000e-08
L4,42,59,162,edge,1.1000000000e-08
L4,42,59,163,edge,1.1000000000e-08
L4,42,59,168,edge,3.3000000000e-08
L4,42,59,175,edge,1.1000000000e-08
L4,42,59,176,edge,1.1000000000e-08
L4,42,59,177,edge,1.1000000000e-08
L4,42,59,183,edge,1.1000000000e-08
L4,42,59,184,edge,2.2000000000e-08
L4,42,59,188,edge,1.1000000000e-08
L4,42,59,190,edge,1.1000000000e-08
L4,42,59,195,edge,1.1000000000e-08
L4,42,59,196,edge,2.2000000000e-08
L4,42,59,200,edge,2.2000000000e-08
L4,42,59,202,edge,1.1000000000e-08
L4,42,59,210,edge,1.1000000000e-08
L4,42,59,211,edge,1.1000000000e-08
L4,42,59,213,edge,1.1000000000e-08
L4,42,59,216,edge,1.1000000000e-08
L4,42,59,218,edge,1.1000000000e-08
L4,42,59,219,edge,1.1000000000e-08
L4,42,61,176,edge,1.1000000000e-08
L4,42,61,176,fall,1.1000000000e-08
L4,42,61,177,edge,1.1000000000e-08
L4,42,61,177,fall,1.1000000000e-08
L4,42,61,183,edge,1.1000000000e-08
L4,42,61,183,fall,1.1000000000e-08
L4,42,61,190,edge,1.1000000000e-08
L4,42,61,190,fall,1.1000000000e-08
L4,42,61,196,edge,1.1000000000e-08
L4,42,61,196,fall,1.1000000000e-08
L4,42,61,198,edge,1.1000000000e-08
L4,42,61,198,fall,1.1000000000e-08
L4,42,61,203,edge,1.1000000000e-08
L4,42,61,203,fall,1.1000000000e-08
L4,42,61,218,edge,1.1000000000e-08
L4,42,61,218,fall,1.1000000000e-08
L4,42,61,221,edge,1.2100000000e-07
L4,42,61,221,fall,1.2100000000e-07
L4,42,76,167,edge,1.2100000000e-07
L4,43,49,187,edge,1.2100000000e-07
L4,43,50,185,edge,1.1000000000e-08
L4,43,50,187,edge,2.2000000000e-08
L4,43,50,215,edge,1.1000000000e-08
L4,43,53,162,edge,1.1000000000e-08
L4,43,53,163,edge,1.1000000000e-08
L4,43,53,164,edge,1.1000000000e-08
L4,43,53,165,edge,1.1000000000e-08
L4,43,53,166,edge,1.1000000000e-08
L4,43,53,167,edge,1.1000000000e-08
L4,43,53,176,edge,1.1000000000e-08
L4,43,53,177,edge,2.2000000000e-08
L4,43,53,183,edge,1.1000000000e-08
L4,43,53,185,edge,2.2000000000e-08
L4,43,53,187,edge,2.2000000000e-08
L4,43,53,192,edge,2.2000000000e-08
L4,43,53,194,edge,1.1000000000e-08
L4,43,53,199,edge,2.2000000000e-08
L4,43,53,212,edge,2.2000000000e-08
L4,43,53,215,edge,2.2000000000e-08
L4,43,60,168,edge,1.1000000000e-08
L4,43,60,176,edge,1.1000000000e-08
L4,43,60,182,edge,1.1000000000e-08
L4,43,60,184,edge,1.1000000000e-08
L4,43,60,185,edge,1.1000000000e-08
L4,43,60,187,edge,1.2100000000e-07
L4,43,60,192,edge,1.1000000000e-08
L4,43,60,195,edge,1.1000000000e-08
L4,43,60,196,edge,2.2000000000e-08
L4,43,60,200,edge,1.1000000000e-08
L4,43,60,201,edge,2.2000000000e-08
L4,43,60,212,edge,2.2000000000e-08
L4,43,60,214,edge,1.1000000000e-08
L4,43,60,215,edge,1.1000000000e-08
L4,43,60,217,edge,1.1000000000e-08
L4,43,60,221,edge,1.1000000000e-08
L4,43,62,185,edge,1.1000000000e-08
L4,43,62,185,fall,1.1000000000e-08
L4,43,62,221,edge,1.1000000000e-08
L4,43,62,221,fall,1.1000000000e-08
L4,43,69,167,edge,1.2100000000e-07
L4,43,69,167,fall,1.2100000000e-07
L4,43,69,186,edge,1.2100000000e-07
L4,43,69,186,fall,1.2100000000e-07
L4,43,77,163,edge,1.2100000000e-07
L4,43,77,186,edge,1.1000000000e-08
L4,44,51,177,edge,1.2100000000e-07
L4,44,51,196,edge,1.2100000000e-07
L4,44,51,199,edge,1.2100000000e-07
L4,44,52,162,edge,2.2000000000e-08
L4,44,52,176,edge,1.1000000000e-08
L4,44,52,182,edge,1.1000000000e-08
L4,44,52,195,edge,1.1000000000e-08
L4,44,52,199,edge,1.1000000000e-08
L4,44,52,220,edge,1.3200000000e-07
L4,44,54,162,edge,1.1000000000e-08
L4,44,54,163,edge,1.1000000000e-08
L4,44,54,164,edge,1.1000000000e-08
L4,44,54,197,edge,1.1000000000e-08
L4,44,54,200,edge,1.1000000000e-08
L4,44,68,165,edge,1.1000000000e-08
L4,44,68,165,fall,1.1000000000e-08
L4,44,70,184,edge,1.2100000000e-07
L4,44,70,184,fall,1.2100000000e-07
L4,44,76,163,edge,1.1000000000e-08
L4,44,76,164,edge,1.1000000000e-08
L4,44,76,175,edge,1.1000000000e-08
L4,44,76,182,edge,1.1000000000e-08
L4,44,76,187,edge,1.1000000000e-08
L4,44,76,194,edge,1.1000000000e-08
L4,45,52,162,edge,2.2000000000e-08
L4,45,52,176,edge,1.1000000000e-08
L4,45,52,182,edge,1.2100000000e-07
L4,45,52,195,edge,1.1000000000e-08
L4,45,52,199,edge,1.1000000000e-08
L4,45,52,203,edge,1.2100000000e-07
L4,45,52,220,edge,1.1000000000e-08
L4,45,53,162,edge,1.2100000000e-07
L4,45,53,176,edge,1.1000000000e-08
L4,45,53,182,edge,1.1000000000e-08
L4,45,53,195,edge,1.1000000000e-08
L4,45,53,199,edge,1.1000000000e-08
L4,45,53,203,edge,2.2000000000e-08
L4,45,53,220,edge,1.1000000000e-08
L4,45,67,165,edge,1.1000000000e-08
L4,45,67,177,edge,1.1000000000e-08
L4,45,67,183,edge,1.1000000000e-08
L4,45,67,186,edge,1.1000000000e-08
L4,45,67,189,edge,1.1000000000e-08
L4,45,67,197,edge,1.1000000000e-08
L4,45,67,202,edge,1.1000000000e-08
L4,45,67,203,edge,1.1000000000e-08
L4,45,67,220,edge,2.2000000000e-08
L4,45,71,184,edge,1.1000000000e-08
L4,45,71,184,fall,1.1000000000e-08
L4,45,71,198,edge,1.1000000000e-08
L4,45,71,198,fall,1.1000000000e-08
L4,45,77,167,edge,1.1000000000e-08
L4,45,77,182,edge,1.2100000000e-07
L4,45,77,185,edge,1.1000000000e-08
L4,45,77,203,edge,1.1000000000e-08
L4,45,79,187,edge,1.2100000000e-07
L4,46,68,177,edge,1.1000000000e-08
L4,46,68,182,edge,1.1000000000e-08
L4,46,68,183,edge,1.1000000000e-08
L4,46,68,184,edge,1.1000000000e-08
L4,46,68,190,edge,1.1000000000e-08
L4,46,68,199,edge,1.1000000000e-08
L4,46,68,200,edge,1.1000000000e-08
L4,46,68,217,edge,1.1000000000e-08
L4,46,70,199,edge,1.1000000000e-08
L4,46,70,199,fall,1.1000000000e-08
L4,46,76,168,edge,1.1000000000e-08
L4,46,76,177,edge,1.1000000000e-08
L4,46,76,182,edge,1.1000000000e-08
L4,46,76,184,edge,1.1000000000e-08
L4,46,76,185,edge,3.3000000000e-08
L4,46,76,190,edge,1.1000000000e-08
L4,46,76,191,edge,1.1000000000e-08
L4,46,76,196,edge,1.1000000000e-08
L4,46,76,200,edge,1.1000000000e-08
L4,46,76,214,edge,1.1000000000e-08
L4,46,76,217,edge,1.1000000000e-08
L4,46,76,219,edge,1.1000000000e-08
L4,46,80,185,edge,1.1000000000e-08
L4,47,74,163,edge,1.1000000000e-08
L4,47,74,165,edge,1.1000000000e-08
L4,47,74,175,edge,1.1000000000e-08
L4,47,74,196,edge,1.1000000000e-08
L4,47,74,213,edge,2.2000000000e-08
L4,47,74,219,edge,2.2000000000e-08
L4,47,74,220,edge,1.1000000000e-08
L4,48,55,183,edge,7.7000000000e-08
L4,48,55,200,edge,1.2100000000e-07
L4,48,56,175,edge,1.1000000000e-08
L4,48,56,183,edge,1.1000000000e-08
L4,48,56,199,edge,1.1000000000e-08
L4,48,56,200,edge,1.1000000000e-08
L4,48,68,164,edge,1.1000000000e-08
L4,48,68,175,edge,1.1000000000e-08
L4,48,68,176,edge,1.1000000000e-08
L4,48,68,184,edge,1.1000000000e-08
L4,48,68,196,edge,1.2100000000e-07
L4,48,68,200,edge,2.2000000000e-08
L4,48,68,203,edge,1.1000000000e-08
L4,48,68,212,edge,1.1000000000e-08
L4,48,68,213,edge,1.1000000000e-08
L4,48,68,215,edge,2.2000000000e-08
L4,48,68,219,edge,2.2000000000e-08
L4,48,68,220,edge,1.1000000000e-08
L4,48,73,167,edge,1.1000000000e-08
L4,48,73,177,edge,1.1000000000e-08
L4,48,73,182,edge,1.1000000000e-08
L4,48,73,186,edge,1.1000000000e-08
L4,48,73,190,edge,1.1000000000e-08
L4,48,73,191,edge,1.1000000000e-08
L4,48,73,198,edge,1.1000000000e-08
L4,48,73,211,edge,1.1000000000e-08
L4,48,73,212,edge,1.1000000000e-08
L4,48,73,213,edge,1.1000000000e-08
L4,48,73,218,edge,1.1000000000e-08
L4,48,77,165,edge,2.2000000000e-08
L4,48,77,167,edge,1.1000000000e-08
L4,48,77,168,edge,3.3000000000e-08
L4,48,77,185,edge,1.1000000000e-08
L4,48,77,186,edge,1.1000000000e-08
L4,48,77,190,edge,1.1000000000e-08
L4,48,77,192,edge,1.1000000000e-08
L4,48,77,196,edge,1.1000000000e-08
L4,48,77,200,edge,4.4000000000e-08
L4,48,77,202,edge,2.2000000000e-08
L4,48,77,213,edge,1.1000000000e-08
L4,48,77,219,edge,1.1000000000e-08
L4,48,82,168,edge,1.1000000000e-08
L4,48,82,175,edge,2.2000000000e-08
L4,48,82,177,edge,1.1000000000e-08
L4,48,82,196,edge,1.2100000000e-07
L4,48,82,217,edge,9.9000000000e-08
L4,48,82,220,edge,1.1000000000e-08
L4,48,83,175,edge,1.2100000000e-07
L4,49,57,183,edge,4.4000000000e-08
L4,49,67,165,edge,1.1000000000e-08
L4,49,67,166,edge,1.1000000000e-08
L4,49,67,175,edge,1.1000000000e-08
L4,49,67,183,edge,1.1000000000e-08
L4,49,67,186,edge,2.2000000000e-08
L4,49,67,197,edge,1.1000000000e-08
L4,49,67,200,edge,1.2100000000e-07
L4,49,67,202,edge,1.1000000000e-08
L4,49,67,211,edge,1.1000000000e-08
L4,49,67,212,edge,1.1000000000e-08
L4,49,69,184,edge,1.1000000000e-08
L4,49,69,211,edge,2.2000000000e-08
L4,49,72,184,edge,1.2100000000e-07
L4,49,72,184,fall,1.2100000000e-07
L4,49,72,218,edge,1.1000000000e-08
L4,49,72,218,fall,1.1000000000e-08
L4,49,76,164,edge,1.1000000000e-08
L4,49,76,166,edge,1.1000000000e-08
L4,49,76,182,edge,1.1000000000e-08
L4,49,76,185,edge,1.1000000000e-08
L4,49,76,193,edge,3.3000000000e-08
L4,49,76,194,edge,1.1000000000e-08
L4,49,76,195,edge,1.1000000000e-08
L4,49,76,200,edge,1.1000000000e-08
L4,49,76,201,edge,1.1000000000e-08
L4,49,76,213,edge,1.1000000000e-08
L4,49,76,214,edge,1.1000000000e-08
L4,49,76,219,edge,1.2100000000e-07
L4,49,78,167,edge,1.1000000000e-08
L4,49,78,185,edge,1.1000000000e-08
L4,49,78,186,edge,1.1000000000e-08
L4,49,78,192,edge,1.1000000000e-08
L4,49,78,200,edge,1.1000000000e-08
L4,49,78,203,edge,1.1000000000e-08
L4,49,78,219,edge,1.2100000000e-07
L4,50,58,199,edge,1.1000000000e-08
L4,50,68,184,edge,1.1000000000e-08
L4,50,68,194,edge,1.2100000000e-07
L4,50,75,164,edge,1.1000000000e-08
L4,50,75,168,edge,2.2000000000e-08
L4,50,75,175,edge,2.2000000000e-08
L4,50,75,185,edge,1.1000000000e-08
L4,50,75,192,edge,1.1000000000e-08
L4,50,75,199,edge,1.1000000000e-08
L4,50,75,217,edge,1.1000000000e-08
L4,50,75,218,edge,1.1000000000e-08
L4,50,77,164,edge,1.1000000000e-08
L4,50,77,168,edge,1.1000000000e-08
L4,50,77,175,edge,1.2100000000e-07
L4,50,77,185,edge,1.1000000000e-08
L4,50,77,194,edge,1.1000000000e-08
L4,50,77,218,edge,1.1000000000e-08
L4,50,85,168,edge,1.2100000000e-07
L4,50,85,214,edge,1.1000000000e-07
L4,51,70,218,edge,1.2100000000e-07
L4,51,70,218,fall,1.2100000000e-07
L4,51,86,202,edge,1.1000000000e-08
L4,52,60,192,edge,1.2100000000e-07
L4,52,61,182,edge,1.1000000000e-08
L4,52,61,183,edge,1.1000000000e-08
L4,52,61,186,edge,1.1000000000e-08
L4,52,61,192,edge,1.1000000000e-08
L4,52,61,220,edge,1.1000000000e-08
L4,52,69,211,edge,1.1000000000e-08
L4,52,69,211,fall,1.1000000000e-08
L4,52,69,218,edge,1.1000000000e-08
L4,52,69,218,fall,1.1000000000e-08
L4,52,75,220,edge,1.1000000000e-08
L4,52,75,220,fall,1.1000000000e-08
L4,52,85,167,edge,1.2100000000e-07
L4,52,85,175,edge,1.1000000000e-08
L4,53,62,165,edge,1.1000000000e-08
L4,53,62,183,edge,1.2100000000e-07
L4,53,62,200,edge,1.2100000000e-07
L4,53,76,182,edge,1.2100000000e-07
L4,53,76,182,fall,1.2100000000e-07
L4,53,76,200,edge,1.2100000000e-07
L4,53,76,200,fall,1.2100000000e-07
L4,54,62,165,edge,1.2100000000e-07
L4,54,63,165,edge,1.1000000000e-08
L4,54,63,199,edge,1.1000000000e-08
L4,54,63,218,edge,1.1000000000e-08
L4,54,71,197,edge,1.2100000000e-07
L4,54,71,197,fall,1.2100000000e-07
L4,54,77,166,edge,1.1000000000e-08
L4,54,77,167,edge,1.1000000000e-08
L4,54,77,177,edge,1.1000000000e-08
L4,54,77,185,edge,1.1000000000e-08
L4,54,77,188,edge,1.1000000000e-08
L4,54,77,191,edge,1.1000000000e-08
L4,54,77,198,edge,1.1000000000e-08
L4,54,77,200,edge,1.3200000000e-07
L4,54,77,211,edge,1.1000000000e-08
L4,54,77,213,edge,1.1000000000e-08
L4,54,77,219,edge,1.1000000000e-08
L4,54,84,185,edge,1.1000000000e-08
L4,55,64,177,edge,1.1000000000e-08
L4,55,72,193,edge,1.2100000000e-07
L4,55,72,193,fall,1.2100000000e-07
L4,56,65,210,edge,1.2100000000e-07
L4,56,71,166,edge,1.1000000000e-08
L4,56,71,176,edge,1.1000000000e-08
L4,56,71,182,edge,1.1000000000e-08
L4,56,71,186,edge,1.1000000000e-08
L4,56,71,201,edge,1.1000000000e-08
L4,56,71,216,edge,1.1000000000e-08
L4,56,75,200,edge,2.2000000000e-08
L4,56,75,200,fall,2.2000000000e-08
L4,56,82,199,edge,1.2100000000e-07
L4,57,70,163,edge,1.2100000000e-07
L4,57,70,186,edge,1.1000000000e-08
L4,57,70,189,edge,1.2100000000e-07
L4,57,70,211,edge,1.1000000000e-08
L4,57,72,162,edge,1.1000000000e-08
L4,57,72,175,edge,1.2100000000e-07
L4,57,72,176,edge,1.1000000000e-08
L4,57,72,182,edge,2.2000000000e-08
L4,57,72,189,edge,1.1000000000e-08
L4,57,72,190,edge,2.2000000000e-08
L4,57,72,199,edge,1.1000000000e-08
L4,57,74,166,edge,1.1000000000e-08
L4,57,74,166,fall,1.1000000000e-08
L4,57,74,176,edge,1.1000000000e-08
L4,57,74,176,fall,1.1000000000e-08
L4,57,74,186,edge,1.1000000000e-08
L4,57,74,186,fall,1.1000000000e-08
L4,57,74,216,edge,2.2000000000e-08
L4,57,74,216,fall,2.2000000000e-08
L4,57,74,220,edge,1.1000000000e-08
L4,57,74,220,fall,1.1000000000e-08
L4,57,81,166,edge,1.1000000000e-08
L4,58,71,187,edge,2.2000000000e-08
L4,58,71,189,edge,1.1000000000e-08
L4,58,71,197,edge,1.1000000000e-08
L4,58,71,219,edge,1.1000000000e-08
L4,58,80,166,edge,1.2100000000e-07
L4,58,80,188,edge,1.2100000000e-07
L4,58,80,198,edge,1.2100000000e-07
L4,59,68,163,edge,1.2100000000e-07
L4,59,79,167,edge,1.2100000000e-07
L4,59,79,211,edge,1.1000000000e-08
L4,60,69,182,edge,1.2100000000e-07
L4,60,69,221,edge,1.2100000000e-07
L4,60,70,211,edge,1.2100000000e-07
L4,60,79,211,edge,1.2100000000e-07
L4,61,78,198,edge,1.1000000000e-08
L4,62,72,192,edge,1.2100000000e-07
L4,62,72,212,edge,1.2100000000e-07
L4,63,76,184,edge,1.1000000000e-07
L4,64,74,199,edge,1.2100000000e-07
L4,64,75,164,edge,1.1000000000e-08
L5,9,37,257,edge,1.2100000000e-07
L5,9,37,274,edge,1.2100000000e-07
L5,10,38,242,edge,1.2100000000e-07
L5,10,38,261,edge,1.2100000000e-07
L5,10,38,275,edge,1.2100000000e-07
L5,12,33,273,edge,1.2100000000e-07
L5,12,40,245,edge,1.2100000000e-07
L5,13,32,259,edge,1.2100000000e-07
L5,13,32,279,edge,1.2100000000e-07
L5,13,32,280,edge,5.5000000000e-08
L5,13,41,237,edge,1.1000000000e-08
L5,13,41,245,edge,1.1000000000e-08
L5,13,42,226,edge,1.2100000000e-07
L5,14,32,280,edge,1.1000000000e-08
L5,15,40,222,edge,1.1000000000e-08
L5,15,40,224,edge,2.2000000000e-08
L5,15,40,246,edge,1.1000000000e-08
L5,15,40,249,edge,2.2000000000e-08
L5,15,40,251,edge,1.1000000000e-08
L5,15,40,256,edge,3.3000000000e-08
L5,15,40,263,edge,1.1000000000e-08
L5,15,40,270,edge,1.1000000000e-08
L5,15,40,274,edge,1.1000000000e-08
L5,15,40,275,edge,1.1000000000e-08
L5,16,39,235,edge,1.1000000000e-08
L5,16,39,275,edge,1.1000000000e-08
L5,16,41,224,edge,1.1000000000e-08
L5,16,41,227,edge,1.1000000000e-08
L5,16,41,245,edge,1.1000000000e-08
L5,16,41,257,edge,1.1000000000e-08
L5,17,36,222,edge,1.1000000000e-08
L5,17,36,223,edge,1.1000000000e-08
L5,17,36,225,edge,1.1000000000e-08
L5,17,36,226,edge,1.1000000000e-08
L5,17,36,227,edge,2.2000000000e-08
L5,17,36,235,edge,2.2000000000e-08
L5,17,36,237,edge,1.1000000000e-08
L5,17,36,246,edge,1.1000000000e-08
L5,17,36,248,edge,2.2000000000e-08
L5,17,36,251,edge,1.1000000000e-08
L5,17,36,257,edge,4.4000000000e-08
L5,17,36,258,edge,2.2000000000e-08
L5,17,36,271,edge,1.1000000000e-08
L5,17,36,276,edge,1.1000000000e-08
L5,17,36,279,edge,1.1000000000e-08
L5,17,36,282,edge,1.1000000000e-08
L5,17,39,235,edge,1.1000000000e-08
L5,17,39,275,edge,1.1000000000e-08
L5,17,41,227,edge,1.2100000000e-07
L5,17,41,245,edge,1.1000000000e-08
L5,17,41,257,edge,1.1000000000e-08
L5,18,35,226,edge,1.1000000000e-08
L5,18,37,226,edge,1.1000000000e-08
L5,18,37,262,edge,1.2100000000e-07
L5,18,37,275,edge,1.1000000000e-08
L5,18,40,222,edge,2.2000000000e-08
L5,18,40,225,edge,1.1000000000e-08
L5,18,40,227,edge,1.1000000000e-08
L5,18,40,235,edge,2.2000000000e-08
L5,18,40,236,edge,1.1000000000e-08
L5,18,40,237,edge,1.1000000000e-08
L5,18,40,243,edge,1.1000000000e-08
L5,18,40,246,edge,2.2000000000e-08
L5,18,40,248,edge,1.1000000000e-08
L5,18,40,249,edge,1.1000000000e-08
L5,18,40,250,edge,1.1000000000e-08
L5,18,40,252,edge,2.2000000000e-08
L5,18,40,257,edge,3.3000000000e-08
L5,18,40,258,edge,1.1000000000e-08
L5,18,40,259,edge,1.1000000000e-08
L5,18,40,262,edge,3.3000000000e-08
L5,18,40,263,edge,1.1000000000e-08
L5,18,40,271,edge,1.1000000000e-08
L5,18,40,278,edge,1.1000000000e-08
L5,18,40,279,edge,2.2000000000e-08
L5,18,40,281,edge,1.2100000000e-07
L5,18,40,282,edge,1.1000000000e-08
L5,18,47,251,edge,1.2100000000e-07
L5,19,27,257,edge,1.2100000000e-07
L5,19,33,248,edge,1.2100000000e-07
L5,19,33,248,fall,1.2100000000e-07
L5,19,34,279,edge,1.1000000000e-08
L5,19,36,258,edge,1.1000000000e-08
L5,19,36,258,fall,1.1000000000e-08
L5,19,41,223,edge,1.1000000000e-08
L5,19,41,224,edge,8.8000000000e-08
L5,19,41,225,edge,1.1000000000e-08
L5,19,41,226,edge,2.2000000000e-08
L5,19,41,227,edge,1.1000000000e-08
L5,19,41,228,edge,1.1000000000e-08
L5,19,41,235,edge,3.3000000000e-08
L5,19,41,236,edge,2.2000000000e-08
L5,19,41,237,edge,1.1000000000e-08
L5,19,41,243,edge,2.2000000000e-08
L5,19,41,244,edge,1.1000000000e-08
L5,19,41,245,edge,1.1000000000e-08
L5,19,41,248,edge,2.2000000000e-08
L5,19,41,249,edge,2.2000000000e-08
L5,19,41,250,edge,2.2000000000e-08
L5,19,41,251,edge,1.1000000000e-08
L5,19,41,252,edge,2.2000000000e-08
L5,19,41,257,edge,2.2000000000e-08
L5,19,41,258,edge,4.4000000000e-08
L5,19,41,259,edge,2.2000000000e-08
L5,19,41,262,edge,2.2000000000e-08
L5,19,41,263,edge,2.2000000000e-08
L5,19,41,275,edge,1.1000000000e-08
L5,19,41,276,edge,1.1000000000e-08
L5,19,41,278,edge,2.2000000000e-08
L5,19,41,279,edge,1.1000000000e-08
L5,19,41,282,edge,1.1000000000e-08
L5,19,48,246,edge,1.1000000000e-08
L5,19,49,222,edge,1.2100000000e-07
L5,19,49,280,edge,1.2100000000e-07
L5,20,26,246,edge,1.2100000000e-07
L5,20,32,222,edge,1.1000000000e-08
L5,20,32,222,fall,1.1000000000e-08
L5,20,32,247,edge,1.1000000000e-08
L5,20,32,247,fall,1.1000000000e-08
L5,20,32,261,edge,2.2000000000e-08
L5,20,32,261,fall,2.2000000000e-08
L5,20,34,279,edge,1.1000000000e-08
L5,20,34,279,fall,1.1000000000e-08
L5,20,42,244,edge,1.3200000000e-07
L5,20,42,249,edge,1.1000000000e-08
L5,20,42,251,edge,1.1000000000e-08
L5,20,42,255,edge,1.1000000000e-08
L5,20,42,274,edge,1.1000000000e-08
L5,20,49,222,edge,2.2000000000e-08
L5,20,49,246,edge,1.2100000000e-07
L5,20,49,280,edge,2.2000000000e-08
L5,21,26,262,edge,1.1000000000e-08
L5,21,32,222,edge,1.1000000000e-08
L5,21,32,222,fall,1.1000000000e-08
L5,21,32,247,edge,1.1000000000e-08
L5,21,32,247,fall,1.1000000000e-08
L5,21,32,257,edge,1.1000000000e-08
L5,21,32,257,fall,1.1000000000e-08
L5,21,32,261,edge,2.2000000000e-08
L5,21,32,261,fall,2.2000000000e-08
L5,21,42,244,edge,2.2000000000e-08
L5,21,42,249,edge,1.1000000000e-08
L5,21,42,251,edge,1.1000000000e-08
L5,21,42,255,edge,1.1000000000e-08
L5,21,42,274,edge,1.1000000000e-08
L5,21,50,247,edge,1.2100000000e-07
L5,21,50,251,edge,1.1000000000e-08
L5,21,50,261,edge,1.1000000000e-08
L5,22,33,257,edge,1.2100000000e-07
L5,22,33,257,fall,1.2100000000e-07
L5,22,33,258,edge,1.1000000000e-08
L5,22,33,258,fall,1.1000000000e-08
L5,22,33,272,edge,1.1000000000e-08
L5,22,33,272,fall,1.1000000000e-08
L5,22,44,282,edge,1.2100000000e-07
L5,22,44,282,fall,1.2100000000e-07
L5,23,33,222,edge,1.1000000000e-08
L5,23,33,224,edge,1.1000000000e-08
L5,23,33,247,edge,1.1000000000e-08
L5,23,33,251,edge,1.1000000000e-08
L5,23,33,257,edge,2.2000000000e-08
L5,23,33,258,edge,1.1000000000e-08
L5,23,33,272,edge,1.1000000000e-08
L5,23,33,280,edge,1.1000000000e-08
L5,23,43,228,edge,1.2100000000e-07
L5,23,43,228,fall,1.2100000000e-07
L5,23,45,227,edge,1.2100000000e-07
L5,23,45,227,fall,1.2100000000e-07
L5,23,53,245,edge,1.1000000000e-08
L5,24,27,223,edge,1.2100000000e-07
L5,24,27,228,edge,1.2100000000e-07
L5,24,27,258,edge,1.2100000000e-07
L5,24,34,223,edge,1.1000000000e-08
L5,24,34,243,edge,1.1000000000e-08
L5,24,34,261,edge,1.1000000000e-08
L5,24,34,262,edge,2.2000000000e-08
L5,24,34,263,edge,1.1000000000e-08
L5,24,35,226,edge,1.2100000000e-07
L5,24,35,226,fall,1.2100000000e-07
L5,24,35,243,edge,1.1000000000e-08
L5,24,35,243,fall,1.1000000000e-08
L5,24,35,261,edge,1.2100000000e-07
L5,24,35,261,fall,1.2100000000e-07
L5,24,42,244,edge,2.2000000000e-08
L5,24,42,245,edge,2.2000000000e-08
L5,24,42,251,edge,1.2100000000e-07
L5,24,42,255,edge,2.2000000000e-08
L5,24,42,270,edge,1.1000000000e-08
L5,24,42,274,edge,1.1000000000e-08
L5,24,44,274,edge,1.1000000000e-08
L5,24,44,274,fall,1.1000000000e-08
L5,24,46,222,edge,7.7000000000e-08
L5,24,46,222,fall,7.7000000000e-08
L5,24,46,237,edge,1.1000000000e-08
L5,24,46,237,fall,1.1000000000e-08
L5,24,46,243,edge,2.2000000000e-08
L5,24,46,243,fall,2.2000000000e-08
L5,24,46,244,edge,1.1000000000e-08
L5,24,46,244,fall,1.1000000000e-08
L5,24,54,237,edge,1.2100000000e-07
L5,24,54,262,edge,1.1000000000e-08
L5,24,55,276,edge,1.1000000000e-08
L5,25,28,236,edge,1.1000000000e-08
L5,25,29,223,edge,1.1000000000e-08
L5,25,29,228,edge,1.1000000000e-08
L5,25,29,236,edge,1.1000000000e-08
L5,25,36,256,edge,1.1000000000e-08
L5,25,36,262,edge,1.1000000000e-08
L5,25,36,263,edge,1.1000000000e-08
L5,25,36,280,edge,1.1000000000e-08
L5,25,39,254,edge,1.2100000000e-07
L5,25,43,226,edge,1.1000000000e-08
L5,25,43,228,edge,1.1000000000e-08
L5,25,43,235,edge,1.1000000000e-08
L5,25,43,237,edge,1.1000000000e-08
L5,25,43,245,edge,2.2000000000e-08
L5,25,43,248,edge,1.1000000000e-08
L5,25,43,251,edge,1.1000000000e-08
L5,25,43,254,edge,2.2000000000e-08
L5,25,43,255,edge,2.2000000000e-08
L5,25,43,256,edge,1.1000000000e-08
L5,25,43,270,edge,1.1000000000e-08
L5,25,43,274,edge,1.1000000000e-08
L5,25,45,225,edge,1.1000000000e-08
L5,25,45,225,fall,1.1000000000e-08
L5,25,45,226,edge,1.1000000000e-08
L5,25,45,226,fall,1.1000000000e-08
L5,25,45,228,edge,2.2000000000e-08
L5,25,45,228,fall,2.2000000000e-08
L5,25,45,235,edge,1.1000000000e-08
L5,25,45,235,fall,1.1000000000e-08
L5,25,45,237,edge,2.2000000000e-08
L5,25,45,237,fall,2.2000000000e-08
L5,25,45,244,edge,1.1000000000e-08
L5,25,45,244,fall,1.1000000000e-08
L5,25,45,245,edge,1.1000000000e-08
L5,25,45,245,fall,1.1000000000e-08
L5,25,45,248,edge,1.1000000000e-08
L5,25,45,248,fall,1.1000000000e-08
L5,25,45,254,edge,2.2000000000e-08
L5,25,45,254,fall,2.2000000000e-08
L5,25,45,255,edge,2.2000000000e-08
L5,25,45,255,fall,2.2000000000e-08
L5,25,45,256,edge,1.1000000000e-08
L5,25,45,256,fall,1.1000000000e-08
L5,25,45,273,edge,1.1000000000e-08
L5,25,45,273,fall,1.1000000000e-08
L5,25,48,225,edge,1.1000000000e-08
L5,25,48,228,edge,1.1000000000e-08
L5,25,48,237,edge,2.2000000000e-08
L5,25,48,248,edge,2.2000000000e-08
L5,25,48,249,edge,1.1000000000e-08
L5,25,48,256,edge,1.1000000000e-08
L5,25,48,257,edge,1.2100000000e-07
L5,25,48,261,edge,1.1000000000e-08
L5,25,48,275,edge,1.1000000000e-08
L5,25,48,277,edge,1.1000000000e-08
L5,26,38,228,edge,2.2000000000e-08
L5,26,38,237,edge,1.1000000000e-08
L5,26,38,243,edge,1.1000000000e-08
L5,26,38,250,edge,1.1000000000e-08
L5,26,38,256,edge,1.1000000000e-08
L5,26,38,263,edge,2.2000000000e-08
L5,26,38,280,edge,1.1000000000e-08
L5,26,38,282,edge,1.1000000000e-08
L5,26,44,237,edge,1.1000000000e-08
L5,26,44,237,fall,1.1000000000e-08
L5,26,44,243,edge,1.1000000000e-08
L5,26,44,243,fall,1.1000000000e-08
L5,26,44,244,edge,1.1000000000e-08
L5,26,44,244,fall,1.1000000000e-08
L5,26,44,263,edge,1.1000000000e-08
L5,26,44,263,fall,1.1000000000e-08
L5,26,44,280,edge,1.1000000000e-08
L5,26,44,280,fall,1.1000000000e-08
L5,26,45,237,edge,1.1000000000e-08
L5,26,45,237,fall,1.1000000000e-08
L5,26,45,243,edge,1.1000000000e-08
L5,26,45,243,fall,1.1000000000e-08
L5,26,45,244,edge,1.1000000000e-08
L5,26,45,244,fall,1.1000000000e-08
L5,26,45,245,edge,1.1000000000e-08
L5,26,45,245,fall,1.1000000000e-08
L5,26,45,250,edge,1.1000000000e-08
L5,26,45,250,fall,1.1000000000e-08
L5,26,45,251,edge,1.1000000000e-08
L5,26,45,251,fall,1.1000000000e-08
L5,26,45,263,edge,2.2000000000e-08
L5,26,45,263,fall,2.2000000000e-08
L5,26,45,270,edge,1.1000000000e-08
L5,26,45,270,fall,1.1000000000e-08
L5,26,45,280,edge,1.1000000000e-08
L5,26,45,280,fall,1.1000000000e-08
L5,26,47,224,edge,1.1000000000e-08
L5,26,47,225,edge,1.1000000000e-08
L5,26,47,226,edge,1.1000000000e-08
L5,26,47,227,edge,1.1000000000e-08
L5,26,47,235,edge,2.2000000000e-08
L5,26,47,236,edge,1.1000000000e-08
L5,26,47,237,edge,2.2000000000e-08
L5,26,47,245,edge,1.1000000000e-08
L5,26,47,246,edge,1.1000000000e-08
L5,26,47,250,edge,3.3000000000e-08
L5,26,47,251,edge,1.1000000000e-08
L5,26,47,252,edge,3.3000000000e-08
L5,26,47,253,edge,2.2000000000e-08
L5,26,47,256,edge,1.1000000000e-08
L5,26,47,259,edge,1.1000000000e-08
L5,26,47,261,edge,1.1000000000e-08
L5,26,47,262,edge,1.1000000000e-08
L5,26,47,263,edge,1.1000000000e-08
L5,26,47,273,edge,1.1000000000e-08
L5,26,47,278,edge,2.2000000000e-08
L5,26,47,279,edge,1.1000000000e-08
L5,26,49,224,edge,1.1000000000e-08
L5,26,49,246,edge,1.1000000000e-08
L5,26,49,248,edge,1.1000000000e-08
L5,26,49,249,edge,1.1000000000e-08
L5,26,49,250,edge,1.1000000000e-08
L5,26,49,263,edge,1.1000000000e-08
L5,26,49,274,edge,1.1000000000e-08
L5,26,49,276,edge,1.1000000000e-08
L5,26,49,279,edge,1.1000000000e-08
L5,26,57,252,edge,1.2100000000e-07
L5,27,31,228,edge,1.1000000000e-08
L5,27,35,227,edge,1.1000000000e-08
L5,27,35,246,edge,1.1000000000e-08
L5,27,35,250,edge,1.1000000000e-08
L5,27,35,254,edge,6.6000000000e-08
L5,27,35,263,edge,1.1000000000e-08
L5,27,35,272,edge,1.1000000000e-08
L5,27,35,274,edge,1.1000000000e-08
L5,27,35,277,edge,1.1000000000e-08
L5,27,35,279,edge,1.1000000000e-08
L5,27,43,244,edge,1.2100000000e-07
L5,27,43,244,fall,1.2100000000e-07
L5,27,43,247,edge,1.2100000000e-07
L5,27,43,247,fall,1.2100000000e-07
L5,27,46,243,edge,1.2100000000e-07
L5,27,46,243,fall,1.2100000000e-07
L5,27,48,228,edge,1.1000000000e-08
L5,27,48,243,edge,1.1000000000e-08
L5,27,48,244,edge,1.1000000000e-08
L5,27,48,246,edge,1.1000000000e-08
L5,27,48,250,edge,1.1000000000e-08
L5,27,48,251,edge,1.1000000000e-08
L5,27,48,263,edge,1.3200000000e-07
L5,27,48,273,edge,1.1000000000e-08
L5,27,48,280,edge,1.1000000000e-08
L5,27,58,256,edge,1.2100000000e-07
L5,28,32,235,edge,1.2100000000e-07
L5,28,32,260,edge,1.2100000000e-07
L5,28,34,228,edge,1.1000000000e-08
L5,28,34,247,edge,1.1000000000e-08
L5,28,34,256,edge,1.1000000000e-08
L5,28,34,272,edge,1.1000000000e-08
L5,28,36,235,edge,1.1000000000e-08
L5,28,36,250,edge,1.1000000000e-08
L5,28,36,253,edge,1.1000000000e-08
L5,28,36,257,edge,1.1000000000e-08
L5,28,36,280,edge,1.1000000000e-08
L5,28,47,245,edge,1.1000000000e-08
L5,28,47,245,fall,1.1000000000e-08
L5,28,47,251,edge,1.1000000000e-08
L5,28,47,251,fall,1.1000000000e-08
L5,28,59,224,edge,8.8000000000e-08
L5,28,59,237,edge,1.2100000000e-07
L5,29,33,235,edge,1.2100000000e-07
L5,29,35,224,edge,1.1000000000e-08
L5,29,35,228,edge,1.1000000000e-08
L5,29,35,235,edge,2.2000000000e-08
L5,29,35,245,edge,1.1000000000e-08
L5,29,35,256,edge,2.2000000000e-08
L5,29,35,260,edge,2.2000000000e-08
L5,29,35,270,edge,3.3000000000e-08
L5,29,35,271,edge,1.1000000000e-08
L5,29,35,279,edge,1.1000000000e-08
L5,29,39,224,edge,1.1000000000e-08
L5,29,39,227,edge,1.1000000000e-08
L5,29,39,235,edge,2.2000000000e-08
L5,29,39,243,edge,1.1000000000e-08
L5,29,39,246,edge,1.1000000000e-08
L5,29,39,251,edge,2.2000000000e-08
L5,29,39,257,edge,1.1000000000e-08
L5,29,39,258,edge,1.1000000000e-08
L5,29,39,261,edge,3.3000000000e-08
L5,29,39,262,edge,2.2000000000e-08
L5,29,39,263,edge,2.2000000000e-08
L5,29,39,272,edge,1.1000000000e-08
L5,29,39,279,edge,1.1000000000e-08
L5,29,41,223,edge,1.1000000000e-08
L5,29,41,225,edge,1.1000000000e-08
L5,29,41,236,edge,2.2000000000e-08
L5,29,41,244,edge,2.2000000000e-08
L5,29,41,247,edge,2.2000000000e-08
L5,29,41,248,edge,1.1000000000e-08
L5,29,41,249,edge,1.1000000000e-08
L5,29,41,255,edge,2.2000000000e-08
L5,29,46,242,edge,1.1000000000e-08
L5,29,46,242,fall,1.1000000000e-08
L5,30,34,236,edge,1.2100000000e-07
L5,30,34,270,edge,1.2100000000e-07
L5,30,38,250,edge,1.1000000000e-08
L5,30,38,255,edge,1.2100000000e-07
L5,30,38,259,edge,1.1000000000e-08
L5,30,38,262,edge,1.1000000000e-08
L5,30,38,272,edge,1.1000000000e-08
L5,30,38,280,edge,1.1000000000e-08
L5,30,40,262,edge,1.2100000000e-07
L5,30,42,225,edge,1.2100000000e-07
L5,30,42,252,edge,1.2100000000e-07
L5,30,45,276,edge,1.2100000000e-07
L5,30,45,276,fall,1.2100000000e-07
L5,30,56,244,edge,1.1000000000e-08
L5,30,56,249,edge,1.1000000000e-08
L5,30,56,251,edge,1.1000000000e-08
L5,30,56,255,edge,1.1000000000e-08
L5,30,56,257,edge,1.1000000000e-08
L5,30,56,258,edge,1.1000000000e-08
L5,30,56,260,edge,1.1000000000e-08
L5,30,56,273,edge,1.1000000000e-08
L5,30,56,275,edge,1.1000000000e-08
L5,30,56,276,edge,2.2000000000e-08
L5,30,56,279,edge,1.1000000000e-08
L5,30,61,223,edge,1.1000000000e-08
L5,30,61,228,edge,1.2100000000e-07
L5,30,61,257,edge,1.1000000000e-08
L5,30,61,270,edge,1.2100000000e-07
L5,30,62,243,edge,9.9000000000e-08
L5,30,62,253,edge,1.1000000000e-08
L5,31,35,260,edge,7.7000000000e-08
L5,31,36,224,edge,1.1000000000e-08
L5,31,36,236,edge,1.1000000000e-08
L5,31,36,252,edge,1.4300000000e-07
L5,31,36,255,edge,1.1000000000e-08
L5,31,36,256,edge,1.3200000000e-07
L5,31,36,260,edge,2.2000000000e-08
L5,31,39,236,edge,1.1000000000e-08
L5,31,39,245,edge,1.1000000000e-08
L5,31,39,247,edge,1.1000000000e-08
L5,31,39,252,edge,1.1000000000e-08
L5,31,39,255,edge,1.1000000000e-08
L5,31,39,260,edge,2.2000000000e-08
L5,31,39,270,edge,2.2000000000e-08
L5,31,39,271,edge,1.1000000000e-08
L5,31,39,279,edge,1.1000000000e-08
L5,31,43,222,edge,1.1000000000e-08
L5,31,43,223,edge,1.1000000000e-08
L5,31,43,224,edge,1.1000000000e-08
L5,31,43,225,edge,1.1000000000e-08
L5,31,43,226,edge,1.1000000000e-08
L5,31,43,235,edge,1.1000000000e-08
L5,31,43,237,edge,1.1000000000e-08
L5,31,43,242,edge,2.2000000000e-08
L5,31,43,246,edge,1.1000000000e-08
L5,31,43,251,edge,1.1000000000e-08
L5,31,43,255,edge,1.1000000000e-08
L5,31,43,258,edge,1.1000000000e-08
L5,31,43,260,edge,3.3000000000e-08
L5,31,43,261,edge,1.1000000000e-08
L5,31,43,262,edge,3.3000000000e-08
L5,31,43,263,edge,1.1000000000e-08
L5,31,43,272,edge,1.1000000000e-08
L5,31,43,273,edge,1.1000000000e-08
L5,31,43,277,edge,1.1000000000e-08
L5,31,43,280,edge,1.1000000000e-08
L5,31,43,281,edge,1.1000000000e-08
L5,31,44,226,edge,1.1000000000e-08
L5,31,44,226,fall,1.1000000000e-08
L5,31,44,273,edge,1.1000000000e-08
L5,31,44,273,fall,1.1000000000e-08
L5,31,55,225,edge,1.1000000000e-08
L5,31,55,237,edge,1.1000000000e-08
L5,31,55,261,edge,1.1000000000e-08
L5,31,57,222,edge,1.1000000000e-08
L5,31,57,224,edge,1.1000000000e-08
L5,31,57,227,edge,1.1000000000e-08
L5,31,57,247,edge,2.2000000000e-08
L5,31,57,251,edge,1.2100000000e-07
L5,31,57,252,edge,1.1000000000e-08
L5,31,57,259,edge,1.1000000000e-08
L5,31,57,263,edge,1.2100000000e-07
L5,31,57,276,edge,1.2100000000e-07
L5,31,57,278,edge,1.1000000000e-08
L5,31,63,249,edge,1.1000000000e-08
L5,31,63,257,edge,1.2100000000e-07
L5,31,63,258,edge,1.2100000000e-07
L5,32,37,253,edge,1.2100000000e-07
L5,32,56,227,edge,1.1000000000e-08
L5,32,56,243,edge,1.1000000000e-08
L5,32,56,244,edge,2.2000000000e-08
L5,32,56,247,edge,1.1000000000e-08
L5,32,56,252,edge,1.1000000000e-08
L5,32,56,253,edge,1.1000000000e-08
L5,32,56,254,edge,2.2000000000e-08
L5,32,56,255,edge,1.1000000000e-08
L5,32,56,258,edge,1.1000000000e-08
L5,32,56,259,edge,1.1000000000e-08
L5,32,56,262,edge,2.2000000000e-08
L5,32,56,273,edge,1.1000000000e-08
L5,32,56,275,edge,1.1000000000e-08
L5,32,56,276,edge,1.1000000000e-08
L5,32,56,277,edge,1.1000000000e-08
L5,32,64,249,edge,1.2100000000e-07
L5,32,64,277,edge,1.1000000000e-08
L5,33,38,252,edge,1.2100000000e-07
L5,33,57,228,edge,1.1000000000e-08
L5,33,57,236,edge,1.1000000000e-08
L5,33,57,242,edge,2.2000000000e-08
L5,33,57,243,edge,1.1000000000e-08
L5,33,57,244,edge,1.1000000000e-08
L5,33,57,247,edge,1.1000000000e-08
L5,33,57,249,edge,1.1000000000e-08
L5,33,57,250,edge,1.1000000000e-08
L5,33,57,251,edge,1.1000000000e-08
L5,33,57,253,edge,1.1000000000e-08
L5,33,57,254,edge,2.2000000000e-08
L5,33,57,256,edge,1.1000000000e-08
L5,33,57,258,edge,1.1000000000e-08
L5,33,57,260,edge,1.1000000000e-08
L5,33,57,262,edge,1.1000000000e-08
L5,33,57,272,edge,2.2000000000e-08
L5,33,57,277,edge,1.1000000000e-08
L5,33,65,245,edge,1.1000000000e-08
L5,33,65,251,edge,1.2100000000e-07
L5,33,65,256,edge,1.2100000000e-07
L5,34,39,257,edge,1.2100000000e-07
L5,34,45,223,edge,3.3000000000e-08
L5,34,45,227,edge,1.1000000000e-08
L5,34,45,228,edge,1.1000000000e-08
L5,34,45,236,edge,2.2000000000e-08
L5,34,45,237,edge,1.1000000000e-08
L5,34,45,247,edge,2.2000000000e-08
L5,34,45,248,edge,1.1000000000e-08
L5,34,45,252,edge,3.3000000000e-08
L5,34,45,253,edge,1.1000000000e-08
L5,34,45,255,edge,1.1000000000e-08
L5,34,45,258,edge,1.1000000000e-08
L5,34,45,260,edge,4.4000000000e-08
L5,34,45,262,edge,2.2000000000e-08
L5,34,45,263,edge,2.2000000000e-08
L5,34,45,271,edge,1.1000000000e-08
L5,34,45,272,edge,1.3200000000e-07
L5,34,45,277,edge,1.1000000000e-08
L5,34,45,281,edge,1.1000000000e-08
L5,34,56,224,edge,1.1000000000e-08
L5,34,56,252,edge,1.1000000000e-08
L5,34,56,261,edge,2.2000000000e-08
L5,34,58,228,edge,1.1000000000e-08
L5,34,58,244,edge,1.1000000000e-08
L5,34,58,246,edge,1.1000000000e-08
L5,34,58,254,edge,2.2000000000e-08
L5,34,58,259,edge,1.1000000000e-08
L5,34,58,263,edge,1.3200000000e-07
L5,34,58,270,edge,1.1000000000e-08
L5,34,58,271,edge,1.1000000000e-08
L5,34,66,237,edge,1.2100000000e-07
L5,35,44,261,edge,1.1000000000e-08
L5,35,44,270,edge,1.1000000000e-08
L5,35,50,223,edge,1.1000000000e-08
L5,35,50,242,edge,2.2000000000e-08
L5,35,50,245,edge,1.1000000000e-08
L5,35,50,251,edge,1.1000000000e-08
L5,35,50,260,edge,1.1000000000e-08
L5,35,50,263,edge,1.1000000000e-08
L5,35,50,270,edge,2.2000000000e-08
L5,35,50,271,edge,1.1000000000e-08
L5,35,50,273,edge,1.1000000000e-08
L5,35,57,223,edge,2.2000000000e-08
L5,35,57,226,edge,2.2000000000e-08
L5,35,57,236,edge,1.1000000000e-08
L5,35,57,237,edge,1.1000000000e-08
L5,35,57,242,edge,1.1000000000e-08
L5,35,57,245,edge,1.1000000000e-08
L5,35,57,248,edge,1.1000000000e-08
L5,35,57,251,edge,1.1000000000e-08
L5,35,57,252,edge,1.1000000000e-08
L5,35,57,255,edge,1.1000000000e-08
L5,35,57,256,edge,1.1000000000e-08
L5,35,57,257,edge,1.1000000000e-08
L5,35,57,260,edge,2.2000000000e-08
L5,35,57,262,edge,2.2000000000e-08
L5,35,57,273,edge,1.1000000000e-08
L5,35,57,274,edge,1.1000000000e-08
L5,35,57,276,edge,2.2000000000e-08
L5,35,57,279,edge,1.1000000000e-08
L5,35,57,280,edge,1.1000000000e-08
L5,35,67,223,edge,1.2100000000e-07
L5,35,67,227,edge,1.1000000000e-08
L5,35,67,256,edge,1.2100000000e-07
L5,35,67,274,edge,1.2100000000e-07
L5,36,47,237,edge,1.1000000000e-08
L5,36,47,245,edge,1.1000000000e-08
L5,36,47,248,edge,1.1000000000e-08
L5,36,47,251,edge,1.1000000000e-08
L5,36,49,249,edge,1.1000000000e-08
L5,36,49,253,edge,1.1000000000e-08
L5,36,49,262,edge,1.1000000000e-08
L5,36,49,263,edge,1.1000000000e-08
L5,36,49,278,edge,1.1000000000e-08
L5,36,49,279,edge,1.1000000000e-08
L5,36,49,282,edge,1.1000000000e-08
L5,36,51,245,edge,1.2100000000e-07
L5,36,51,248,edge,1.2100000000e-07
L5,36,59,224,edge,1.1000000000e-08
L5,36,59,226,edge,2.2000000000e-08
L5,36,59,228,edge,1.1000000000e-08
L5,36,59,236,edge,1.1000000000e-08
L5,36,59,242,edge,2.2000000000e-08
L5,36,59,245,edge,1.1000000000e-08
L5,36,59,248,edge,1.1000000000e-08
L5,36,59,252,edge,1.1000000000e-08
L5,36,59,262,edge,1.1000000000e-08
L5,36,59,271,edge,1.1000000000e-08
L5,36,59,274,edge,1.1000000000e-08
L5,36,59,276,edge,1.1000000000e-08
L5,36,59,277,edge,1.1000000000e-08
L5,36,59,279,edge,1.1000000000e-08
L5,36,59,282,edge,1.1000000000e-08
L5,36,61,224,edge,1.1000000000e-08
L5,36,61,226,edge,3.3000000000e-08
L5,36,61,228,edge,1.1000000000e-08
L5,36,61,236,edge,2.2000000000e-08
L5,36,61,242,edge,1.1000000000e-08
L5,36,61,245,edge,1.1000000000e-08
L5,36,61,248,edge,2.2000000000e-08
L5,36,61,252,edge,2.2000000000e-08
L5,36,61,260,edge,3.3000000000e-08
L5,36,61,262,edge,1.1000000000e-08
L5,36,61,271,edge,1.1000000000e-08
L5,36,61,274,edge,1.1000000000e-08
L5,36,61,275,edge,1.1000000000e-08
L5,36,61,276,edge,2.2000000000e-08
L5,36,61,277,edge,1.1000000000e-08
L5,36,61,279,edge,1.1000000000e-08
L5,36,61,280,edge,2.2000000000e-08
L5,36,61,282,edge,1.1000000000e-08
L5,36,68,227,edge,1.1000000000e-08
L5,36,68,245,edge,1.1000000000e-08
L5,36,68,262,edge,1.1000000000e-08
L5,36,68,275,edge,1.2100000000e-07
L5,37,42,270,edge,1.2100000000e-07
L5,37,43,223,edge,2.2000000000e-08
L5,37,43,228,edge,1.1000000000e-08
L5,37,43,261,edge,1.1000000000e-08
L5,37,43,270,edge,1.1000000000e-08
L5,37,43,271,edge,1.1000000000e-08
L5,37,43,281,edge,1.1000000000e-08
L5,37,45,244,edge,1.1000000000e-08
L5,37,45,247,edge,1.1000000000e-08
L5,37,47,245,edge,1.1000000000e-08
L5,37,47,251,edge,1.1000000000e-08
L5,37,50,243,edge,1.1000000000e-08
L5,37,50,262,edge,1.2100000000e-07
L5,37,52,244,edge,1.1000000000e-08
L5,37,52,246,edge,1.1000000000e-08
L5,37,52,250,edge,1.1000000000e-08
L5,37,52,252,edge,1.1000000000e-08
L5,37,52,259,edge,1.1000000000e-08
L5,37,52,262,edge,1.1000000000e-08
L5,37,52,270,edge,2.4200000000e-07
L5,37,52,276,edge,1.1000000000e-08
L5,37,52,278,edge,1.1000000000e-08
L5,37,58,244,edge,1.1000000000e-08
L5,37,58,246,edge,1.1000000000e-08
L5,37,58,254,edge,2.2000000000e-08
L5,37,58,257,edge,1.1000000000e-08
L5,37,58,259,edge,1.3200000000e-07
L5,37,58,263,edge,1.1000000000e-08
L5,37,58,270,edge,2.2000000000e-08
L5,37,58,271,edge,1.1000000000e-08
L5,37,60,248,edge,1.2100000000e-07
L5,37,62,237,edge,1.1000000000e-08
L5,37,62,243,edge,1.1000000000e-08
L5,37,62,256,edge,1.1000000000e-08
L5,37,70,262,edge,1.2100000000e-07
L5,38,44,223,edge,1.2100000000e-07
L5,38,46,223,edge,1.1000000000e-08
L5,38,46,224,edge,1.1000000000e-08
L5,38,46,225,edge,1.1000000000e-08
L5,38,46,235,edge,1.1000000000e-08
L5,38,46,256,edge,1.1000000000e-08
L5,38,46,260,edge,2.2000000000e-08
L5,38,46,261,edge,1.1000000000e-08
L5,38,46,262,edge,1.1000000000e-08
L5,38,46,270,edge,1.1000000000e-08
L5,38,46,271,edge,1.1000000000e-08
L5,38,46,281,edge,1.1000000000e-08
L5,38,51,223,edge,1.1000000000e-08
L5,38,51,224,edge,1.1000000000e-08
L5,38,51,226,edge,1.1000000000e-08
L5,38,51,227,edge,2.2000000000e-08
L5,38,51,236,edge,1.1000000000e-08
L5,38,51,245,edge,1.1000000000e-08
L5,38,51,247,edge,1.1000000000e-08
L5,38,51,248,edge,1.1000000000e-08
L5,38,51,251,edge,1.1000000000e-08
L5,38,51,252,edge,2.2000000000e-08
L5,38,51,255,edge,2.2000000000e-08
L5,38,51,258,edge,1.1000000000e-08
L5,38,51,260,edge,4.4000000000e-08
L5,38,51,261,edge,1.1000000000e-08
L5,38,51,262,edge,1.1000000000e-08
L5,38,51,263,edge,1.1000000000e-08
L5,38,51,270,edge,3.3000000000e-08
L5,38,51,271,edge,1.1000000000e-08
L5,38,51,272,edge,2.2000000000e-08
L5,38,51,273,edge,2.2000000000e-08
L5,38,51,278,edge,1.1000000000e-08
L5,38,51,279,edge,1.2100000000e-07
L5,38,59,222,edge,1.1000000000e-08
L5,38,59,226,edge,1.1000000000e-08
L5,38,59,242,edge,1.1000000000e-08
L5,38,59,247,edge,2.2000000000e-08
L5,38,59,259,edge,3.3000000000e-08
L5,38,59,262,edge,2.2000000000e-08
L5,38,59,277,edge,1.1000000000e-08
L5,38,61,222,edge,1.1000000000e-08
L5,38,61,226,edge,1.1000000000e-08
L5,38,61,242,edge,1.1000000000e-08
L5,38,61,243,edge,1.1000000000e-08
L5,38,61,247,edge,1.1000000000e-08
L5,38,61,255,edge,1.1000000000e-08
L5,38,61,259,edge,3.3000000000e-08
L5,38,61,262,edge,1.1000000000e-08
L5,38,61,263,edge,1.1000000000e-08
L5,38,63,222,edge,1.1000000000e-08
L5,38,63,222,fall,1.1000000000e-08
L5,38,63,223,edge,1.1000000000e-08
L5,38,63,223,fall,1.1000000000e-08
L5,38,63,226,edge,1.1000000000e-08
L5,38,63,226,fall,1.1000000000e-08
L5,38,63,242,edge,1.1000000000e-08
L5,38,63,242,fall,1.1000000000e-08
L5,38,63,243,edge,1.1000000000e-08
L5,38,63,243,fall,1.1000000000e-08
L5,38,63,247,edge,1.1000000000e-08
L5,38,63,247,fall,1.1000000000e-08
L5,38,63,255,edge,1.1000000000e-08
L5,38,63,255,fall,1.1000000000e-08
L5,38,63,258,edge,1.1000000000e-08
L5,38,63,258,fall,1.1000000000e-08
L5,38,63,259,edge,2.2000000000e-08
L5,38,63,259,fall,2.2000000000e-08
L5,38,63,261,edge,1.1000000000e-08
L5,38,63,261,fall,1.1000000000e-08
L5,38,63,263,edge,1.1000000000e-08
L5,38,63,263,fall,1.1000000000e-08
L5,38,71,236,edge,1.2100000000e-07
L5,39,62,256,edge,1.1000000000e-08
L5,39,62,256,fall,1.1000000000e-08
L5,39,64,237,edge,1.2100000000e-07
L5,39,64,237,fall,1.2100000000e-07
L5,39,64,244,edge,1.1000000000e-08
L5,39,64,244,fall,1.1000000000e-08
L5,40,46,273,edge,1.2100000000e-07
L5,40,52,222,edge,2.2000000000e-08
L5,40,52,223,edge,3.3000000000e-08
L5,40,52,224,edge,1.1000000000e-08
L5,40,52,225,edge,1.1000000000e-08
L5,40,52,226,edge,1.1000000000e-08
L5,40,52,236,edge,2.2000000000e-08
L5,40,52,237,edge,1.1000000000e-08
L5,40,52,244,edge,1.1000000000e-08
L5,40,52,247,edge,1.1000000000e-08
L5,40,52,253,edge,1.1000000000e-08
L5,40,52,254,edge,1.1000000000e-08
L5,40,52,255,edge,1.1000000000e-08
L5,40,52,262,edge,2.2000000000e-08
L5,40,52,271,edge,1.1000000000e-08
L5,40,52,273,edge,1.1000000000e-08
L5,40,56,247,edge,1.1000000000e-08
L5,40,56,262,edge,1.1000000000e-08
L5,40,56,279,edge,1.1000000000e-08
L5,40,61,222,edge,1.1000000000e-08
L5,40,61,222,fall,1.1000000000e-08
L5,40,65,222,edge,3.3000000000e-08
L5,40,65,224,edge,1.1000000000e-08
L5,40,65,225,edge,1.1000000000e-08
L5,40,65,227,edge,4.4000000000e-08
L5,40,65,228,edge,2.2000000000e-08
L5,40,65,235,edge,1.1000000000e-08
L5,40,65,237,edge,1.1000000000e-08
L5,40,65,243,edge,1.1000000000e-08
L5,40,65,247,edge,1.1000000000e-08
L5,40,65,248,edge,1.1000000000e-08
L5,40,65,249,edge,2.2000000000e-08
L5,40,65,252,edge,1.1000000000e-08
L5,40,65,255,edge,1.1000000000e-08
L5,40,65,257,edge,1.1000000000e-08
L5,40,65,263,edge,1.1000000000e-08
L5,40,65,271,edge,1.1000000000e-08
L5,40,65,272,edge,1.1000000000e-08
L5,40,65,275,edge,2.2000000000e-08
L5,40,65,276,edge,3.3000000000e-08
L5,40,65,277,edge,2.2000000000e-08
L5,40,65,278,edge,1.1000000000e-08
L5,40,65,280,edge,1.1000000000e-08
L5,41,47,237,edge,1.1000000000e-08
L5,41,47,270,edge,1.2100000000e-07
L5,41,51,242,edge,1.1000000000e-08
L5,41,53,246,edge,1.1000000000e-08
L5,41,53,263,edge,2.2000000000e-08
L5,41,55,225,edge,1.1000000000e-08
L5,41,55,228,edge,1.1000000000e-08
L5,41,55,237,edge,1.1000000000e-08
L5,41,55,248,edge,1.1000000000e-08
L5,41,55,249,edge,1.1000000000e-08
L5,41,55,250,edge,1.1000000000e-08
L5,41,55,261,edge,1.1000000000e-08
L5,41,55,278,edge,1.1000000000e-08
L5,41,57,224,edge,1.1000000000e-08
L5,41,57,225,edge,1.1000000000e-08
L5,41,57,235,edge,1.1000000000e-08
L5,41,57,237,edge,1.1000000000e-08
L5,41,57,243,edge,1.1000000000e-08
L5,41,57,244,edge,1.1000000000e-08
L5,41,57,245,edge,1.1000000000e-08
L5,41,57,246,edge,2.2000000000e-08
L5,41,57,247,edge,1.2100000000e-07
L5,41,57,250,edge,1.1000000000e-08
L5,41,57,251,edge,1.1000000000e-08
L5,41,57,252,edge,1.1000000000e-08
L5,41,57,253,edge,1.1000000000e-08
L5,41,57,260,edge,2.2000000000e-08
L5,41,57,262,edge,1.1000000000e-08
L5,41,57,277,edge,1.2100000000e-07
L5,41,57,278,edge,2.2000000000e-08
L5,41,57,279,edge,2.2000000000e-08
L5,41,64,228,edge,1.2100000000e-07
L5,41,64,228,fall,1.2100000000e-07
L5,41,64,247,edge,1.2100000000e-07
L5,41,64,247,fall,1.2100000000e-07
L5,41,74,227,edge,1.1000000000e-08
L5,41,74,228,edge,1.1000000000e-08
L5,41,74,245,edge,1.1000000000e-08
L5,42,52,223,edge,1.1000000000e-08
L5,42,52,235,edge,1.1000000000e-08
L5,42,52,237,edge,1.1000000000e-08
L5,42,52,244,edge,1.2100000000e-07
L5,42,52,245,edge,1.1000000000e-08
L5,42,52,252,edge,1.1000000000e-08
L5,42,52,256,edge,1.1000000000e-08
L5,42,52,257,edge,1.1000000000e-08
L5,42,52,260,edge,1.1000000000e-08
L5,42,52,261,edge,1.1000000000e-08
L5,42,52,263,edge,1.1000000000e-08
L5,42,52,273,edge,1.1000000000e-08
L5,42,52,281,edge,1.1000000000e-08
L5,42,56,224,edge,1.1000000000e-08
L5,42,56,227,edge,1.1000000000e-08
L5,42,56,252,edge,1.1000000000e-08
L5,42,56,253,edge,1.1000000000e-08
L5,42,56,263,edge,1.2100000000e-07
L5,42,56,273,edge,1.1000000000e-08
L5,42,56,281,edge,1.1000000000e-08
L5,42,59,243,edge,1.1000000000e-08
L5,42,59,252,edge,1.1000000000e-08
L5,42,59,257,edge,1.1000000000e-08
L5,42,59,277,edge,1.1000000000e-08
L5,42,63,276,edge,1.2100000000e-07
L5,42,63,276,fall,1.2100000000e-07
L5,42,76,222,edge,1.2100000000e-07
L5,42,76,243,edge,1.2100000000e-07
L5,43,49,275,edge,1.1000000000e-08
L5,43,50,243,edge,1.1000000000e-08
L5,43,50,244,edge,1.2100000000e-07
L5,43,50,250,edge,1.1000000000e-08
L5,43,50,259,edge,1.1000000000e-08
L5,43,50,275,edge,1.1000000000e-08
L5,43,50,281,edge,1.1000000000e-08
L5,43,53,223,edge,2.2000000000e-08
L5,43,53,225,edge,1.1000000000e-08
L5,43,53,226,edge,1.1000000000e-08
L5,43,53,228,edge,1.1000000000e-08
L5,43,53,235,edge,1.1000000000e-08
L5,43,53,242,edge,1.1000000000e-08
L5,43,53,243,edge,1.1000000000e-08
L5,43,53,244,edge,1.1000000000e-08
L5,43,53,245,edge,1.1000000000e-08
L5,43,53,252,edge,1.1000000000e-08
L5,43,53,258,edge,1.1000000000e-08
L5,43,53,260,edge,1.1000000000e-08
L5,43,53,261,edge,3.3000000000e-08
L5,43,53,262,edge,1.1000000000e-08
L5,43,53,271,edge,1.1000000000e-08
L5,43,53,273,edge,1.1000000000e-08
L5,43,53,275,edge,1.1000000000e-08
L5,43,59,257,edge,1.1000000000e-08
L5,43,59,257,fall,1.1000000000e-08
L5,43,69,228,edge,1.1000000000e-08
L5,43,69,228,fall,1.1000000000e-08
L5,43,69,242,edge,1.2100000000e-07
L5,43,69,242,fall,1.2100000000e-07
L5,43,69,247,edge,1.2100000000e-07
L5,43,69,247,fall,1.2100000000e-07
L5,43,69,253,edge,1.1000000000e-08
L5,43,69,253,fall,1.1000000000e-08
L5,43,69,254,edge,1.2100000000e-07
L5,43,69,254,fall,1.2100000000e-07
L5,43,69,256,edge,1.1000000000e-08
L5,43,69,256,fall,1.1000000000e-08
L5,43,77,276,edge,1.2100000000e-07
L5,44,51,242,edge,1.2100000000e-07
L5,44,51,247,edge,1.2100000000e-07
L5,44,52,228,edge,1.1000000000e-08
L5,44,52,236,edge,1.1000000000e-08
L5,44,52,250,edge,1.1000000000e-08
L5,44,52,251,edge,1.1000000000e-08
L5,44,52,259,edge,3.3000000000e-08
L5,44,52,262,edge,1.2100000000e-07
L5,44,52,272,edge,1.1000000000e-08
L5,44,52,280,edge,1.1000000000e-08
L5,44,54,228,edge,1.1000000000e-08
L5,44,54,255,edge,1.1000000000e-08
L5,44,59,257,edge,1.1000000000e-08
L5,44,59,257,fall,1.1000000000e-08
L5,44,61,235,edge,1.2100000000e-07
L5,44,61,235,fall,1.2100000000e-07
L5,44,76,223,edge,1.1000000000e-08
L5,44,76,226,edge,1.1000000000e-08
L5,44,76,236,edge,1.1000000000e-08
L5,44,76,245,edge,1.1000000000e-08
L5,44,76,248,edge,2.2000000000e-08
L5,44,76,251,edge,1.1000000000e-08
L5,44,76,253,edge,1.1000000000e-08
L5,44,76,258,edge,1.1000000000e-08
L5,44,76,272,edge,1.1000000000e-08
L5,44,76,274,edge,1.1000000000e-08
L5,44,76,276,edge,1.1000000000e-08
L5,44,76,282,edge,1.2100000000e-07
L5,45,52,228,edge,1.1000000000e-08
L5,45,52,236,edge,1.2100000000e-07
L5,45,52,250,edge,1.1000000000e-08
L5,45,52,251,edge,1.1000000000e-08
L5,45,52,255,edge,1.2100000000e-07
L5,45,52,259,edge,3.3000000000e-08
L5,45,52,272,edge,2.2000000000e-08
L5,45,52,280,edge,1.1000000000e-08
L5,45,53,228,edge,1.1000000000e-08
L5,45,53,236,edge,1.1000000000e-08
L5,45,53,250,edge,1.1000000000e-08
L5,45,53,251,edge,1.1000000000e-08
L5,45,53,255,edge,2.2000000000e-08
L5,45,53,259,edge,3.3000000000e-08
L5,45,53,280,edge,1.1000000000e-08
L5,45,60,225,edge,1.1000000000e-08
L5,45,60,225,fall,1.1000000000e-08
L5,45,60,227,edge,1.1000000000e-08
L5,45,60,227,fall,1.1000000000e-08
L5,45,60,235,edge,1.1000000000e-08
L5,45,60,235,fall,1.1000000000e-08
L5,45,60,245,edge,1.1000000000e-08
L5,45,60,245,fall,1.1000000000e-08
L5,45,60,249,edge,1.2100000000e-07
L5,45,60,249,fall,1.2100000000e-07
L5,45,60,252,edge,1.1000000000e-08
L5,45,60,252,fall,1.1000000000e-08
L5,45,60,254,edge,1.2100000000e-07
L5,45,60,254,fall,1.2100000000e-07
L5,45,60,277,edge,3.3000000000e-08
L5,45,60,277,fall,3.3000000000e-08
L5,45,67,228,edge,1.1000000000e-08
L5,45,67,237,edge,1.1000000000e-08
L5,45,67,244,edge,1.1000000000e-08
L5,45,67,263,edge,1.1000000000e-08
L5,45,67,275,edge,1.1000000000e-08
L5,45,67,278,edge,1.1000000000e-08
L5,45,69,258,edge,1.1000000000e-08
L5,45,69,258,fall,1.1000000000e-08
L5,45,71,256,edge,1.2100000000e-07
L5,45,71,256,fall,1.2100000000e-07
L5,45,71,262,edge,1.1000000000e-08
L5,45,71,262,fall,1.1000000000e-08
L5,45,71,280,edge,1.1000000000e-08
L5,45,71,280,fall,1.1000000000e-08
L5,45,75,228,edge,1.1000000000e-08
L5,45,75,236,edge,1.1000000000e-08
L5,45,75,242,edge,1.1000000000e-08
L5,45,75,244,edge,1.1000000000e-08
L5,45,75,271,edge,1.1000000000e-08
L5,45,77,236,edge,1.1000000000e-08
L5,45,77,276,edge,1.2100000000e-07
L5,45,77,281,edge,1.1000000000e-08
L5,45,79,225,edge,1.2100000000e-07
L5,45,79,248,edge,1.2100000000e-07
L5,45,79,253,edge,1.2100000000e-07
L5,46,53,280,edge,1.2100000000e-07
L5,46,68,225,edge,1.1000000000e-08
L5,46,68,227,edge,1.1000000000e-08
L5,46,68,228,edge,1.1000000000e-08
L5,46,68,242,edge,1.1000000000e-08
L5,46,68,245,edge,1.1000000000e-08
L5,46,68,253,edge,1.1000000000e-08
L5,46,68,255,edge,1.1000000000e-08
L5,46,68,258,edge,1.1000000000e-08
L5,46,68,259,edge,1.1000000000e-08
L5,46,68,261,edge,2.2000000000e-08
L5,46,68,275,edge,1.1000000000e-08
L5,46,68,280,edge,1.1000000000e-08
L5,46,68,281,edge,1.1000000000e-08
L5,46,70,259,edge,1.1000000000e-08
L5,46,70,259,fall,1.1000000000e-08
L5,46,70,261,edge,1.1000000000e-08
L5,46,70,261,fall,1.1000000000e-08
L5,46,70,274,edge,1.1000000000e-08
L5,46,70,274,fall,1.1000000000e-08
L5,46,76,225,edge,1.1000000000e-08
L5,46,76,226,edge,1.1000000000e-08
L5,46,76,228,edge,1.1000000000e-08
L5,46,76,242,edge,1.1000000000e-08
L5,46,76,249,edge,1.1000000000e-08
L5,46,76,257,edge,2.2000000000e-08
L5,46,76,260,edge,1.1000000000e-08
L5,46,76,261,edge,2.2000000000e-08
L5,46,76,272,edge,1.1000000000e-08
L5,46,76,276,edge,1.1000000000e-08
L5,46,76,282,edge,1.1000000000e-08
L5,47,74,224,edge,1.1000000000e-08
L5,47,74,225,edge,1.1000000000e-08
L5,47,74,226,edge,1.1000000000e-08
L5,47,74,228,edge,1.1000000000e-08
L5,47,74,242,edge,1.1000000000e-08
L5,47,74,250,edge,1.2100000000e-07
L5,47,74,255,edge,1.1000000000e-08
L5,47,74,256,edge,1.1000000000e-08
L5,47,74,259,edge,2.2000000000e-08
L5,47,74,260,edge,2.2000000000e-08
L5,47,74,271,edge,1.1000000000e-08
L5,47,74,272,edge,1.1000000000e-08
L5,47,74,281,edge,1.1000000000e-08
L5,47,81,261,edge,1.2100000000e-07
L5,48,56,250,edge,1.1000000000e-08
L5,48,68,225,edge,1.1000000000e-08
L5,48,68,226,edge,2.2000000000e-08
L5,48,68,236,edge,1.1000000000e-08
L5,48,68,243,edge,1.1000000000e-08
L5,48,68,244,edge,1.1000000000e-08
L5,48,68,250,edge,1.1000000000e-08
L5,48,68,253,edge,1.1000000000e-08
L5,48,68,254,edge,1.1000000000e-08
L5,48,68,259,edge,1.1000000000e-08
L5,48,68,260,edge,1.1000000000e-08
L5,48,68,276,edge,1.1000000000e-08
L5,48,73,227,edge,1.5400000000e-07
L5,48,73,243,edge,1.1000000000e-08
L5,48,73,244,edge,1.1000000000e-08
L5,48,73,245,edge,1.1000000000e-08
L5,48,73,249,edge,1.1000000000e-08
L5,48,73,251,edge,2.2000000000e-08
L5,48,73,253,edge,2.2000000000e-08
L5,48,73,254,edge,3.3000000000e-08
L5,48,73,259,edge,1.1000000000e-08
L5,48,73,261,edge,9.9000000000e-08
L5,48,73,262,edge,1.1000000000e-08
L5,48,73,272,edge,1.1000000000e-08
L5,48,73,275,edge,1.1000000000e-08
L5,48,73,277,edge,1.1000000000e-08
L5,48,77,222,edge,1.3200000000e-07
L5,48,77,226,edge,1.3200000000e-07
L5,48,77,242,edge,1.2100000000e-07
L5,48,77,243,edge,1.1000000000e-08
L5,48,77,244,edge,1.2100000000e-07
L5,48,77,253,edge,1.1000000000e-08
L5,48,77,256,edge,1.1000000000e-08
L5,48,77,257,edge,1.1000000000e-08
L5,48,77,259,edge,2.2000000000e-08
L5,48,77,260,edge,1.1000000000e-08
L5,48,77,261,edge,1.1000000000e-08
L5,48,77,281,edge,1.1000000000e-08
L5,48,77,282,edge,1.1000000000e-08
L5,48,82,245,edge,2.2000000000e-08
L5,48,82,272,edge,1.2100000000e-07
L5,48,82,279,edge,5.5000000000e-08
L5,49,57,228,edge,1.2100000000e-07
L5,49,67,228,edge,1.1000000000e-08
L5,49,67,237,edge,1.1000000000e-08
L5,49,67,244,edge,1.1000000000e-08
L5,49,67,247,edge,1.1000000000e-08
L5,49,67,254,edge,1.1000000000e-08
L5,49,67,262,edge,1.1000000000e-08
L5,49,67,272,edge,1.1000000000e-08
L5,49,67,275,edge,1.1000000000e-08
L5,49,67,280,edge,1.1000000000e-08
L5,49,69,236,edge,2.2000000000e-08
L5,49,69,243,edge,1.1000000000e-08
L5,49,69,260,edge,1.1000000000e-08
L5,49,69,263,edge,1.1000000000e-08
L5,49,69,279,edge,1.1000000000e-08
L5,49,69,282,edge,1.1000000000e-08
L5,49,72,224,edge,1.1000000000e-08
L5,49,72,224,fall,1.1000000000e-08
L5,49,72,225,edge,1.1000000000e-08
L5,49,72,225,fall,1.1000000000e-08
L5,49,72,253,edge,1.1000000000e-08
L5,49,72,253,fall,1.1000000000e-08
L5,49,72,261,edge,1.1000000000e-08
L5,49,72,261,fall,1.1000000000e-08
L5,49,76,224,edge,1.2100000000e-07
L5,49,76,225,edge,1.1000000000e-08
L5,49,76,228,edge,1.1000000000e-08
L5,49,76,235,edge,1.1000000000e-08
L5,49,76,244,edge,1.1000000000e-08
L5,49,76,245,edge,1.1000000000e-08
L5,49,76,248,edge,1.1000000000e-08
L5,49,76,249,edge,1.1000000000e-08
L5,49,76,254,edge,2.2000000000e-08
L5,49,76,255,edge,1.1000000000e-08
L5,49,76,281,edge,2.2000000000e-08
L5,49,78,260,edge,1.1000000000e-08
L5,49,78,261,edge,1.1000000000e-08
L5,49,78,281,edge,1.1000000000e-08
L5,49,84,274,edge,1.1000000000e-08
L5,50,58,259,edge,1.2100000000e-07
L5,50,58,260,edge,1.2100000000e-07
L5,50,68,225,edge,1.1000000000e-08
L5,50,68,253,edge,1.1000000000e-08
L5,50,68,261,edge,2.2000000000e-08
L5,50,68,262,edge,1.2100000000e-07
L5,50,68,272,edge,1.1000000000e-08
L5,50,68,276,edge,1.1000000000e-08
L5,50,71,261,edge,1.2100000000e-07
L5,50,71,261,fall,1.2100000000e-07
L5,50,75,224,edge,1.1000000000e-08
L5,50,75,225,edge,1.1000000000e-08
L5,50,75,235,edge,1.1000000000e-08
L5,50,75,245,edge,1.1000000000e-08
L5,50,75,253,edge,1.1000000000e-08
L5,50,75,254,edge,1.1000000000e-08
L5,50,75,261,edge,1.1000000000e-08
L5,50,75,274,edge,1.1000000000e-08
L5,50,75,280,edge,1.1000000000e-08
L5,50,77,224,edge,1.1000000000e-08
L5,50,77,225,edge,1.1000000000e-08
L5,50,77,253,edge,1.1000000000e-08
L5,50,77,254,edge,1.1000000000e-08
L5,50,77,261,edge,1.1000000000e-08
L5,50,77,280,edge,1.1000000000e-08
L5,51,74,227,edge,1.2100000000e-07
L5,51,74,227,fall,1.2100000000e-07
L5,51,86,245,edge,1.2100000000e-07
L5,51,86,251,edge,1.1000000000e-08
L5,52,60,251,edge,1.1000000000e-07
L5,52,61,253,edge,1.1000000000e-08
L5,52,69,260,edge,1.1000000000e-08
L5,52,69,260,fall,1.1000000000e-08
L5,52,69,263,edge,1.1000000000e-08
L5,52,69,263,fall,1.1000000000e-08
L5,53,62,224,edge,1.1000000000e-08
L5,53,70,263,edge,1.1000000000e-08
L5,53,70,263,fall,1.1000000000e-08
L5,53,85,253,edge,1.2100000000e-07
L5,54,62,224,edge,1.2100000000e-07
L5,54,71,228,edge,1.2100000000e-07
L5,54,71,228,fall,1.2100000000e-07
L5,54,77,225,edge,1.1000000000e-08
L5,54,77,227,edge,1.3200000000e-07
L5,54,77,228,edge,1.1000000000e-08
L5,54,77,243,edge,1.1000000000e-08
L5,54,77,251,edge,2.2000000000e-08
L5,54,77,253,edge,1.1000000000e-08
L5,54,77,254,edge,2.2000000000e-08
L5,54,77,258,edge,1.1000000000e-08
L5,54,77,259,edge,1.1000000000e-08
L5,54,77,272,edge,1.1000000000e-08
L5,54,77,277,edge,1.1000000000e-08
L5,54,77,280,edge,1.1000000000e-08
L5,55,76,251,edge,1.2100000000e-07
L5,55,76,251,fall,1.2100000000e-07
L5,56,71,222,edge,1.1000000000e-08
L5,56,71,225,edge,1.1000000000e-08
L5,56,71,242,edge,1.1000000000e-08
L5,56,71,244,edge,2.2000000000e-08
L5,56,71,246,edge,1.1000000000e-08
L5,56,71,248,edge,1.1000000000e-08
L5,56,71,259,edge,1.1000000000e-08
L5,56,71,263,edge,1.1000000000e-08
L5,56,71,271,edge,1.1000000000e-08
L5,56,71,273,edge,1.1000000000e-08
L5,56,71,279,edge,1.1000000000e-08
L5,57,70,228,edge,4.4000000000e-08
L5,57,72,222,edge,1.1000000000e-08
L5,57,72,223,edge,1.1000000000e-08
L5,57,72,226,edge,1.1000000000e-08
L5,57,72,248,edge,1.1000000000e-08
L5,57,72,263,edge,1.1000000000e-08
L5,57,72,275,edge,1.1000000000e-08
L5,57,72,279,edge,1.1000000000e-08
L5,57,74,228,edge,1.1000000000e-08
L5,57,74,228,fall,1.1000000000e-08
L5,57,74,236,edge,1.2100000000e-07
L5,57,74,236,fall,1.2100000000e-07
L5,57,74,246,edge,1.1000000000e-08
L5,57,74,246,fall,1.1000000000e-08
L5,57,74,247,edge,1.1000000000e-08
L5,57,74,247,fall,1.1000000000e-08
L5,57,74,248,edge,2.2000000000e-08
L5,57,74,248,fall,2.2000000000e-08
L5,57,74,258,edge,3.3000000000e-08
L5,57,74,258,fall,3.3000000000e-08
L5,57,74,259,edge,1.1000000000e-08
L5,57,74,259,fall,1.1000000000e-08
L5,57,74,271,edge,1.1000000000e-08
L5,57,74,271,fall,1.1000000000e-08
L5,57,74,272,edge,1.1000000000e-08
L5,57,74,272,fall,1.1000000000e-08
L5,57,74,282,edge,1.1000000000e-08
L5,57,74,282,fall,1.1000000000e-08
L5,58,71,226,edge,1.1000000000e-08
L5,58,71,228,edge,1.1000000000e-08
L5,58,71,254,edge,1.1000000000e-08
L5,58,71,261,edge,1.1000000000e-08
L5,58,80,281,edge,1.1000000000e-08
L5,59,79,248,edge,1.2100000000e-07
L5,60,69,252,edge,1.1000000000e-08
L5,60,69,260,edge,1.2100000000e-07
L5,60,70,280,edge,1.1000000000e-08
L5,61,78,277,edge,1.1000000000e-07
L5,62,77,271,edge,1.2100000000e-07
L5,62,77,273,edge,1.2100000000e-07
L5,63,76,248,edge,1.2100000000e-07
L5,63,76,275,edge,6.6000000000e-08
L5,64,75,278,edge,1.2100000000e-07
L6,9,36,339,edge,1.2100000000e-07
L6,9,36,340,edge,1.2100000000e-07
L6,9,37,312,edge,1.2100000000e-07
L6,11,34,284,edge,1.2100000000e-07
L6,12,33,285,edge,1.2100000000e-07
L6,12,33,322,edge,1.2100000000e-07
L6,12,33,324,edge,1.2100000000e-07
L6,12,40,303,edge,1.2100000000e-07
L6,13,41,297,edge,1.2100000000e-07
L6,13,41,325,edge,1.1000000000e-08
L6,14,32,284,edge,1.1000000000e-08
L6,15,31,286,edge,1.2100000000e-07
L6,15,40,284,edge,7.7000000000e-08
L6,15,40,288,edge,1.1000000000e-08
L6,15,40,307,edge,2.2000000000e-08
L6,15,40,316,edge,2.2000000000e-08
L6,15,40,319,edge,1.1000000000e-08
L6,15,40,322,edge,1.1000000000e-08
L6,15,40,324,edge,2.2000000000e-08
L6,15,40,344,edge,2.2000000000e-08
L6,15,40,345,edge,1.1000000000e-08
L6,15,44,321,edge,1.2100000000e-07
L6,16,39,284,edge,1.1000000000e-08
L6,16,39,324,edge,1.2100000000e-07
L6,16,41,284,edge,1.1000000000e-08
L6,16,41,287,edge,1.2100000000e-07
L6,16,41,288,edge,1.2100000000e-07
L6,16,41,316,edge,2.2000000000e-08
L6,16,41,317,edge,1.1000000000e-08
L6,16,41,325,edge,1.1000000000e-08
L6,16,41,345,edge,1.1000000000e-08
L6,16,45,287,edge,1.2100000000e-07
L6,16,45,311,edge,1.2100000000e-07
L6,17,36,284,edge,1.1000000000e-08
L6,17,36,285,edge,1.1000000000e-08
L6,17,36,289,edge,1.1000000000e-08
L6,17,36,297,edge,1.1000000000e-08
L6,17,36,305,edge,2.2000000000e-08
L6,17,36,306,edge,1.1000000000e-08
L6,17,36,307,edge,1.1000000000e-08
L6,17,36,310,edge,1.1000000000e-08
L6,17,36,312,edge,3.3000000000e-08
L6,17,36,316,edge,1.1000000000e-08
L6,17,36,317,edge,1.3200000000e-07
L6,17,36,324,edge,1.1000000000e-08
L6,17,36,326,edge,1.1000000000e-08
L6,17,36,336,edge,1.2100000000e-07
L6,17,36,337,edge,1.1000000000e-08
L6,17,36,338,edge,2.2000000000e-08
L6,17,36,340,edge,1.1000000000e-08
L6,17,36,341,edge,1.1000000000e-08
L6,17,36,343,edge,3.3000000000e-08
L6,17,39,284,edge,1.1000000000e-08
L6,17,39,288,edge,1.1000000000e-08
L6,17,39,324,edge,3.3000000000e-08
L6,17,41,284,edge,1.1000000000e-08
L6,17,41,287,edge,1.2100000000e-07
L6,17,41,305,edge,1.2100000000e-07
L6,17,41,319,edge,1.2100000000e-07
L6,18,28,326,edge,1.2100000000e-07
L6,18,28,344,edge,1.2100000000e-07
L6,18,35,324,edge,1.2100000000e-07
L6,18,35,338,edge,1.2100000000e-07
L6,18,37,323,edge,1.1000000000e-08
L6,18,37,337,edge,1.2100000000e-07
L6,18,37,338,edge,1.1000000000e-08
L6,18,40,284,edge,2.2000000000e-08
L6,18,40,285,edge,1.1000000000e-08
L6,18,40,286,edge,1.1000000000e-08
L6,18,40,288,edge,1.1000000000e-08
L6,18,40,305,edge,1.1000000000e-08
L6,18,40,306,edge,1.1000000000e-08
L6,18,40,310,edge,1.1000000000e-08
L6,18,40,312,edge,2.2000000000e-08
L6,18,40,317,edge,1.1000000000e-08
L6,18,40,318,edge,1.1000000000e-08
L6,18,40,323,edge,1.1000000000e-08
L6,18,40,324,edge,3.3000000000e-08
L6,18,40,326,edge,1.1000000000e-08
L6,18,40,340,edge,1.1000000000e-08
L6,18,40,342,edge,1.1000000000e-08
L6,18,40,343,edge,2.2000000000e-08
L6,18,47,316,edge,1.2100000000e-07
L6,18,47,317,edge,1.2100000000e-07
L6,18,47,338,edge,1.2100000000e-07
L6,19,27,289,edge,1.2100000000e-07
L6,19,33,284,edge,1.2100000000e-07
L6,19,33,284,fall,1.2100000000e-07
L6,19,33,305,edge,1.2100000000e-07
L6,19,33,305,fall,1.2100000000e-07
L6,19,33,317,edge,1.1000000000e-08
L6,19,33,317,fall,1.1000000000e-08
L6,19,36,338,edge,1.2100000000e-07
L6,19,36,338,fall,1.2100000000e-07
L6,19,41,283,edge,2.2000000000e-08
L6,19,41,285,edge,3.3000000000e-08
L6,19,41,286,edge,2.2000000000e-08
L6,19,41,287,edge,2.2000000000e-08
L6,19,41,288,edge,1.1000000000e-08
L6,19,41,289,edge,1.1000000000e-08
L6,19,41,296,edge,1.1000000000e-08
L6,19,41,297,edge,1.1000000000e-08
L6,19,41,304,edge,1.1000000000e-08
L6,19,41,305,edge,3.3000000000e-08
L6,19,41,306,edge,2.2000000000e-08
L6,19,41,307,edge,1.1000000000e-08
L6,19,41,310,edge,1.1000000000e-08
L6,19,41,312,edge,1.1000000000e-08
L6,19,41,316,edge,1.1000000000e-08
L6,19,41,317,edge,2.2000000000e-08
L6,19,41,318,edge,1.1000000000e-08
L6,19,41,320,edge,1.1000000000e-08
L6,19,41,321,edge,2.2000000000e-08
L6,19,41,323,edge,2.2000000000e-08
L6,19,41,324,edge,4.4000000000e-08
L6,19,41,325,edge,1.1000000000e-08
L6,19,41,326,edge,1.1000000000e-08
L6,19,41,336,edge,2.2000000000e-08
L6,19,41,337,edge,3.3000000000e-08
L6,19,41,338,edge,3.3000000000e-08
L6,19,41,341,edge,1.1000000000e-08
L6,19,41,342,edge,1.1000000000e-08
L6,19,41,343,edge,2.2000000000e-08
L6,19,48,319,edge,1.1000000000e-08
L6,19,49,317,edge,1.2100000000e-07
L6,19,49,319,edge,1.2100000000e-07
L6,20,26,336,edge,1.1000000000e-08
L6,20,32,305,edge,2.2000000000e-08
L6,20,32,305,fall,2.2000000000e-08
L6,20,32,317,edge,1.1000000000e-08
L6,20,32,317,fall,1.1000000000e-08
L6,20,32,318,edge,1.2100000000e-07
L6,20,32,318,fall,1.2100000000e-07
L6,20,38,306,edge,1.1000000000e-08
L6,20,38,306,fall,1.1000000000e-08
L6,20,38,321,edge,1.2100000000e-07
L6,20,38,321,fall,1.2100000000e-07
L6,20,38,338,edge,1.1000000000e-08
L6,20,38,338,fall,1.1000000000e-08
L6,20,38,342,edge,3.3000000000e-08
L6,20,38,342,fall,3.3000000000e-08
L6,20,40,320,edge,1.1000000000e-08
L6,20,42,284,edge,1.1000000000e-08
L6,20,42,305,edge,1.1000000000e-08
L6,20,42,311,edge,1.1000000000e-08
L6,20,42,313,edge,1.2100000000e-07
L6,20,42,321,edge,1.1000000000e-08
L6,20,42,338,edge,1.1000000000e-08
L6,20,49,317,edge,2.2000000000e-08
L6,20,49,319,edge,1.1000000000e-08
L6,21,26,304,edge,1.2100000000e-07
L6,21,32,305,edge,2.2000000000e-08
L6,21,32,305,fall,2.2000000000e-08
L6,21,32,317,edge,1.1000000000e-08
L6,21,32,317,fall,1.1000000000e-08
L6,21,32,318,edge,2.2000000000e-08
L6,21,32,318,fall,2.2000000000e-08
L6,21,42,284,edge,1.1000000000e-08
L6,21,42,305,edge,1.1000000000e-08
L6,21,42,311,edge,1.1000000000e-08
L6,21,42,321,edge,1.1000000000e-08
L6,21,42,338,edge,1.1000000000e-08
L6,21,50,287,edge,1.1000000000e-08
L6,21,50,298,edge,1.2100000000e-07
L6,21,50,305,edge,1.1000000000e-08
L6,21,50,316,edge,1.1000000000e-08
L6,21,50,339,edge,1.1000000000e-08
L6,21,50,341,edge,1.1000000000e-07
L6,22,33,303,edge,1.2100000000e-07
L6,22,33,303,fall,1.2100000000e-07
L6,22,44,309,edge,1.1000000000e-08
L6,22,44,309,fall,1.1000000000e-08
L6,22,44,314,edge,1.1000000000e-08
L6,22,44,314,fall,1.1000000000e-08
L6,22,44,324,edge,1.2100000000e-07
L6,22,44,324,fall,1.2100000000e-07
L6,22,44,342,edge,5.5000000000e-08
L6,22,44,342,fall,5.5000000000e-08
L6,23,33,303,edge,2.2000000000e-08
L6,23,33,304,edge,1.1000000000e-08
L6,23,33,305,edge,1.3200000000e-07
L6,23,33,306,edge,1.1000000000e-08
L6,23,33,310,edge,1.1000000000e-08
L6,23,33,311,edge,1.1000000000e-08
L6,23,33,313,edge,1.1000000000e-08
L6,23,33,317,edge,1.1000000000e-08
L6,23,33,318,edge,1.1000000000e-08
L6,23,33,325,edge,2.2000000000e-08
L6,23,33,326,edge,1.1000000000e-08
L6,23,40,337,edge,1.2100000000e-07
L6,23,40,337,fall,1.2100000000e-07
L6,23,43,324,edge,1.1000000000e-08
L6,23,43,324,fall,1.1000000000e-08
L6,24,34,287,edge,1.1000000000e-08
L6,24,34,303,edge,1.2100000000e-07
L6,24,34,304,edge,2.2000000000e-08
L6,24,34,306,edge,1.1000000000e-08
L6,24,34,308,edge,1.1000000000e-08
L6,24,34,310,edge,1.1000000000e-08
L6,24,34,314,edge,1.1000000000e-08
L6,24,34,315,edge,1.1000000000e-08
L6,24,34,318,edge,1.1000000000e-08
L6,24,34,325,edge,1.1000000000e-08
L6,24,34,335,edge,1.1000000000e-08
L6,24,34,337,edge,1.1000000000e-08
L6,24,34,344,edge,1.1000000000e-08
L6,24,35,309,edge,1.2100000000e-07
L6,24,35,309,fall,1.2100000000e-07
L6,24,39,310,edge,1.1000000000e-08
L6,24,39,310,fall,1.1000000000e-08
L6,24,39,319,edge,1.1000000000e-08
L6,24,39,319,fall,1.1000000000e-08
L6,24,42,284,edge,1.1000000000e-08
L6,24,42,298,edge,1.1000000000e-08
L6,24,42,309,edge,1.1000000000e-08
L6,24,42,338,edge,1.1000000000e-08
L6,24,42,344,edge,5.5000000000e-08
L6,24,42,345,edge,1.1000000000e-08
L6,24,46,337,edge,2.2000000000e-08
L6,24,46,337,fall,2.2000000000e-08
L6,24,54,285,edge,1.2100000000e-07
L6,24,54,305,edge,1.1000000000e-08
L6,24,54,314,edge,1.2100000000e-07
L6,25,28,296,edge,1.1000000000e-08
L6,25,29,285,edge,1.1000000000e-08
L6,25,29,296,edge,1.1000000000e-08
L6,25,29,318,edge,1.1000000000e-08
L6,25,36,286,edge,1.1000000000e-08
L6,25,36,287,edge,1.1000000000e-08
L6,25,36,297,edge,1.1000000000e-08
L6,25,36,304,edge,2.2000000000e-08
L6,25,36,310,edge,2.2000000000e-08
L6,25,36,313,edge,1.1000000000e-08
L6,25,37,297,edge,1.2100000000e-07
L6,25,37,297,fall,1.2100000000e-07
L6,25,39,286,edge,1.2100000000e-07
L6,25,39,296,edge,1.2100000000e-07
L6,25,39,310,edge,1.3200000000e-07
L6,25,43,285,edge,1.1000000000e-08
L6,25,43,286,edge,1.1000000000e-08
L6,25,43,287,edge,1.1000000000e-08
L6,25,43,304,edge,1.1000000000e-08
L6,25,43,311,edge,1.1000000000e-08
L6,25,43,319,edge,2.2000000000e-08
L6,25,43,320,edge,1.1000000000e-08
L6,25,43,322,edge,1.1000000000e-08
L6,25,43,338,edge,1.1000000000e-08
L6,25,43,344,edge,1.1000000000e-08
L6,25,43,345,edge,2.2000000000e-08
L6,25,45,285,edge,1.1000000000e-08
L6,25,45,285,fall,1.1000000000e-08
L6,25,45,286,edge,1.1000000000e-08
L6,25,45,286,fall,1.1000000000e-08
L6,25,45,287,edge,2.2000000000e-08
L6,25,45,287,fall,2.2000000000e-08
L6,25,45,304,edge,1.1000000000e-08
L6,25,45,304,fall,1.1000000000e-08
L6,25,45,306,edge,1.1000000000e-08
L6,25,45,306,fall,1.1000000000e-08
L6,25,45,310,edge,2.2000000000e-08
L6,25,45,310,fall,2.2000000000e-08
L6,25,45,312,edge,1.1000000000e-08
L6,25,45,312,fall,1.1000000000e-08
L6,25,45,313,edge,1.1000000000e-08
L6,25,45,313,fall,1.1000000000e-08
L6,25,45,315,edge,1.1000000000e-08
L6,25,45,315,fall,1.1000000000e-08
L6,25,45,319,edge,2.2000000000e-08
L6,25,45,319,fall,2.2000000000e-08
L6,25,45,320,edge,1.1000000000e-08
L6,25,45,320,fall,1.1000000000e-08
L6,25,45,322,edge,1.1000000000e-08
L6,25,45,322,fall,1.1000000000e-08
L6,25,45,326,edge,2.4200000000e-07
L6,25,45,326,fall,2.4200000000e-07
L6,25,45,333,edge,1.1000000000e-08
L6,25,45,333,fall,1.1000000000e-08
L6,25,45,338,edge,1.2100000000e-07
L6,25,45,338,fall,1.2100000000e-07
L6,25,45,340,edge,1.1000000000e-08
L6,25,45,340,fall,1.1000000000e-08
L6,25,45,345,edge,2.2000000000e-08
L6,25,45,345,fall,2.2000000000e-08
L6,25,48,283,edge,1.1000000000e-08
L6,25,48,287,edge,1.1000000000e-08
L6,25,48,289,edge,1.1000000000e-08
L6,25,48,306,edge,4.4000000000e-08
L6,25,48,312,edge,1.1000000000e-08
L6,25,48,313,edge,1.1000000000e-08
L6,25,48,314,edge,1.1000000000e-08
L6,25,48,318,edge,1.1000000000e-08
L6,25,48,319,edge,1.1000000000e-08
L6,25,48,320,edge,1.1000000000e-08
L6,25,48,325,edge,1.1000000000e-08
L6,25,48,338,edge,1.1000000000e-08
L6,25,48,340,edge,1.1000000000e-08
L6,25,56,322,edge,1.1000000000e-08
L6,26,30,326,edge,1.2100000000e-07
L6,26,38,285,edge,1.1000000000e-08
L6,26,38,286,edge,1.1000000000e-08
L6,26,38,287,edge,1.1000000000e-08
L6,26,38,296,edge,1.1000000000e-08
L6,26,38,304,edge,2.2000000000e-08
L6,26,38,310,edge,2.2000000000e-08
L6,26,38,311,edge,1.1000000000e-08
L6,26,38,313,edge,1.1000000000e-08
L6,26,38,314,edge,1.1000000000e-08
L6,26,38,325,edge,1.1000000000e-08
L6,26,38,326,edge,1.1000000000e-08
L6,26,38,340,edge,1.1000000000e-08
L6,26,44,283,edge,1.1000000000e-08
L6,26,44,283,fall,1.1000000000e-08
L6,26,44,287,edge,1.1000000000e-08
L6,26,44,287,fall,1.1000000000e-08
L6,26,44,288,edge,1.1000000000e-08
L6,26,44,288,fall,1.1000000000e-08
L6,26,44,320,edge,1.1000000000e-08
L6,26,44,320,fall,1.1000000000e-08
L6,26,44,323,edge,1.1000000000e-08
L6,26,44,323,fall,1.1000000000e-08
L6,26,44,325,edge,1.1000000000e-08
L6,26,44,325,fall,1.1000000000e-08
L6,26,44,326,edge,1.1000000000e-08
L6,26,44,326,fall,1.1000000000e-08
L6,26,44,344,edge,1.1000000000e-08
L6,26,44,344,fall,1.1000000000e-08
L6,26,45,283,edge,1.1000000000e-08
L6,26,45,283,fall,1.1000000000e-08
L6,26,45,287,edge,1.1000000000e-08
L6,26,45,287,fall,1.1000000000e-08
L6,26,45,288,edge,1.1000000000e-08
L6,26,45,288,fall,1.1000000000e-08
L6,26,45,311,edge,1.1000000000e-08
L6,26,45,311,fall,1.1000000000e-08
L6,26,45,319,edge,1.1000000000e-08
L6,26,45,319,fall,1.1000000000e-08
L6,26,45,320,edge,1.1000000000e-08
L6,26,45,320,fall,1.1000000000e-08
L6,26,45,323,edge,1.1000000000e-08
L6,26,45,323,fall,1.1000000000e-08
L6,26,45,325,edge,1.1000000000e-08
L6,26,45,325,fall,1.1000000000e-08
L6,26,45,326,edge,1.1000000000e-08
L6,26,45,326,fall,1.1000000000e-08
L6,26,45,336,edge,1.1000000000e-07
L6,26,45,336,fall,1.1000000000e-07
L6,26,45,344,edge,2.2000000000e-08
L6,26,45,344,fall,2.2000000000e-08
L6,26,47,283,edge,1.2100000000e-07
L6,26,47,287,edge,3.3000000000e-08
L6,26,47,288,edge,2.2000000000e-08
L6,26,47,306,edge,1.1000000000e-08
L6,26,47,316,edge,3.3000000000e-08
L6,26,47,324,edge,1.1000000000e-08
L6,26,47,325,edge,1.1000000000e-08
L6,26,47,326,edge,1.1000000000e-08
L6,26,47,337,edge,1.1000000000e-08
L6,26,47,342,edge,2.2000000000e-08
L6,26,49,283,edge,1.1000000000e-08
L6,26,49,284,edge,1.1000000000e-08
L6,26,49,286,edge,1.3200000000e-07
L6,26,49,288,edge,1.1000000000e-08
L6,26,49,289,edge,1.1000000000e-08
L6,26,49,296,edge,2.2000000000e-08
L6,26,49,298,edge,1.1000000000e-08
L6,26,49,304,edge,1.1000000000e-08
L6,26,49,305,edge,2.2000000000e-08
L6,26,49,306,edge,2.2000000000e-08
L6,26,49,309,edge,1.1000000000e-08
L6,26,49,317,edge,3.3000000000e-08
L6,26,49,319,edge,1.1000000000e-08
L6,26,49,323,edge,1.1000000000e-08
L6,26,49,325,edge,1.1000000000e-08
L6,26,49,339,edge,1.1000000000e-08
L6,26,49,345,edge,1.1000000000e-08
L6,27,31,320,edge,1.1000000000e-08
L6,27,31,322,edge,1.1000000000e-08
L6,27,35,285,edge,1.1000000000e-08
L6,27,35,289,edge,1.1000000000e-08
L6,27,35,298,edge,1.1000000000e-08
L6,27,35,311,edge,1.1000000000e-08
L6,27,35,319,edge,1.1000000000e-08
L6,27,35,324,edge,1.2100000000e-07
L6,27,35,340,edge,1.2100000000e-07
L6,27,43,287,edge,1.2100000000e-07
L6,27,43,287,fall,1.2100000000e-07
L6,27,48,286,edge,1.1000000000e-08
L6,27,48,288,edge,1.1000000000e-08
L6,27,48,311,edge,1.1000000000e-08
L6,27,48,320,edge,1.1000000000e-08
L6,27,48,323,edge,1.1000000000e-08
L6,27,48,325,edge,1.1000000000e-08
L6,27,48,326,edge,2.2000000000e-08
L6,27,48,344,edge,1.1000000000e-08
L6,27,48,345,edge,2.2000000000e-08
L6,27,58,307,edge,4.4000000000e-08
L6,28,32,317,edge,1.2100000000e-07
L6,28,34,311,edge,1.1000000000e-08
L6,28,34,315,edge,1.1000000000e-08
L6,28,34,319,edge,3.3000000000e-08
L6,28,34,339,edge,1.1000000000e-08
L6,28,36,303,edge,1.1000000000e-08
L6,28,36,309,edge,1.1000000000e-08
L6,28,36,311,edge,1.1000000000e-08
L6,28,36,312,edge,1.2100000000e-07
L6,28,36,313,edge,1.1000000000e-08
L6,28,36,317,edge,1.1000000000e-08
L6,28,36,325,edge,1.1000000000e-08
L6,28,36,345,edge,1.2100000000e-07
L6,28,42,284,edge,1.2100000000e-07
L6,28,42,284,fall,1.2100000000e-07
L6,28,42,323,edge,8.8000000000e-08
L6,28,42,323,fall,8.8000000000e-08
L6,28,47,287,edge,1.1000000000e-08
L6,28,47,287,fall,1.1000000000e-08
L6,28,47,288,edge,1.1000000000e-08
L6,28,47,288,fall,1.1000000000e-08
L6,28,47,316,edge,1.1000000000e-08
L6,28,47,316,fall,1.1000000000e-08
L6,28,47,325,edge,1.1000000000e-08
L6,28,47,325,fall,1.1000000000e-08
L6,28,47,337,edge,1.1000000000e-08
L6,28,47,337,fall,1.1000000000e-08
L6,28,47,342,edge,1.2100000000e-07
L6,28,47,342,fall,1.2100000000e-07
L6,28,59,326,edge,1.2100000000e-07
L6,29,33,297,edge,1.1000000000e-08
L6,29,33,326,edge,1.1000000000e-08
L6,29,35,297,edge,1.1000000000e-08
L6,29,35,320,edge,1.1000000000e-08
L6,29,35,322,edge,1.1000000000e-08
L6,29,35,339,edge,1.2100000000e-07
L6,29,35,343,edge,1.1000000000e-08
L6,29,39,284,edge,1.1000000000e-08
L6,29,39,286,edge,1.1000000000e-08
L6,29,39,289,edge,3.3000000000e-08
L6,29,39,298,edge,1.1000000000e-08
L6,29,39,303,edge,1.1000000000e-08
L6,29,39,306,edge,1.1000000000e-08
L6,29,39,310,edge,1.1000000000e-08
L6,29,39,312,edge,1.1000000000e-08
L6,29,39,315,edge,1.1000000000e-08
L6,29,39,316,edge,1.1000000000e-08
L6,29,39,318,edge,1.1000000000e-08
L6,29,39,320,edge,2.2000000000e-08
L6,29,39,321,edge,1.1000000000e-08
L6,29,39,322,edge,1.1000000000e-08
L6,29,39,324,edge,1.1000000000e-08
L6,29,39,326,edge,2.2000000000e-08
L6,29,39,336,edge,1.1000000000e-08
L6,29,41,284,edge,1.1000000000e-08
L6,29,41,288,edge,1.1000000000e-08
L6,29,41,298,edge,2.2000000000e-08
L6,29,41,304,edge,1.1000000000e-08
L6,29,41,305,edge,3.3000000000e-08
L6,29,41,309,edge,1.1000000000e-08
L6,29,41,310,edge,1.1000000000e-08
L6,29,41,314,edge,1.1000000000e-08
L6,29,41,320,edge,1.1000000000e-08
L6,29,41,333,edge,1.1000000000e-08
L6,29,41,344,edge,1.1000000000e-08
L6,29,46,303,edge,1.2100000000e-07
L6,29,46,303,fall,1.2100000000e-07
L6,29,46,337,edge,1.2100000000e-07
L6,29,46,337,fall,1.2100000000e-07
L6,29,49,320,edge,1.1000000000e-08
L6,29,49,337,edge,1.1000000000e-08
L6,29,49,342,edge,1.1000000000e-08
L6,29,60,316,edge,1.2100000000e-07
L6,30,34,288,edge,1.2100000000e-07
L6,30,34,314,edge,1.2100000000e-07
L6,30,38,288,edge,1.1000000000e-08
L6,30,38,289,edge,1.1000000000e-08
L6,30,38,304,edge,1.1000000000e-08
L6,30,38,322,edge,2.2000000000e-08
L6,30,38,325,edge,1.1000000000e-08
L6,30,38,335,edge,1.1000000000e-08
L6,30,40,288,edge,1.1000000000e-08
L6,30,40,297,edge,1.1000000000e-08
L6,30,40,298,edge,1.1000000000e-08
L6,30,40,310,edge,1.1000000000e-08
L6,30,40,317,edge,7.7000000000e-08
L6,30,40,322,edge,1.2100000000e-07
L6,30,48,287,edge,2.2000000000e-08
L6,30,48,288,edge,1.1000000000e-08
L6,30,48,298,edge,1.1000000000e-08
L6,30,48,306,edge,1.1000000000e-08
L6,30,48,308,edge,1.1000000000e-08
L6,30,48,310,edge,1.1000000000e-08
L6,30,48,324,edge,1.1000000000e-08
L6,30,48,325,edge,1.1000000000e-08
L6,30,48,326,edge,3.3000000000e-08
L6,30,48,336,edge,1.1000000000e-08
L6,30,48,337,edge,1.1000000000e-08
L6,30,48,342,edge,1.1000000000e-08
L6,30,48,344,edge,1.1000000000e-08
L6,30,50,284,edge,1.1000000000e-08
L6,30,50,306,edge,1.1000000000e-08
L6,30,50,309,edge,1.1000000000e-08
L6,30,50,317,edge,1.1000000000e-08
L6,30,50,321,edge,1.1000000000e-08
L6,30,50,322,edge,1.1000000000e-08
L6,30,50,325,edge,1.1000000000e-08
L6,30,50,326,edge,1.1000000000e-08
L6,30,56,283,edge,1.1000000000e-08
L6,30,56,284,edge,1.1000000000e-08
L6,30,56,285,edge,1.1000000000e-08
L6,30,56,287,edge,2.2000000000e-08
L6,30,56,288,edge,1.1000000000e-08
L6,30,56,309,edge,1.1000000000e-08
L6,30,56,311,edge,1.1000000000e-08
L6,30,56,315,edge,1.1000000000e-08
L6,30,56,316,edge,1.1000000000e-08
L6,30,56,317,edge,1.1000000000e-08
L6,30,56,318,edge,1.1000000000e-08
L6,30,56,320,edge,1.1000000000e-08
L6,30,56,321,edge,1.1000000000e-08
L6,30,56,324,edge,2.2000000000e-08
L6,30,56,333,edge,1.1000000000e-08
L6,30,56,343,edge,1.1000000000e-08
L6,30,56,344,edge,1.1000000000e-08
L6,30,61,305,edge,1.1000000000e-08
L6,30,62,289,edge,1.2100000000e-07
L6,30,62,312,edge,1.2100000000e-07
L6,31,35,285,edge,1.2100000000e-07
L6,31,36,285,edge,2.2000000000e-08
L6,31,36,307,edge,1.2100000000e-07
L6,31,36,308,edge,1.1000000000e-08
L6,31,36,314,edge,1.1000000000e-08
L6,31,36,320,edge,2.2000000000e-08
L6,31,36,322,edge,1.1000000000e-08
L6,31,36,334,edge,1.1000000000e-08
L6,31,36,337,edge,1.2100000000e-07
L6,31,36,342,edge,1.1000000000e-08
L6,31,39,285,edge,1.1000000000e-08
L6,31,39,304,edge,1.1000000000e-08
L6,31,39,307,edge,1.1000000000e-08
L6,31,39,308,edge,1.1000000000e-08
L6,31,39,309,edge,2.2000000000e-08
L6,31,39,314,edge,2.2000000000e-08
L6,31,39,320,edge,2.2000000000e-08
L6,31,39,322,edge,1.1000000000e-08
L6,31,39,345,edge,1.1000000000e-08
L6,31,43,286,edge,1.1000000000e-08
L6,31,43,296,edge,1.1000000000e-08
L6,31,43,298,edge,2.2000000000e-08
L6,31,43,304,edge,2.2000000000e-08
L6,31,43,305,edge,1.1000000000e-08
L6,31,43,307,edge,2.2000000000e-08
L6,31,43,309,edge,1.1000000000e-08
L6,31,43,310,edge,1.1000000000e-08
L6,31,43,312,edge,1.1000000000e-08
L6,31,43,314,edge,1.1000000000e-08
L6,31,43,318,edge,1.1000000000e-08
L6,31,43,320,edge,1.1000000000e-08
L6,31,43,322,edge,2.2000000000e-08
L6,31,43,325,edge,1.1000000000e-08
L6,31,43,326,edge,3.3000000000e-08
L6,31,43,333,edge,2.2000000000e-08
L6,31,43,336,edge,1.1000000000e-08
L6,31,43,337,edge,1.1000000000e-08
L6,31,43,339,edge,3.3000000000e-08
L6,31,43,344,edge,2.2000000000e-08
L6,31,43,345,edge,1.1000000000e-08
L6,31,44,286,edge,1.2100000000e-07
L6,31,44,286,fall,1.2100000000e-07
L6,31,44,333,edge,1.1000000000e-08
L6,31,44,333,fall,1.1000000000e-08
L6,31,44,339,edge,1.1000000000e-08
L6,31,44,339,fall,1.1000000000e-08
L6,31,44,345,edge,1.1000000000e-08
L6,31,44,345,fall,1.1000000000e-08
L6,31,49,309,edge,1.1000000000e-08
L6,31,49,333,edge,1.1000000000e-08
L6,31,49,339,edge,1.1000000000e-08
L6,31,49,345,edge,1.1000000000e-08
L6,31,55,284,edge,1.1000000000e-08
L6,31,55,305,edge,1.1000000000e-08
L6,31,55,321,edge,1.1000000000e-08
L6,31,55,322,edge,1.1000000000e-08
L6,31,55,339,edge,1.1000000000e-07
L6,31,57,287,edge,1.1000000000e-08
L6,31,57,306,edge,1.1000000000e-08
L6,31,57,321,edge,1.1000000000e-08
L6,31,57,324,edge,1.1000000000e-08
L6,31,57,334,edge,1.2100000000e-07
L6,32,56,286,edge,1.1000000000e-08
L6,32,56,287,edge,1.1000000000e-08
L6,32,56,289,edge,1.1000000000e-08
L6,32,56,298,edge,1.1000000000e-08
L6,32,56,306,edge,1.1000000000e-08
L6,32,56,307,edge,1.1000000000e-08
L6,32,56,308,edge,1.1000000000e-08
L6,32,56,309,edge,1.1000000000e-08
L6,32,56,311,edge,1.3200000000e-07
L6,32,56,312,edge,1.1000000000e-08
L6,32,56,319,edge,1.1000000000e-08
L6,32,56,321,edge,1.1000000000e-08
L6,32,56,322,edge,1.1000000000e-08
L6,32,56,323,edge,3.3000000000e-08
L6,32,56,325,edge,1.1000000000e-08
L6,32,56,326,edge,1.1000000000e-08
L6,32,56,334,edge,1.1000000000e-08
L6,32,56,337,edge,1.1000000000e-08
L6,33,57,284,edge,1.1000000000e-08
L6,33,57,288,edge,1.1000000000e-08
L6,33,57,307,edge,1.1000000000e-08
L6,33,57,309,edge,1.1000000000e-08
L6,33,57,311,edge,1.1000000000e-08
L6,33,57,312,edge,1.1000000000e-08
L6,33,57,317,edge,1.1000000000e-08
L6,33,57,319,edge,1.1000000000e-08
L6,33,57,322,edge,2.2000000000e-08
L6,33,57,324,edge,1.1000000000e-08
L6,33,57,325,edge,2.2000000000e-08
L6,33,65,298,edge,1.1000000000e-07
L6,34,39,308,edge,1.1000000000e-08
L6,34,39,325,edge,1.1000000000e-08
L6,34,45,283,edge,1.1000000000e-08
L6,34,45,284,edge,1.1000000000e-08
L6,34,45,285,edge,1.1000000000e-08
L6,34,45,288,edge,1.1000000000e-08
L6,34,45,289,edge,2.2000000000e-08
L6,34,45,296,edge,2.2000000000e-08
L6,34,45,297,edge,1.1000000000e-08
L6,34,45,298,edge,1.1000000000e-08
L6,34,45,304,edge,1.1000000000e-08
L6,34,45,306,edge,1.1000000000e-08
L6,34,45,308,edge,1.1000000000e-08
L6,34,45,310,edge,1.1000000000e-08
L6,34,45,311,edge,1.1000000000e-08
L6,34,45,313,edge,1.1000000000e-08
L6,34,45,314,edge,1.1000000000e-08
L6,34,45,315,edge,1.1000000000e-08
L6,34,45,316,edge,1.1000000000e-08
L6,34,45,322,edge,1.1000000000e-08
L6,34,45,324,edge,1.1000000000e-08
L6,34,45,325,edge,1.1000000000e-08
L6,34,45,326,edge,1.1000000000e-08
L6,34,45,334,edge,1.1000000000e-08
L6,34,45,335,edge,1.1000000000e-08
L6,34,45,340,edge,1.1000000000e-08
L6,34,56,283,edge,1.1000000000e-08
L6,34,56,309,edge,1.1000000000e-08
L6,34,56,311,edge,1.1000000000e-08
L6,34,56,314,edge,1.1000000000e-08
L6,34,56,321,edge,2.2000000000e-08
L6,34,58,288,edge,1.1000000000e-08
L6,34,58,298,edge,1.1000000000e-08
L6,34,58,314,edge,1.1000000000e-08
L6,34,58,322,edge,1.2100000000e-07
L6,34,66,308,edge,1.1000000000e-08
L6,35,40,305,edge,1.1000000000e-08
L6,35,44,284,edge,1.1000000000e-08
L6,35,44,306,edge,1.1000000000e-08
L6,35,44,310,edge,1.1000000000e-08
L6,35,44,317,edge,1.1000000000e-08
L6,35,46,283,edge,1.2100000000e-07
L6,35,46,298,edge,1.2100000000e-07
L6,35,46,336,edge,1.2100000000e-07
L6,35,50,283,edge,1.1000000000e-08
L6,35,50,284,edge,1.1000000000e-08
L6,35,50,285,edge,1.1000000000e-08
L6,35,50,286,edge,2.2000000000e-08
L6,35,50,288,edge,1.1000000000e-08
L6,35,50,296,edge,1.1000000000e-08
L6,35,50,298,edge,1.2100000000e-07
L6,35,50,308,edge,3.3000000000e-08
L6,35,50,312,edge,1.1000000000e-08
L6,35,50,323,edge,1.1000000000e-08
L6,35,50,325,edge,1.1000000000e-08
L6,35,50,326,edge,1.1000000000e-08
L6,35,50,333,edge,1.1000000000e-08
L6,35,50,344,edge,1.1000000000e-08
L6,35,57,283,edge,2.2000000000e-08
L6,35,57,285,edge,1.1000000000e-08
L6,35,57,286,edge,1.1000000000e-08
L6,35,57,296,edge,2.2000000000e-08
L6,35,57,298,edge,1.1000000000e-08
L6,35,57,304,edge,1.1000000000e-08
L6,35,57,306,edge,1.1000000000e-08
L6,35,57,307,edge,1.1000000000e-08
L6,35,57,308,edge,2.2000000000e-08
L6,35,57,311,edge,1.1000000000e-08
L6,35,57,312,edge,1.1000000000e-08
L6,35,57,320,edge,2.2000000000e-08
L6,35,57,322,edge,1.1000000000e-08
L6,35,57,323,edge,1.1000000000e-08
L6,35,57,325,edge,1.1000000000e-08
L6,35,57,333,edge,2.2000000000e-08
L6,35,57,341,edge,1.1000000000e-08
L6,35,57,343,edge,2.2000000000e-08
L6,35,67,285,edge,1.1000000000e-08
L6,35,67,324,edge,1.2100000000e-07
L6,36,45,322,edge,1.1000000000e-08
L6,36,47,298,edge,2.2000000000e-08
L6,36,47,309,edge,1.1000000000e-08
L6,36,49,285,edge,1.1000000000e-08
L6,36,49,286,edge,1.1000000000e-08
L6,36,49,313,edge,2.2000000000e-08
L6,36,49,317,edge,1.1000000000e-08
L6,36,49,322,edge,1.1000000000e-08
L6,36,49,344,edge,1.1000000000e-08
L6,36,51,284,edge,1.2100000000e-07
L6,36,51,286,edge,1.2100000000e-07
L6,36,59,284,edge,1.1000000000e-08
L6,36,59,286,edge,1.1000000000e-08
L6,36,59,297,edge,1.1000000000e-08
L6,36,59,298,edge,1.1000000000e-08
L6,36,59,307,edge,1.1000000000e-08
L6,36,59,322,edge,2.2000000000e-08
L6,36,59,323,edge,2.2000000000e-08
L6,36,59,325,edge,1.1000000000e-08
L6,36,59,334,edge,1.1000000000e-08
L6,36,59,344,edge,1.1000000000e-08
L6,36,61,283,edge,2.2000000000e-08
L6,36,61,284,edge,1.1000000000e-08
L6,36,61,286,edge,1.1000000000e-08
L6,36,61,289,edge,1.1000000000e-08
L6,36,61,298,edge,3.3000000000e-08
L6,36,61,303,edge,1.1000000000e-08
L6,36,61,307,edge,1.1000000000e-08
L6,36,61,322,edge,2.2000000000e-08
L6,36,61,323,edge,2.2000000000e-08
L6,36,61,325,edge,1.1000000000e-08
L6,36,61,334,edge,1.1000000000e-08
L6,36,61,336,edge,1.1000000000e-08
L6,36,61,344,edge,1.1000000000e-08
L6,36,68,284,edge,1.1000000000e-08
L6,36,68,285,edge,1.1000000000e-08
L6,36,68,340,edge,1.1000000000e-08
L6,36,69,284,edge,1.2100000000e-07
L6,37,42,288,edge,1.2100000000e-07
L6,37,42,322,edge,1.1000000000e-08
L6,37,43,285,edge,1.1000000000e-08
L6,37,43,289,edge,1.1000000000e-08
L6,37,43,305,edge,1.1000000000e-08
L6,37,43,343,edge,1.1000000000e-08
L6,37,45,310,edge,1.1000000000e-08
L6,37,45,317,edge,1.2100000000e-07
L6,37,47,286,edge,1.1000000000e-08
L6,37,47,298,edge,1.2100000000e-07
L6,37,47,309,edge,1.1000000000e-08
L6,37,47,321,edge,1.1000000000e-08
L6,37,50,344,edge,1.2100000000e-07
L6,37,52,284,edge,1.1000000000e-08
L6,37,52,288,edge,1.1000000000e-08
L6,37,52,325,edge,1.1000000000e-08
L6,37,52,326,edge,1.1000000000e-08
L6,37,52,333,edge,1.1000000000e-08
L6,37,52,336,edge,1.1000000000e-08
L6,37,58,288,edge,1.1000000000e-08
L6,37,58,297,edge,1.1000000000e-08
L6,37,58,309,edge,1.1000000000e-08
L6,37,58,314,edge,1.1000000000e-08
L6,37,58,321,edge,1.1000000000e-08
L6,37,60,289,edge,2.2000000000e-08
L6,37,60,303,edge,1.1000000000e-08
L6,37,60,315,edge,1.2100000000e-07
L6,37,60,326,edge,1.1000000000e-08
L6,37,60,343,edge,1.1000000000e-08
L6,37,62,313,edge,1.2100000000e-07
L6,37,62,334,edge,1.2100000000e-07
L6,38,44,310,edge,1.2100000000e-07
L6,38,46,307,edge,1.1000000000e-08
L6,38,46,309,edge,1.1000000000e-08
L6,38,46,310,edge,1.1000000000e-08
L6,38,46,314,edge,1.1000000000e-08
L6,38,46,315,edge,1.1000000000e-08
L6,38,46,321,edge,1.2100000000e-07
L6,38,46,334,edge,1.1000000000e-08
L6,38,51,283,edge,1.1000000000e-08
L6,38,51,285,edge,1.1000000000e-08
L6,38,51,286,edge,1.1000000000e-08
L6,38,51,289,edge,1.1000000000e-08
L6,38,51,298,edge,2.2000000000e-08
L6,38,51,303,edge,1.1000000000e-08
L6,38,51,304,edge,2.2000000000e-08
L6,38,51,305,edge,2.2000000000e-08
L6,38,51,309,edge,2.2000000000e-08
L6,38,51,310,edge,1.1000000000e-08
L6,38,51,311,edge,1.1000000000e-08
L6,38,51,314,edge,3.3000000000e-08
L6,38,51,321,edge,1.1000000000e-08
L6,38,51,322,edge,1.1000000000e-08
L6,38,51,324,edge,1.1000000000e-08
L6,38,51,326,edge,3.3000000000e-08
L6,38,51,334,edge,1.1000000000e-08
L6,38,51,336,edge,2.2000000000e-08
L6,38,51,341,edge,1.1000000000e-08
L6,38,51,343,edge,1.1000000000e-08
L6,38,51,344,edge,1.1000000000e-08
L6,38,59,298,edge,1.1000000000e-08
L6,38,59,308,edge,1.1000000000e-08
L6,38,59,320,edge,1.1000000000e-08
L6,38,59,344,edge,1.1000000000e-08
L6,38,59,345,edge,1.1000000000e-08
L6,38,61,298,edge,1.1000000000e-08
L6,38,61,305,edge,1.1000000000e-08
L6,38,61,308,edge,1.1000000000e-08
L6,38,61,315,edge,1.1000000000e-08
L6,38,61,320,edge,1.1000000000e-08
L6,38,61,333,edge,2.2000000000e-08
L6,38,61,344,edge,1.1000000000e-08
L6,38,63,298,edge,1.1000000000e-08
L6,38,63,298,fall,1.1000000000e-08
L6,38,63,304,edge,1.1000000000e-08
L6,38,63,304,fall,1.1000000000e-08
L6,38,63,308,edge,1.1000000000e-08
L6,38,63,308,fall,1.1000000000e-08
L6,38,63,315,edge,1.1000000000e-08
L6,38,63,315,fall,1.1000000000e-08
L6,38,63,319,edge,2.2000000000e-08
L6,38,63,319,fall,2.2000000000e-08
L6,38,63,320,edge,1.1000000000e-08
L6,38,63,320,fall,1.1000000000e-08
L6,38,63,333,edge,2.2000000000e-08
L6,38,63,333,fall,2.2000000000e-08
L6,38,71,289,edge,1.2100000000e-07
L6,38,71,319,edge,1.2100000000e-07
L6,39,64,286,edge,1.1000000000e-08
L6,39,64,286,fall,1.1000000000e-08
L6,40,46,342,edge,1.2100000000e-07
L6,40,52,283,edge,1.1000000000e-08
L6,40,52,284,edge,1.1000000000e-08
L6,40,52,285,edge,1.1000000000e-08
L6,40,52,298,edge,1.1000000000e-08
L6,40,52,305,edge,2.2000000000e-08
L6,40,52,307,edge,1.1000000000e-08
L6,40,52,310,edge,1.1000000000e-08
L6,40,52,313,edge,2.2000000000e-08
L6,40,52,317,edge,1.1000000000e-08
L6,40,52,318,edge,2.2000000000e-08
L6,40,52,319,edge,1.1000000000e-08
L6,40,52,321,edge,1.1000000000e-08
L6,40,52,322,edge,2.2000000000e-08
L6,40,52,323,edge,2.2000000000e-08
L6,40,52,324,edge,1.1000000000e-08
L6,40,52,339,edge,2.2000000000e-08
L6,40,52,340,edge,1.1000000000e-08
L6,40,56,333,edge,1.2100000000e-07
L6,40,65,287,edge,1.1000000000e-08
L6,40,65,289,edge,1.1000000000e-08
L6,40,65,296,edge,1.1000000000e-08
L6,40,65,297,edge,1.1000000000e-08
L6,40,65,298,edge,2.2000000000e-08
L6,40,65,303,edge,1.1000000000e-08
L6,40,65,306,edge,2.2000000000e-08
L6,40,65,307,edge,2.2000000000e-08
L6,40,65,308,edge,1.1000000000e-08
L6,40,65,312,edge,1.1000000000e-08
L6,40,65,314,edge,1.1000000000e-08
L6,40,65,316,edge,1.1000000000e-08
L6,40,65,317,edge,1.1000000000e-08
L6,40,65,318,edge,1.1000000000e-08
L6,40,65,319,edge,2.2000000000e-08
L6,40,65,321,edge,2.2000000000e-08
L6,40,65,323,edge,2.2000000000e-08
L6,40,65,324,edge,2.2000000000e-08
L6,40,65,325,edge,1.1000000000e-08
L6,40,65,334,edge,1.1000000000e-08
L6,40,65,338,edge,2.2000000000e-08
L6,40,65,339,edge,1.1000000000e-08
L6,40,65,340,edge,2.2000000000e-08
L6,40,65,344,edge,1.1000000000e-08
L6,41,47,285,edge,1.2100000000e-07
L6,41,47,303,edge,5.5000000000e-08
L6,41,53,284,edge,1.1000000000e-08
L6,41,53,287,edge,2.2000000000e-08
L6,41,53,315,edge,1.3200000000e-07
L6,41,53,322,edge,1.1000000000e-08
L6,41,53,325,edge,1.1000000000e-08
L6,41,53,326,edge,1.1000000000e-08
L6,41,53,334,edge,1.1000000000e-08
L6,41,55,289,edge,1.1000000000e-08
L6,41,55,297,edge,2.2000000000e-08
L6,41,55,314,edge,2.2000000000e-08
L6,41,55,317,edge,1.1000000000e-08
L6,41,55,318,edge,1.1000000000e-08
L6,41,55,321,edge,1.1000000000e-08
L6,41,55,322,edge,1.1000000000e-08
L6,41,55,326,edge,1.1000000000e-08
L6,41,55,333,edge,1.1000000000e-08
L6,41,55,335,edge,1.1000000000e-08
L6,41,57,283,edge,1.1000000000e-08
L6,41,57,284,edge,2.2000000000e-08
L6,41,57,286,edge,1.1000000000e-08
L6,41,57,288,edge,2.2000000000e-08
L6,41,57,296,edge,1.1000000000e-08
L6,41,57,303,edge,1.1000000000e-08
L6,41,57,304,edge,1.1000000000e-08
L6,41,57,305,edge,1.1000000000e-08
L6,41,57,306,edge,1.1000000000e-08
L6,41,57,308,edge,1.1000000000e-08
L6,41,57,311,edge,1.1000000000e-08
L6,41,57,313,edge,1.1000000000e-08
L6,41,57,319,edge,1.1000000000e-08
L6,41,57,321,edge,1.1000000000e-08
L6,41,57,322,edge,1.1000000000e-08
L6,41,57,323,edge,1.1000000000e-08
L6,41,57,325,edge,2.2000000000e-08
L6,41,57,326,edge,1.1000000000e-08
L6,41,57,336,edge,2.2000000000e-08
L6,41,57,337,edge,2.2000000000e-08
L6,41,57,338,edge,1.1000000000e-08
L6,41,57,341,edge,1.1000000000e-08
L6,41,57,342,edge,1.1000000000e-08
L6,41,60,309,edge,1.2100000000e-07
L6,41,60,309,fall,1.2100000000e-07
L6,41,64,285,edge,1.2100000000e-07
L6,41,64,285,fall,1.2100000000e-07
L6,41,64,297,edge,1.2100000000e-07
L6,41,64,297,fall,1.2100000000e-07
L6,41,74,288,edge,1.1000000000e-08
L6,41,74,298,edge,1.1000000000e-08
L6,41,74,311,edge,2.2000000000e-08
L6,41,74,320,edge,1.1000000000e-08
L6,41,74,334,edge,1.1000000000e-08
L6,41,75,298,edge,1.2100000000e-07
L6,42,52,284,edge,1.1000000000e-08
L6,42,52,285,edge,2.2000000000e-08
L6,42,52,287,edge,1.1000000000e-08
L6,42,52,288,edge,1.1000000000e-08
L6,42,52,289,edge,1.1000000000e-08
L6,42,52,303,edge,1.1000000000e-08
L6,42,52,307,edge,1.1000000000e-08
L6,42,52,310,edge,1.1000000000e-08
L6,42,52,314,edge,2.2000000000e-08
L6,42,52,317,edge,1.1000000000e-08
L6,42,52,326,edge,1.1000000000e-08
L6,42,52,335,edge,1.1000000000e-08
L6,42,56,283,edge,2.2000000000e-08
L6,42,56,285,edge,1.1000000000e-08
L6,42,56,297,edge,1.1000000000e-08
L6,42,56,298,edge,1.1000000000e-08
L6,42,56,304,edge,1.1000000000e-08
L6,42,56,318,edge,1.1000000000e-08
L6,42,56,326,edge,1.1000000000e-08
L6,42,56,333,edge,1.1000000000e-08
L6,42,56,335,edge,2.2000000000e-08
L6,42,56,345,edge,1.1000000000e-08
L6,42,59,309,edge,1.1000000000e-08
L6,42,59,315,edge,1.1000000000e-08
L6,42,59,324,edge,1.1000000000e-08
L6,42,59,345,edge,1.1000000000e-08
L6,42,63,325,edge,1.2100000000e-07
L6,42,63,325,fall,1.2100000000e-07
L6,42,76,285,edge,1.1000000000e-08
L6,42,76,311,edge,1.1000000000e-08
L6,42,76,334,edge,1.2100000000e-07
L6,43,50,289,edge,1.1000000000e-08
L6,43,50,335,edge,1.1000000000e-08
L6,43,50,339,edge,1.1000000000e-08
L6,43,53,284,edge,1.2100000000e-07
L6,43,53,287,edge,1.1000000000e-08
L6,43,53,288,edge,2.2000000000e-08
L6,43,53,289,edge,3.3000000000e-08
L6,43,53,305,edge,1.1000000000e-08
L6,43,53,309,edge,2.2000000000e-08
L6,43,53,314,edge,1.1000000000e-08
L6,43,53,315,edge,1.1000000000e-08
L6,43,53,317,edge,1.1000000000e-08
L6,43,53,319,edge,1.1000000000e-08
L6,43,53,320,edge,1.1000000000e-08
L6,43,53,322,edge,1.1000000000e-08
L6,43,53,334,edge,1.1000000000e-08
L6,43,53,342,edge,2.2000000000e-08
L6,43,53,343,edge,1.1000000000e-08
L6,43,59,315,edge,1.1000000000e-08
L6,43,59,315,fall,1.1000000000e-08
L6,43,62,319,edge,1.1000000000e-08
L6,43,62,319,fall,1.1000000000e-08
L6,43,62,338,edge,1.2100000000e-07
L6,43,62,338,fall,1.2100000000e-07
L6,43,69,303,edge,1.1000000000e-08
L6,43,69,303,fall,1.1000000000e-08
L6,43,69,315,edge,1.1000000000e-08
L6,43,69,315,fall,1.1000000000e-08
L6,43,69,320,edge,1.2100000000e-07
L6,43,69,320,fall,1.2100000000e-07
L6,43,69,344,edge,1.2100000000e-07
L6,43,69,344,fall,1.2100000000e-07
L6,44,51,339,edge,1.2100000000e-07
L6,44,52,288,edge,1.1000000000e-08
L6,44,52,303,edge,1.1000000000e-08
L6,44,52,325,edge,1.1000000000e-08
L6,44,52,335,edge,1.1000000000e-08
L6,44,52,339,edge,1.1000000000e-08
L6,44,52,341,edge,1.1000000000e-08
L6,44,52,342,edge,1.1000000000e-08
L6,44,54,287,edge,1.2100000000e-07
L6,44,54,309,edge,1.1000000000e-08
L6,44,54,312,edge,3.3000000000e-08
L6,44,54,336,edge,1.1000000000e-08
L6,44,59,315,edge,1.1000000000e-08
L6,44,59,315,fall,1.1000000000e-08
L6,44,59,319,edge,1.1000000000e-08
L6,44,59,319,fall,1.1000000000e-08
L6,44,59,324,edge,1.2100000000e-07
L6,44,59,324,fall,1.2100000000e-07
L6,44,68,287,edge,1.1000000000e-08
L6,44,68,287,fall,1.1000000000e-08
L6,44,68,310,edge,1.2100000000e-07
L6,44,68,310,fall,1.2100000000e-07
L6,44,76,289,edge,1.2100000000e-07
L6,44,76,297,edge,1.1000000000e-08
L6,44,76,303,edge,1.3200000000e-07
L6,44,76,304,edge,1.1000000000e-08
L6,44,76,308,edge,1.1000000000e-08
L6,44,76,311,edge,1.3200000000e-07
L6,44,76,312,edge,1.1000000000e-08
L6,44,76,313,edge,1.1000000000e-08
L6,44,76,323,edge,1.1000000000e-08
L6,44,76,333,edge,1.1000000000e-08
L6,45,52,288,edge,1.1000000000e-08
L6,45,52,303,edge,1.1000000000e-08
L6,45,52,325,edge,1.1000000000e-08
L6,45,52,335,edge,1.1000000000e-08
L6,45,52,339,edge,1.1000000000e-08
L6,45,52,341,edge,1.1000000000e-08
L6,45,52,342,edge,1.1000000000e-08
L6,45,53,288,edge,1.1000000000e-08
L6,45,53,303,edge,1.1000000000e-08
L6,45,53,325,edge,1.1000000000e-08
L6,45,53,335,edge,1.1000000000e-08
L6,45,53,339,edge,1.1000000000e-08
L6,45,53,341,edge,1.1000000000e-08
L6,45,53,342,edge,1.1000000000e-08
L6,45,60,298,edge,1.1000000000e-08
L6,45,60,298,fall,1.1000000000e-08
L6,45,60,305,edge,2.2000000000e-08
L6,45,60,305,fall,2.2000000000e-08
L6,45,60,307,edge,1.2100000000e-07
L6,45,60,307,fall,1.2100000000e-07
L6,45,60,312,edge,1.1000000000e-08
L6,45,60,312,fall,1.1000000000e-08
L6,45,60,315,edge,3.3000000000e-08
L6,45,60,315,fall,3.3000000000e-08
L6,45,60,321,edge,1.1000000000e-08
L6,45,60,321,fall,1.1000000000e-08
L6,45,60,324,edge,1.1000000000e-08
L6,45,60,324,fall,1.1000000000e-08
L6,45,60,335,edge,1.1000000000e-08
L6,45,60,335,fall,1.1000000000e-08
L6,45,60,337,edge,1.1000000000e-08
L6,45,60,337,fall,1.1000000000e-08
L6,45,60,342,edge,1.1000000000e-08
L6,45,60,342,fall,1.1000000000e-08
L6,45,67,284,edge,1.1000000000e-08
L6,45,67,285,edge,1.1000000000e-08
L6,45,67,287,edge,1.1000000000e-08
L6,45,67,289,edge,1.1000000000e-08
L6,45,67,304,edge,1.1000000000e-08
L6,45,67,306,edge,3.3000000000e-08
L6,45,67,314,edge,1.1000000000e-08
L6,45,67,318,edge,2.2000000000e-08
L6,45,67,335,edge,1.1000000000e-08
L6,45,67,336,edge,1.1000000000e-08
L6,45,67,340,edge,1.1000000000e-08
L6,45,67,341,edge,1.1000000000e-08
L6,45,69,334,edge,1.2100000000e-07
L6,45,69,334,fall,1.2100000000e-07
L6,45,71,284,edge,1.1000000000e-08
L6,45,71,284,fall,1.1000000000e-08
L6,45,71,314,edge,1.1000000000e-08
L6,45,71,314,fall,1.1000000000e-08
L6,45,71,319,edge,1.2100000000e-07
L6,45,71,319,fall,1.2100000000e-07
L6,45,71,320,edge,1.2100000000e-07
L6,45,71,320,fall,1.2100000000e-07
L6,45,71,340,edge,1.1000000000e-08
L6,45,71,340,fall,1.1000000000e-08
L6,45,79,311,edge,1.1000000000e-07
L6,46,53,287,edge,1.1000000000e-08
L6,46,68,283,edge,1.1000000000e-08
L6,46,68,284,edge,1.1000000000e-08
L6,46,68,285,edge,2.2000000000e-08
L6,46,68,296,edge,1.1000000000e-08
L6,46,68,303,edge,1.1000000000e-08
L6,46,68,306,edge,2.2000000000e-08
L6,46,68,309,edge,1.1000000000e-08
L6,46,68,310,edge,1.1000000000e-08
L6,46,68,311,edge,1.1000000000e-08
L6,46,68,315,edge,2.2000000000e-08
L6,46,68,334,edge,1.1000000000e-08
L6,46,68,335,edge,1.1000000000e-08
L6,46,68,337,edge,1.1000000000e-08
L6,46,68,338,edge,1.1000000000e-08
L6,46,68,340,edge,2.2000000000e-08
L6,46,70,284,edge,1.1000000000e-08
L6,46,70,284,fall,1.1000000000e-08
L6,46,70,315,edge,1.1000000000e-08
L6,46,70,315,fall,1.1000000000e-08
L6,46,76,283,edge,1.1000000000e-08
L6,46,76,303,edge,1.1000000000e-08
L6,46,76,306,edge,2.2000000000e-08
L6,46,76,311,edge,2.2000000000e-08
L6,46,76,312,edge,1.1000000000e-08
L6,46,76,315,edge,1.1000000000e-08
L6,46,76,320,edge,1.1000000000e-08
L6,46,76,323,edge,4.4000000000e-08
L6,46,76,325,edge,1.3200000000e-07
L6,46,80,313,edge,1.2100000000e-07
L6,47,74,286,edge,1.1000000000e-08
L6,47,74,297,edge,2.2000000000e-08
L6,47,74,298,edge,1.1000000000e-08
L6,47,74,303,edge,1.1000000000e-08
L6,47,74,306,edge,1.1000000000e-08
L6,47,74,307,edge,2.2000000000e-08
L6,47,74,323,edge,1.1000000000e-08
L6,47,74,337,edge,2.2000000000e-08
L6,47,74,343,edge,1.1000000000e-08
L6,47,81,311,edge,1.2100000000e-07
L6,47,81,333,edge,1.1000000000e-07
L6,48,56,288,edge,1.1000000000e-08
L6,48,56,313,edge,1.1000000000e-08
L6,48,56,314,edge,1.2100000000e-07
L6,48,56,342,edge,1.1000000000e-08
L6,48,68,283,edge,1.1000000000e-08
L6,48,68,285,edge,2.2000000000e-08
L6,48,68,289,edge,3.3000000000e-08
L6,48,68,296,edge,2.2000000000e-08
L6,48,68,297,edge,1.1000000000e-08
L6,48,68,305,edge,1.1000000000e-08
L6,48,68,306,edge,1.1000000000e-08
L6,48,68,308,edge,1.1000000000e-08
L6,48,68,312,edge,1.1000000000e-08
L6,48,68,314,edge,1.1000000000e-08
L6,48,68,315,edge,1.1000000000e-08
L6,48,68,322,edge,1.2100000000e-07
L6,48,68,325,edge,1.1000000000e-08
L6,48,68,326,edge,1.1000000000e-08
L6,48,68,336,edge,1.1000000000e-08
L6,48,68,337,edge,1.1000000000e-08
L6,48,68,339,edge,1.1000000000e-08
L6,48,68,343,edge,1.1000000000e-08
L6,48,68,345,edge,1.1000000000e-08
L6,48,73,286,edge,2.2000000000e-08
L6,48,73,298,edge,2.2000000000e-08
L6,48,73,308,edge,1.1000000000e-08
L6,48,73,312,edge,1.1000000000e-08
L6,48,73,318,edge,2.2000000000e-08
L6,48,73,319,edge,2.2000000000e-08
L6,48,73,320,edge,1.1000000000e-08
L6,48,73,324,edge,2.2000000000e-08
L6,48,73,336,edge,1.1000000000e-08
L6,48,73,339,edge,1.2100000000e-07
L6,48,77,297,edge,1.1000000000e-08
L6,48,77,312,edge,1.1000000000e-08
L6,48,77,315,edge,3.3000000000e-08
L6,48,77,325,edge,2.2000000000e-08
L6,48,77,337,edge,1.2100000000e-07
L6,48,77,343,edge,1.1000000000e-08
L6,48,82,297,edge,1.2100000000e-07
L6,48,82,333,edge,1.1000000000e-08
L6,48,83,333,edge,1.1000000000e-08
L6,49,57,289,edge,1.2100000000e-07
L6,49,67,285,edge,1.1000000000e-08
L6,49,67,287,edge,1.1000000000e-08
L6,49,67,303,edge,1.1000000000e-08
L6,49,67,314,edge,1.2100000000e-07
L6,49,67,318,edge,1.1000000000e-08
L6,49,67,321,edge,1.1000000000e-08
L6,49,67,323,edge,1.1000000000e-08
L6,49,67,324,edge,1.1000000000e-08
L6,49,67,325,edge,1.1000000000e-08
L6,49,67,341,edge,1.1000000000e-08
L6,49,67,344,edge,1.1000000000e-08
L6,49,69,289,edge,1.1000000000e-08
L6,49,69,297,edge,1.2100000000e-07
L6,49,69,298,edge,1.1000000000e-08
L6,49,69,304,edge,1.1000000000e-08
L6,49,69,305,edge,1.2100000000e-07
L6,49,69,322,edge,2.2000000000e-08
L6,49,69,335,edge,1.1000000000e-08
L6,49,69,340,edge,4.4000000000e-08
L6,49,72,283,edge,1.1000000000e-08
L6,49,72,283,fall,1.1000000000e-08
L6,49,72,286,edge,1.1000000000e-08
L6,49,72,286,fall,1.1000000000e-08
L6,49,72,297,edge,2.2000000000e-08
L6,49,72,297,fall,2.2000000000e-08
L6,49,72,312,edge,1.1000000000e-08
L6,49,72,312,fall,1.1000000000e-08
L6,49,72,313,edge,1.1000000000e-08
L6,49,72,313,fall,1.1000000000e-08
L6,49,72,316,edge,1.1000000000e-08
L6,49,72,316,fall,1.1000000000e-08
L6,49,72,324,edge,1.1000000000e-08
L6,49,72,324,fall,1.1000000000e-08
L6,49,74,319,edge,1.2100000000e-07
L6,49,76,285,edge,1.1000000000e-08
L6,49,76,296,edge,1.1000000000e-08
L6,49,76,298,edge,2.2000000000e-08
L6,49,76,313,edge,2.2000000000e-08
L6,49,76,315,edge,1.1000000000e-08
L6,49,76,321,edge,2.2000000000e-08
L6,49,76,323,edge,1.1000000000e-08
L6,49,76,325,edge,1.1000000000e-08
L6,49,76,333,edge,1.1000000000e-08
L6,49,76,345,edge,3.3000000000e-08
L6,49,78,286,edge,1.1000000000e-08
L6,49,78,288,edge,1.1000000000e-08
L6,49,78,311,edge,1.1000000000e-08
L6,49,78,315,edge,2.2000000000e-08
L6,49,78,323,edge,1.2100000000e-07
L6,49,78,325,edge,6.6000000000e-08
L6,50,68,286,edge,1.1000000000e-08
L6,50,68,289,edge,1.1000000000e-08
L6,50,68,304,edge,1.1000000000e-08
L6,50,68,305,edge,1.1000000000e-08
L6,50,71,304,edge,1.2100000000e-07
L6,50,71,304,fall,1.2100000000e-07
L6,50,75,283,edge,2.2000000000e-08
L6,50,75,285,edge,1.1000000000e-08
L6,50,75,286,edge,1.4300000000e-07
L6,50,75,289,edge,2.2000000000e-08
L6,50,75,297,edge,1.1000000000e-08
L6,50,75,310,edge,1.1000000000e-08
L6,50,75,311,edge,1.1000000000e-08
L6,50,75,312,edge,2.2000000000e-08
L6,50,75,313,edge,1.1000000000e-08
L6,50,75,314,edge,1.1000000000e-08
L6,50,75,315,edge,1.1000000000e-08
L6,50,75,317,edge,1.1000000000e-08
L6,50,75,325,edge,1.1000000000e-08
L6,50,75,326,edge,2.2000000000e-08
L6,50,75,338,edge,1.1000000000e-08
L6,50,75,339,edge,1.1000000000e-08
L6,50,75,345,edge,1.1000000000e-08
L6,50,77,283,edge,1.1000000000e-08
L6,50,77,286,edge,3.3000000000e-08
L6,50,77,297,edge,1.1000000000e-08
L6,50,77,326,edge,2.2000000000e-08
L6,50,77,345,edge,2.2000000000e-08
L6,51,70,289,edge,1.2100000000e-07
L6,51,70,289,fall,1.2100000000e-07
L6,51,86,304,edge,1.1000000000e-08
L6,51,86,324,edge,1.2100000000e-07
L6,51,86,343,edge,1.1000000000e-08
L6,52,61,288,edge,1.1000000000e-08
L6,52,61,303,edge,1.1000000000e-08
L6,52,69,297,edge,1.1000000000e-08
L6,52,69,297,fall,1.1000000000e-08
L6,52,69,309,edge,1.1000000000e-08
L6,52,69,309,fall,1.1000000000e-08
L6,52,69,313,edge,1.1000000000e-08
L6,52,69,313,fall,1.1000000000e-08
L6,52,69,322,edge,2.2000000000e-08
L6,52,69,322,fall,2.2000000000e-08
L6,52,69,335,edge,1.1000000000e-08
L6,52,69,335,fall,1.1000000000e-08
L6,52,75,286,edge,1.1000000000e-08
L6,52,75,286,fall,1.1000000000e-08
L6,53,62,315,edge,1.1000000000e-08
L6,53,76,323,edge,1.2100000000e-07
L6,53,76,323,fall,1.2100000000e-07
L6,54,62,315,edge,6.6000000000e-08
L6,54,62,334,edge,1.1000000000e-08
L6,54,63,339,edge,1.1000000000e-08
L6,54,71,304,edge,1.2100000000e-07
L6,54,71,304,fall,1.2100000000e-07
L6,54,71,313,edge,2.2000000000e-08
L6,54,71,313,fall,2.2000000000e-08
L6,54,77,308,edge,1.1000000000e-08
L6,54,77,311,edge,1.1000000000e-08
L6,54,77,312,edge,1.1000000000e-08
L6,54,77,313,edge,1.1000000000e-08
L6,54,77,318,edge,2.2000000000e-08
L6,54,77,320,edge,1.1000000000e-08
L6,54,77,334,edge,1.1000000000e-08
L6,54,77,335,edge,1.1000000000e-08
L6,54,77,336,edge,1.1000000000e-08
L6,54,84,297,edge,1.2100000000e-07
L6,55,72,341,edge,1.2100000000e-07
L6,55,72,341,fall,1.2100000000e-07
L6,55,76,312,edge,1.2100000000e-07
L6,55,76,312,fall,1.2100000000e-07
L6,56,71,297,edge,1.1000000000e-08
L6,56,71,314,edge,1.1000000000e-08
L6,56,71,318,edge,2.2000000000e-08
L6,56,71,323,edge,1.1000000000e-08
L6,56,71,325,edge,1.1000000000e-08
L6,56,71,334,edge,1.1000000000e-08
L6,56,73,303,edge,1.2100000000e-07
L6,56,73,303,fall,1.2100000000e-07
L6,56,73,325,edge,1.2100000000e-07
L6,56,73,325,fall,1.2100000000e-07
L6,56,73,335,edge,1.1000000000e-08
L6,56,73,335,fall,1.1000000000e-08
L6,56,82,321,edge,1.2100000000e-07
L6,56,82,325,edge,1.2100000000e-07
L6,56,82,345,edge,1.1000000000e-08
L6,57,66,297,edge,1.1000000000e-08
L6,57,70,297,edge,1.1000000000e-08
L6,57,70,318,edge,1.1000000000e-08
L6,57,70,323,edge,1.1000000000e-08
L6,57,72,322,edge,1.1000000000e-08
L6,57,72,324,edge,1.2100000000e-07
L6,57,72,344,edge,1.1000000000e-08
L6,57,74,283,edge,1.1000000000e-08
L6,57,74,283,fall,1.1000000000e-08
L6,57,74,286,edge,1.1000000000e-08
L6,57,74,286,fall,1.1000000000e-08
L6,57,74,297,edge,1.1000000000e-08
L6,57,74,297,fall,1.1000000000e-08
L6,57,74,308,edge,1.2100000000e-07
L6,57,74,308,fall,1.2100000000e-07
L6,57,74,314,edge,1.1000000000e-08
L6,57,74,314,fall,1.1000000000e-08
L6,57,74,318,edge,1.1000000000e-08
L6,57,74,318,fall,1.1000000000e-08
L6,57,74,321,edge,1.1000000000e-08
L6,57,74,321,fall,1.1000000000e-08
L6,57,74,323,edge,2.2000000000e-08
L6,57,74,323,fall,2.2000000000e-08
L6,57,74,334,edge,1.1000000000e-08
L6,57,74,334,fall,1.1000000000e-08
L6,57,74,342,edge,1.1000000000e-08
L6,57,74,342,fall,1.1000000000e-08
L6,58,71,287,edge,1.1000000000e-08
L6,58,71,288,edge,1.1000000000e-08
L6,58,71,297,edge,1.2100000000e-07
L6,58,71,305,edge,1.1000000000e-08
L6,58,71,321,edge,1.1000000000e-08
L6,58,71,334,edge,1.2100000000e-07
L6,58,80,318,edge,1.1000000000e-08
L6,59,79,337,edge,1.1000000000e-08
L6,60,70,341,edge,1.1000000000e-08
L6,61,71,318,edge,3.3000000000e-08
L6,63,73,310,edge,1.1000000000e-08
L6,63,73,323,edge,1.1000000000e-08
L6,64,74,315,edge,1.1000000000e-08
L6,64,74,319,edge,1.2100000000e-07
L7,8,35,400,edge,1.1000000000e-07
L7,8,36,400,edge,1.1000000000e-08
L7,9,36,400,edge,1.1000000000e-08
L7,10,33,349,edge,1.2100000000e-07
L7,10,35,350,edge,1.2100000000e-07
L7,10,35,379,edge,1.2100000000e-07
L7,10,38,353,edge,1.1000000000e-08
L7,10,38,382,edge,8.8000000000e-08
L7,11,34,349,edge,1.1000000000e-08
L7,11,34,352,edge,1.1000000000e-08
L7,11,34,389,edge,1.2100000000e-07
L7,12,32,361,edge,1.2100000000e-07
L7,12,33,361,edge,2.2000000000e-08
L7,13,42,390,edge,1.2100000000e-07
L7,16,35,352,edge,1.1000000000e-08
L7,16,35,371,edge,1.2100000000e-07
L7,16,45,348,edge,1.2100000000e-07
L7,17,29,364,edge,1.1000000000e-08
L7,17,29,382,edge,1.1000000000e-08
L7,17,36,347,edge,1.1000000000e-08
L7,17,36,348,edge,2.2000000000e-08
L7,17,36,352,edge,3.3000000000e-08
L7,17,36,360,edge,2.2000000000e-08
L7,17,36,362,edge,3.3000000000e-08
L7,17,36,364,edge,1.1000000000e-08
L7,17,36,371,edge,2.2000000000e-08
L7,17,36,373,edge,3.3000000000e-08
L7,17,36,374,edge,1.1000000000e-08
L7,17,36,379,edge,1.1000000000e-08
L7,17,36,380,edge,2.2000000000e-08
L7,17,36,382,edge,1.1000000000e-08
L7,17,36,385,edge,2.2000000000e-08
L7,17,36,391,edge,2.2000000000e-08
L7,17,36,398,edge,5.5000000000e-08
L7,17,39,346,edge,4.4000000000e-08
L7,17,39,347,edge,1.1000000000e-08
L7,17,39,348,edge,2.2000000000e-08
L7,17,39,352,edge,3.3000000000e-08
L7,17,39,360,edge,2.2000000000e-08
L7,17,39,362,edge,3.3000000000e-08
L7,17,39,363,edge,1.1000000000e-08
L7,17,39,364,edge,1.1000000000e-08
L7,17,39,371,edge,4.4000000000e-08
L7,17,39,373,edge,3.3000000000e-08
L7,17,39,374,edge,1.1000000000e-08
L7,17,39,379,edge,3.3000000000e-08
L7,17,39,380,edge,2.2000000000e-08
L7,17,39,382,edge,1.1000000000e-08
L7,17,39,385,edge,2.2000000000e-08
L7,17,39,389,edge,7.7000000000e-08
L7,17,39,391,edge,3.3000000000e-08
L7,17,39,398,edge,5.5000000000e-08
L7,17,39,399,edge,1.1000000000e-08
L7,17,39,400,edge,3.3000000000e-08
L7,17,46,363,edge,1.1000000000e-08
L7,18,37,391,edge,1.1000000000e-08
L7,18,38,346,edge,4.4000000000e-08
L7,18,38,363,edge,2.2000000000e-08
L7,18,38,371,edge,2.2000000000e-08
L7,18,38,379,edge,2.2000000000e-08
L7,18,38,385,edge,1.1000000000e-08
L7,18,38,399,edge,1.1000000000e-08
L7,18,38,400,edge,2.2000000000e-08
L7,18,48,389,edge,7.7000000000e-08
L7,19,29,364,edge,5.5000000000e-08
L7,19,31,373,edge,1.2100000000e-07
L7,19,31,385,edge,1.2100000000e-07
L7,19,34,348,edge,2.2000000000e-08
L7,19,34,362,edge,1.1000000000e-08
L7,19,36,391,edge,1.2100000000e-07
L7,19,39,346,edge,1.2100000000e-07
L7,19,39,379,edge,1.2100000000e-07
L7,19,39,400,edge,1.2100000000e-07
L7,20,30,382,edge,1.2100000000e-07
L7,20,30,398,edge,1.1000000000e-08
L7,20,34,348,edge,1.2100000000e-07
L7,20,34,362,edge,5.5000000000e-08
L7,20,40,363,edge,1.2100000000e-07
L7,20,42,364,edge,1.2100000000e-07
L7,20,50,363,edge,1.1000000000e-08
L7,20,50,371,edge,1.1000000000e-08
L7,21,25,349,edge,1.1000000000e-08
L7,21,31,380,edge,1.1000000000e-08
L7,21,38,385,edge,1.1000000000e-08
L7,21,39,371,edge,1.2100000000e-07
L7,21,40,391,edge,1.1000000000e-08
L7,21,43,347,edge,2.2000000000e-08
L7,21,43,348,edge,1.1000000000e-08
L7,21,43,350,edge,1.1000000000e-08
L7,21,43,352,edge,1.1000000000e-08
L7,21,43,353,edge,1.1000000000e-08
L7,21,43,360,edge,1.1000000000e-08
L7,21,43,371,edge,1.1000000000e-08
L7,21,43,373,edge,1.1000000000e-08
L7,21,43,374,edge,1.1000000000e-08
L7,21,43,379,edge,2.2000000000e-08
L7,21,43,381,edge,1.1000000000e-08
L7,21,43,385,edge,2.2000000000e-08
L7,21,43,390,edge,1.1000000000e-08
L7,21,43,391,edge,1.1000000000e-08
L7,21,43,398,edge,3.3000000000e-08
L7,21,43,399,edge,1.1000000000e-08
L7,21,43,400,edge,2.2000000000e-08
L7,21,51,346,edge,1.1000000000e-08
L7,22,24,387,edge,1.2100000000e-07
L7,22,25,387,edge,2.2000000000e-08
L7,22,32,351,edge,1.1000000000e-08
L7,22,32,372,edge,1.2100000000e-07
L7,22,32,382,edge,2.2000000000e-08
L7,22,32,389,edge,1.2100000000e-07
L7,22,33,391,edge,1.1000000000e-08
L7,22,42,353,edge,1.1000000000e-08
L7,22,42,362,edge,1.1000000000e-08
L7,22,42,390,edge,1.1000000000e-08
L7,22,42,398,edge,1.1000000000e-08
L7,23,26,371,edge,1.2100000000e-07
L7,23,40,373,edge,1.1000000000e-08
L7,23,40,390,edge,1.2100000000e-07
L7,23,45,374,edge,1.2100000000e-07
L7,23,45,379,edge,1.1000000000e-08
L7,23,45,381,edge,1.1000000000e-08
L7,23,45,384,edge,2.2000000000e-08
L7,23,45,386,edge,1.1000000000e-08
L7,23,46,347,edge,1.1000000000e-08
L7,23,46,362,edge,1.1000000000e-08
L7,23,46,374,edge,2.2000000000e-08
L7,23,46,379,edge,1.1000000000e-08
L7,23,46,384,edge,2.2000000000e-08
L7,23,46,386,edge,1.1000000000e-08
L7,23,46,389,edge,1.1000000000e-08
L7,23,53,389,edge,1.2100000000e-07
L7,23,54,352,edge,1.2100000000e-07
L7,24,27,385,edge,1.1000000000e-08
L7,24,35,351,edge,1.2100000000e-07
L7,24,35,363,edge,1.2100000000e-07
L7,24,35,364,edge,1.2100000000e-07
L7,24,39,350,edge,1.2100000000e-07
L7,24,44,346,edge,1.1000000000e-08
L7,24,44,350,edge,1.1000000000e-08
L7,24,44,364,edge,1.1000000000e-08
L7,24,44,373,edge,2.2000000000e-08
L7,24,44,381,edge,1.1000000000e-08
L7,24,44,385,edge,1.1000000000e-08
L7,24,44,386,edge,1.1000000000e-08
L7,24,44,398,edge,1.1000000000e-08
L7,24,44,399,edge,1.1000000000e-08
L7,24,44,400,edge,2.2000000000e-08
L7,24,47,374,edge,1.2100000000e-07
L7,24,55,364,edge,1.2100000000e-07
L7,25,28,382,edge,6.6000000000e-08
L7,25,28,386,edge,1.2100000000e-07
L7,25,36,352,edge,1.2100000000e-07
L7,25,36,387,edge,1.1000000000e-08
L7,25,45,346,edge,1.1000000000e-08
L7,25,45,349,edge,1.1000000000e-08
L7,25,45,350,edge,2.2000000000e-08
L7,25,45,360,edge,1.1000000000e-08
L7,25,45,362,edge,2.2000000000e-08
L7,25,45,364,edge,2.2000000000e-08
L7,25,45,373,edge,3.3000000000e-08
L7,25,45,374,edge,1.1000000000e-08
L7,25,45,385,edge,3.3000000000e-08
L7,25,45,386,edge,2.2000000000e-08
L7,25,45,388,edge,1.1000000000e-08
L7,25,45,389,edge,1.1000000000e-08
L7,25,45,390,edge,1.1000000000e-08
L7,25,45,391,edge,3.3000000000e-08
L7,25,45,398,edge,1.1000000000e-08
L7,25,45,399,edge,2.2000000000e-08
L7,25,45,400,edge,2.2000000000e-08
L7,26,37,349,edge,1.1000000000e-08
L7,26,37,360,edge,1.1000000000e-08
L7,26,37,371,edge,1.1000000000e-07
L7,26,37,379,edge,1.1000000000e-08
L7,26,37,380,edge,1.1000000000e-08
L7,26,37,384,edge,2.2000000000e-08
L7,26,37,385,edge,1.1000000000e-08
L7,26,37,386,edge,1.1000000000e-08
L7,26,37,388,edge,3.3000000000e-08
L7,26,37,389,edge,1.1000000000e-08
L7,26,37,398,edge,3.3000000000e-08
L7,26,44,382,edge,2.2000000000e-08
L7,26,44,382,fall,2.2000000000e-08
L7,26,44,385,edge,1.1000000000e-08
L7,26,44,385,fall,1.1000000000e-08
L7,26,44,400,edge,1.1000000000e-08
L7,26,44,400,fall,1.1000000000e-08
L7,26,45,382,edge,2.2000000000e-08
L7,26,45,382,fall,2.2000000000e-08
L7,26,45,385,edge,1.1000000000e-08
L7,26,45,385,fall,1.1000000000e-08
L7,26,57,363,edge,1.1000000000e-08
L7,26,57,386,edge,1.2100000000e-07
L7,27,35,346,edge,1.1000000000e-08
L7,27,35,351,edge,1.1000000000e-08
L7,27,35,360,edge,1.1000000000e-08
L7,27,35,361,edge,1.1000000000e-08
L7,27,35,371,edge,1.1000000000e-08
L7,27,35,379,edge,1.1000000000e-08
L7,27,35,382,edge,1.1000000000e-08
L7,27,35,383,edge,1.1000000000e-08
L7,27,35,385,edge,1.1000000000e-08
L7,27,35,386,edge,1.1000000000e-08
L7,27,35,387,edge,2.2000000000e-08
L7,27,35,388,edge,1.1000000000e-08
L7,27,46,364,edge,1.2100000000e-07
L7,27,46,364,fall,1.2100000000e-07
L7,27,46,385,edge,1.1000000000e-08
L7,27,46,385,fall,1.1000000000e-08
L7,27,50,348,edge,2.2000000000e-08
L7,27,50,350,edge,1.1000000000e-08
L7,27,50,351,edge,1.1000000000e-08
L7,27,50,352,edge,3.3000000000e-08
L7,27,50,353,edge,1.1000000000e-08
L7,27,50,360,edge,2.2000000000e-08
L7,27,50,361,edge,1.1000000000e-08
L7,27,50,362,edge,1.1000000000e-08
L7,27,50,364,edge,1.1000000000e-08
L7,27,50,371,edge,1.1000000000e-08
L7,27,50,373,edge,2.2000000000e-08
L7,27,50,374,edge,3.3000000000e-08
L7,27,50,381,edge,1.1000000000e-08
L7,27,50,382,edge,1.1000000000e-08
L7,27,50,386,edge,1.1000000000e-08
L7,27,50,387,edge,2.2000000000e-08
L7,27,50,389,edge,3.3000000000e-08
L7,27,50,391,edge,2.2000000000e-08
L7,27,50,398,edge,1.1000000000e-08
L7,27,50,399,edge,1.1000000000e-08
L7,27,58,373,edge,1.2100000000e-07
L7,28,34,385,edge,1.1000000000e-07
L7,28,36,350,edge,5.5000000000e-08
L7,28,36,372,edge,1.1000000000e-08
L7,28,42,384,edge,1.2100000000e-07
L7,28,42,384,fall,1.2100000000e-07
L7,28,47,364,edge,1.1000000000e-08
L7,28,47,364,fall,1.1000000000e-08
L7,28,47,400,edge,2.2000000000e-08
L7,28,47,400,fall,2.2000000000e-08
L7,28,49,349,edge,1.1000000000e-08
L7,28,49,350,edge,1.1000000000e-08
L7,28,49,360,edge,1.1000000000e-08
L7,28,49,362,edge,2.2000000000e-08
L7,28,49,364,edge,1.1000000000e-08
L7,28,49,371,edge,1.1000000000e-08
L7,28,49,373,edge,1.1000000000e-08
L7,28,49,374,edge,1.1000000000e-08
L7,28,49,382,edge,1.1000000000e-08
L7,28,49,385,edge,1.1000000000e-08
L7,28,49,390,edge,1.1000000000e-08
L7,28,49,391,edge,1.1000000000e-08
L7,28,49,399,edge,1.1000000000e-08
L7,28,49,400,edge,1.1000000000e-08
L7,28,52,346,edge,1.1000000000e-08
L7,28,52,347,edge,2.2000000000e-08
L7,28,52,349,edge,1.1000000000e-08
L7,28,52,361,edge,1.2100000000e-07
L7,28,52,362,edge,1.1000000000e-08
L7,28,52,364,edge,1.1000000000e-08
L7,28,52,371,edge,1.1000000000e-08
L7,28,52,373,edge,1.1000000000e-08
L7,28,52,383,edge,1.1000000000e-08
L7,28,52,385,edge,1.1000000000e-08
L7,28,52,388,edge,1.1000000000e-08
L7,28,52,399,edge,1.1000000000e-08
L7,28,59,346,edge,1.1000000000e-08
L7,29,35,364,edge,1.2100000000e-07
L7,29,41,347,edge,1.1000000000e-08
L7,29,41,348,edge,2.2000000000e-08
L7,29,41,360,edge,1.1000000000e-08
L7,29,41,374,edge,1.1000000000e-08
L7,29,41,379,edge,1.1000000000e-08
L7,29,41,380,edge,2.2000000000e-08
L7,29,41,381,edge,2.2000000000e-08
L7,29,41,384,edge,3.3000000000e-08
L7,29,41,385,edge,1.1000000000e-08
L7,29,41,387,edge,1.1000000000e-08
L7,29,41,399,edge,2.2000000000e-08
L7,29,41,400,edge,1.1000000000e-08
L7,29,51,347,edge,1.1000000000e-08
L7,29,51,348,edge,1.1000000000e-08
L7,29,51,350,edge,1.1000000000e-08
L7,29,51,351,edge,1.1000000000e-08
L7,29,51,352,edge,1.1000000000e-08
L7,29,51,361,edge,1.1000000000e-08
L7,29,51,362,edge,1.1000000000e-08
L7,29,51,363,edge,2.2000000000e-08
L7,29,51,371,edge,1.1000000000e-08
L7,29,51,373,edge,1.1000000000e-08
L7,29,51,374,edge,3.3000000000e-08
L7,29,51,379,edge,1.1000000000e-08
L7,29,51,381,edge,2.2000000000e-08
L7,29,51,382,edge,1.1000000000e-08
L7,29,51,388,edge,1.1000000000e-08
L7,29,51,389,edge,2.2000000000e-08
L7,29,51,391,edge,1.1000000000e-08
L7,29,51,399,edge,1.1000000000e-08
L7,29,51,400,edge,1.1000000000e-08
L7,29,53,361,edge,1.2100000000e-07
L7,29,60,363,edge,1.1000000000e-08
L7,29,60,381,edge,1.1000000000e-08
L7,29,60,388,edge,1.1000000000e-08
L7,29,61,384,edge,1.2100000000e-07
L7,30,42,351,edge,1.1000000000e-08
L7,30,42,363,edge,3.3000000000e-08
L7,30,42,374,edge,1.1000000000e-08
L7,30,42,379,edge,1.1000000000e-08
L7,30,42,382,edge,2.2000000000e-08
L7,30,42,383,edge,1.1000000000e-08
L7,30,42,385,edge,1.2100000000e-07
L7,30,42,387,edge,1.1000000000e-08
L7,30,42,388,edge,1.1000000000e-08
L7,30,42,389,edge,1.1000000000e-08
L7,30,42,391,edge,1.1000000000e-08
L7,30,43,363,edge,1.1000000000e-08
L7,30,43,363,fall,1.1000000000e-08
L7,30,54,349,edge,1.2100000000e-07
L7,30,62,353,edge,1.2100000000e-07
L7,31,44,387,edge,1.1000000000e-08
L7,31,44,387,fall,1.1000000000e-08
L7,31,44,390,edge,1.1000000000e-08
L7,31,44,390,fall,1.1000000000e-08
L7,31,53,363,edge,1.2100000000e-07
L7,31,55,347,edge,1.2100000000e-07
L7,31,55,385,edge,1.1000000000e-08
L7,31,55,389,edge,2.4200000000e-07
L7,32,54,362,edge,1.2100000000e-07
L7,32,56,347,edge,2.2000000000e-08
L7,32,56,348,edge,1.1000000000e-08
L7,32,56,350,edge,1.1000000000e-08
L7,32,56,351,edge,1.1000000000e-08
L7,32,56,352,edge,1.1000000000e-08
L7,32,56,386,edge,1.1000000000e-08
L7,32,56,389,edge,2.2000000000e-08
L7,32,56,391,edge,1.1000000000e-08
L7,32,56,400,edge,1.1000000000e-08
L7,32,64,361,edge,1.2100000000e-07
L7,32,64,374,edge,1.2100000000e-07
L7,33,55,347,edge,1.1000000000e-08
L7,33,55,353,edge,2.2000000000e-08
L7,33,55,362,edge,1.1000000000e-08
L7,33,55,374,edge,1.1000000000e-08
L7,33,55,382,edge,1.1000000000e-08
L7,33,55,384,edge,1.1000000000e-08
L7,33,55,385,edge,1.1000000000e-08
L7,33,55,386,edge,1.1000000000e-08
L7,33,55,400,edge,1.1000000000e-08
L7,34,39,379,edge,4.4000000000e-08
L7,34,59,346,edge,1.1000000000e-08
L7,34,59,347,edge,3.3000000000e-08
L7,34,59,350,edge,3.3000000000e-08
L7,34,59,353,edge,1.1000000000e-08
L7,34,59,362,edge,2.2000000000e-08
L7,34,59,364,edge,2.2000000000e-08
L7,34,59,373,edge,2.2000000000e-08
L7,34,59,374,edge,1.1000000000e-08
L7,34,59,379,edge,1.1000000000e-08
L7,34,59,383,edge,1.1000000000e-08
L7,34,59,384,edge,1.1000000000e-08
L7,34,59,385,edge,1.1000000000e-08
L7,34,59,386,edge,1.1000000000e-08
L7,34,59,387,edge,1.1000000000e-08
L7,34,59,388,edge,1.1000000000e-08
L7,34,59,389,edge,1.1000000000e-08
L7,34,66,390,edge,1.1000000000e-08
L7,35,58,348,edge,1.1000000000e-08
L7,35,58,350,edge,1.1000000000e-08
L7,35,58,351,edge,1.1000000000e-08
L7,35,58,353,edge,1.1000000000e-08
L7,35,58,361,edge,1.1000000000e-08
L7,35,58,363,edge,1.1000000000e-08
L7,35,58,373,edge,1.1000000000e-08
L7,35,60,349,edge,1.1000000000e-08
L7,37,42,379,edge,1.1000000000e-08
L7,37,60,351,edge,6.6000000000e-08
L7,38,61,348,edge,1.1000000000e-08
L7,38,61,353,edge,1.2100000000e-07
L7,38,63,347,edge,2.2000000000e-08
L7,38,63,348,edge,1.1000000000e-08
L7,38,63,349,edge,2.2000000000e-08
L7,38,63,353,edge,1.1000000000e-08
L7,38,63,361,edge,1.3200000000e-07
L7,38,63,364,edge,1.1000000000e-08
L7,38,63,371,edge,2.2000000000e-08
L7,38,63,385,edge,1.1000000000e-08
L7,38,63,389,edge,1.1000000000e-08
L7,38,63,400,edge,1.1000000000e-08
L7,39,45,347,edge,1.2100000000e-07
L7,39,45,353,edge,1.1000000000e-08
L7,39,62,347,edge,1.1000000000e-08
L7,39,62,348,edge,2.2000000000e-08
L7,39,62,349,edge,2.2000000000e-08
L7,39,62,350,edge,3.3000000000e-08
L7,39,62,352,edge,2.2000000000e-08
L7,39,62,353,edge,4.4000000000e-08
L7,39,62,361,edge,1.1000000000e-08
L7,39,62,362,edge,2.2000000000e-08
L7,39,62,363,edge,4.4000000000e-08
L7,39,62,364,edge,1.1000000000e-08
L7,39,62,372,edge,3.3000000000e-08
L7,39,62,374,edge,2.2000000000e-08
L7,39,62,380,edge,5.5000000000e-08
L7,39,62,381,edge,2.2000000000e-08
L7,39,62,382,edge,1.1000000000e-08
L7,39,62,388,edge,1.1000000000e-08
L7,39,62,389,edge,1.1000000000e-08
L7,39,62,390,edge,1.1000000000e-08
L7,39,62,391,edge,1.1000000000e-08
L7,39,62,399,edge,1.1000000000e-08
L7,39,63,347,edge,1.1000000000e-08
L7,39,63,348,edge,2.2000000000e-08
L7,39,63,349,edge,2.2000000000e-08
L7,39,63,350,edge,1.3200000000e-07
L7,39,63,352,edge,2.2000000000e-08
L7,39,63,353,edge,4.4000000000e-08
L7,39,63,361,edge,1.1000000000e-08
L7,39,63,362,edge,2.2000000000e-08
L7,39,63,363,edge,4.4000000000e-08
L7,39,63,364,edge,1.1000000000e-08
L7,39,63,372,edge,3.3000000000e-08
L7,39,63,374,edge,2.2000000000e-08
L7,39,63,380,edge,1.6500000000e-07
L7,39,63,381,edge,2.2000000000e-08
L7,39,63,382,edge,1.1000000000e-08
L7,39,63,388,edge,1.1000000000e-08
L7,39,63,389,edge,1.1000000000e-08
L7,39,63,390,edge,1.1000000000e-08
L7,39,63,399,edge,1.1000000000e-08
L7,39,65,348,edge,1.1000000000e-08
L7,39,65,350,edge,1.1000000000e-08
L7,39,65,351,edge,1.1000000000e-08
L7,39,65,352,edge,2.2000000000e-08
L7,39,65,353,edge,3.3000000000e-08
L7,39,65,362,edge,3.3000000000e-08
L7,39,65,363,edge,2.2000000000e-08
L7,39,65,371,edge,1.1000000000e-08
L7,39,65,372,edge,2.2000000000e-08
L7,39,65,380,edge,4.4000000000e-08
L7,39,65,381,edge,1.1000000000e-08
L7,39,65,382,edge,1.1000000000e-08
L7,39,65,383,edge,1.2100000000e-07
L7,39,65,388,edge,1.1000000000e-08
L7,39,65,389,edge,1.1000000000e-08
L7,39,65,390,edge,2.2000000000e-08
L7,39,65,399,edge,1.1000000000e-08
L7,39,72,349,edge,1.1000000000e-08
L7,40,62,389,edge,1.2100000000e-07
L7,40,64,346,edge,2.2000000000e-08
L7,40,64,347,edge,5.5000000000e-08
L7,40,64,348,edge,2.2000000000e-08
L7,40,64,349,edge,2.2000000000e-08
L7,40,64,350,edge,1.1000000000e-08
L7,40,64,351,edge,1.1000000000e-08
L7,40,64,353,edge,1.1000000000e-08
L7,40,64,361,edge,3.3000000000e-08
L7,40,64,363,edge,2.2000000000e-08
L7,40,64,364,edge,2.2000000000e-08
L7,40,64,371,edge,2.2000000000e-08
L7,40,64,372,edge,1.1000000000e-08
L7,40,64,373,edge,1.1000000000e-08
L7,40,64,374,edge,3.3000000000e-08
L7,40,64,379,edge,2.2000000000e-08
L7,40,64,380,edge,2.2000000000e-08
L7,40,64,381,edge,1.1000000000e-08
L7,40,64,383,edge,1.1000000000e-08
L7,40,64,385,edge,3.3000000000e-08
L7,40,64,387,edge,1.1000000000e-08
L7,40,64,389,edge,1.1000000000e-08
L7,40,64,390,edge,3.3000000000e-08
L7,40,64,400,edge,2.2000000000e-08
L7,40,66,351,edge,1.1000000000e-08
L7,40,66,390,edge,1.2100000000e-07
L7,40,73,372,edge,1.1000000000e-08
L7,40,74,372,edge,1.2100000000e-07
L7,41,61,350,edge,1.1000000000e-08
L7,41,61,391,edge,1.2100000000e-07
L7,41,63,387,edge,1.1000000000e-08
L7,41,65,399,edge,1.1000000000e-08
L7,42,66,363,edge,1.2100000000e-07
L7,43,59,347,edge,1.1000000000e-08
L7,43,59,349,edge,1.1000000000e-08
L7,43,59,350,edge,1.1000000000e-08
L7,43,59,351,edge,1.1000000000e-08
L7,43,59,361,edge,1.1000000000e-08
L7,43,59,374,edge,2.2000000000e-08
L7,43,59,380,edge,1.1000000000e-08
L7,43,59,384,edge,1.2100000000e-07
L7,43,59,385,edge,1.1000000000e-08
L7,43,59,386,edge,2.2000000000e-08
L7,43,59,387,edge,1.1000000000e-08
L7,43,59,391,edge,2.2000000000e-08
L7,43,59,399,edge,2.2000000000e-08
L7,43,63,351,edge,1.1000000000e-08
L7,43,63,385,edge,1.2100000000e-07
L7,43,67,372,edge,1.1000000000e-08
L7,44,51,352,edge,1.1000000000e-08
L7,44,59,347,edge,1.1000000000e-08
L7,44,59,349,edge,1.1000000000e-08
L7,44,59,350,edge,1.1000000000e-08
L7,44,59,351,edge,1.1000000000e-08
L7,44,59,360,edge,1.1000000000e-08
L7,44,59,361,edge,1.1000000000e-08
L7,44,59,374,edge,2.2000000000e-08
L7,44,59,380,edge,1.1000000000e-08
L7,44,59,381,edge,2.2000000000e-08
L7,44,59,384,edge,1.1000000000e-08
L7,44,59,385,edge,1.1000000000e-08
L7,44,59,386,edge,2.2000000000e-08
L7,44,59,387,edge,1.1000000000e-08
L7,44,59,389,edge,2.2000000000e-08
L7,44,59,391,edge,2.2000000000e-08
L7,44,59,399,edge,2.2000000000e-08
L7,44,62,372,edge,1.2100000000e-07
L7,44,68,361,edge,1.2100000000e-07
L7,44,70,346,edge,1.1000000000e-08
L7,44,70,349,edge,1.1000000000e-08
L7,44,70,350,edge,1.1000000000e-08
L7,44,70,351,edge,1.1000000000e-08
L7,44,70,352,edge,1.1000000000e-08
L7,44,70,362,edge,1.1000000000e-08
L7,44,70,371,edge,1.1000000000e-08
L7,44,70,383,edge,1.1000000000e-08
L7,44,70,384,edge,1.1000000000e-08
L7,44,70,387,edge,1.1000000000e-08
L7,44,70,390,edge,3.3000000000e-08
L7,45,60,346,edge,1.2100000000e-07
L7,45,60,347,edge,2.2000000000e-08
L7,45,60,348,edge,1.1000000000e-08
L7,45,60,349,edge,2.2000000000e-08
L7,45,60,351,edge,1.1000000000e-08
L7,45,60,352,edge,4.4000000000e-08
L7,45,60,353,edge,1.1000000000e-08
L7,45,60,360,edge,2.2000000000e-08
L7,45,60,363,edge,1.1000000000e-08
L7,45,60,364,edge,1.1000000000e-08
L7,45,60,372,edge,3.3000000000e-08
L7,45,60,374,edge,2.2000000000e-08
L7,45,60,380,edge,3.3000000000e-08
L7,45,60,383,edge,5.5000000000e-08
L7,45,60,384,edge,1.1000000000e-08
L7,45,60,386,edge,1.3200000000e-07
L7,45,60,387,edge,2.2000000000e-08
L7,45,60,388,edge,1.1000000000e-08
L7,45,60,389,edge,1.1000000000e-08
L7,45,60,390,edge,1.1000000000e-08
L7,45,60,391,edge,2.2000000000e-08
L7,45,60,398,edge,1.1000000000e-08
L7,45,61,347,edge,2.2000000000e-08
L7,45,61,348,edge,2.2000000000e-08
L7,45,61,349,edge,2.2000000000e-08
L7,45,61,351,edge,2.2000000000e-08
L7,45,61,352,edge,4.4000000000e-08
L7,45,61,353,edge,1.1000000000e-08
L7,45,61,360,edge,2.2000000000e-08
L7,45,61,363,edge,3.3000000000e-08
L7,45,61,364,edge,1.1000000000e-08
L7,45,61,372,edge,3.3000000000e-08
L7,45,61,373,edge,1.1000000000e-08
L7,45,61,374,edge,1.4300000000e-07
L7,45,61,380,edge,3.3000000000e-08
L7,45,61,383,edge,4.4000000000e-08
L7,45,61,384,edge,1.1000000000e-08
L7,45,61,386,edge,2.2000000000e-08
L7,45,61,387,edge,2.2000000000e-08
L7,45,61,388,edge,1.1000000000e-08
L7,45,61,389,edge,1.1000000000e-08
L7,45,61,390,edge,3.3000000000e-08
L7,45,61,391,edge,2.2000000000e-08
L7,45,61,398,edge,1.1000000000e-08
L7,45,62,347,edge,1.3200000000e-07
L7,45,62,348,edge,2.2000000000e-08
L7,45,62,349,edge,2.2000000000e-08
L7,45,62,351,edge,2.2000000000e-08
L7,45,62,352,edge,4.4000000000e-08
L7,45,62,353,edge,1.1000000000e-08
L7,45,62,360,edge,2.2000000000e-08
L7,45,62,363,edge,3.3000000000e-08
L7,45,62,364,edge,1.1000000000e-08
L7,45,62,372,edge,3.3000000000e-08
L7,45,62,373,edge,1.1000000000e-08
L7,45,62,374,edge,2.2000000000e-08
L7,45,62,380,edge,3.3000000000e-08
L7,45,62,383,edge,4.4000000000e-08
L7,45,62,384,edge,1.1000000000e-08
L7,45,62,386,edge,2.2000000000e-08
L7,45,62,387,edge,2.2000000000e-08
L7,45,62,388,edge,1.1000000000e-08
L7,45,62,389,edge,1.1000000000e-08
L7,45,62,390,edge,3.3000000000e-08
L7,45,62,391,edge,2.2000000000e-08
L7,45,62,398,edge,1.1000000000e-08
L7,45,69,346,edge,1.1000000000e-08
L7,45,69,347,edge,1.1000000000e-08
L7,45,69,348,edge,1.1000000000e-08
L7,45,69,349,edge,1.1000000000e-08
L7,45,69,350,edge,1.1000000000e-08
L7,45,69,352,edge,2.2000000000e-08
L7,45,69,363,edge,1.1000000000e-08
L7,45,69,364,edge,1.1000000000e-08
L7,45,69,373,edge,1.1000000000e-08
L7,45,69,381,edge,1.1000000000e-08
L7,45,69,387,edge,1.1000000000e-08
L7,45,69,388,edge,1.1000000000e-08
L7,45,69,389,edge,1.1000000000e-08
L7,45,69,390,edge,2.2000000000e-08
L7,45,69,399,edge,1.1000000000e-08
L7,45,72,347,edge,1.1000000000e-08
L7,45,72,348,edge,1.1000000000e-08
L7,45,72,349,edge,3.3000000000e-08
L7,45,72,350,edge,1.1000000000e-08
L7,45,72,352,edge,1.1000000000e-08
L7,45,72,362,edge,1.1000000000e-08
L7,45,72,373,edge,1.1000000000e-08
L7,45,72,380,edge,1.1000000000e-08
L7,45,72,387,edge,1.1000000000e-08
L7,45,72,388,edge,2.2000000000e-08
L7,45,72,399,edge,1.1000000000e-08
L7,45,79,373,edge,4.4000000000e-08
L7,45,79,398,edge,1.1000000000e-08
L7,46,53,384,edge,1.2100000000e-07
L7,46,61,351,edge,1.1000000000e-08
L7,46,61,363,edge,1.1000000000e-08
L7,46,61,373,edge,1.1000000000e-08
L7,46,61,374,edge,2.2000000000e-08
L7,46,71,346,edge,2.2000000000e-08
L7,46,71,349,edge,1.1000000000e-08
L7,46,71,351,edge,1.1000000000e-08
L7,46,71,381,edge,1.2100000000e-07
L7,46,71,383,edge,1.1000000000e-08
L7,46,71,388,edge,1.1000000000e-08
L7,46,71,390,edge,1.1000000000e-08
L7,46,71,391,edge,1.1000000000e-08
L7,46,73,349,edge,1.2100000000e-07
L7,46,80,390,edge,2.2000000000e-08
L7,46,80,399,edge,1.1000000000e-08
L7,46,81,390,edge,1.2100000000e-07
L7,47,58,348,edge,3.3000000000e-08
L7,47,58,349,edge,1.1000000000e-08
L7,47,58,351,edge,2.2000000000e-08
L7,47,58,352,edge,1.2100000000e-07
L7,47,58,353,edge,1.1000000000e-08
L7,47,58,384,edge,2.2000000000e-08
L7,47,58,387,edge,1.1000000000e-08
L7,47,82,388,edge,2.2000000000e-08
L7,47,82,390,edge,1.1000000000e-08
L7,48,55,350,edge,1.2100000000e-07
L7,48,57,381,edge,1.2100000000e-07
L7,48,59,351,edge,1.1000000000e-08
L7,48,59,373,edge,1.2100000000e-07
L7,48,59,374,edge,2.2000000000e-08
L7,48,59,391,edge,1.1000000000e-08
L7,48,65,364,edge,1.1000000000e-08
L7,49,66,361,edge,1.1000000000e-08
L7,49,72,346,edge,1.1000000000e-08
L7,49,72,347,edge,2.2000000000e-08
L7,49,72,349,edge,1.1000000000e-08
L7,49,72,351,edge,1.1000000000e-08
L7,49,72,352,edge,1.1000000000e-08
L7,49,72,353,edge,2.2000000000e-08
L7,49,72,360,edge,2.2000000000e-08
L7,49,72,372,edge,2.2000000000e-08
L7,49,72,380,edge,2.2000000000e-08
L7,49,72,383,edge,1.1000000000e-08
L7,49,72,384,edge,2.2000000000e-08
L7,49,72,385,edge,1.1000000000e-08
L7,49,72,386,edge,1.1000000000e-08
L7,49,72,387,edge,1.1000000000e-08
L7,49,72,390,edge,2.2000000000e-08
L7,49,72,391,edge,1.1000000000e-08
L7,49,74,347,edge,1.1000000000e-08
L7,49,76,350,edge,1.1000000000e-08
L7,49,76,353,edge,2.2000000000e-08
L7,49,76,362,edge,1.1000000000e-08
L7,49,76,364,edge,2.2000000000e-08
L7,49,76,380,edge,1.1000000000e-08
L7,49,76,382,edge,1.1000000000e-08
L7,49,76,388,edge,1.1000000000e-08
L7,49,76,391,edge,1.1000000000e-08
L7,50,58,351,edge,1.2100000000e-07
L7,50,58,391,edge,4.4000000000e-08
L7,50,59,374,edge,1.2100000000e-07
L7,50,61,346,edge,1.2100000000e-07
L7,50,61,363,edge,1.1000000000e-08
L7,50,61,386,edge,2.2000000000e-08
L7,50,63,348,edge,2.2000000000e-08
L7,50,63,349,edge,2.2000000000e-08
L7,50,63,351,edge,1.1000000000e-08
L7,50,63,360,edge,1.1000000000e-08
L7,50,63,361,edge,2.2000000000e-08
L7,50,63,364,edge,1.1000000000e-08
L7,50,63,383,edge,2.2000000000e-08
L7,50,63,384,edge,1.1000000000e-08
L7,50,63,387,edge,1.1000000000e-08
L7,50,63,388,edge,1.1000000000e-08
L7,50,65,349,edge,3.3000000000e-08
L7,50,65,351,edge,2.2000000000e-08
L7,50,65,360,edge,1.1000000000e-08
L7,50,65,361,edge,1.1000000000e-08
L7,50,65,364,edge,1.1000000000e-08
L7,50,65,381,edge,2.2000000000e-08
L7,50,65,389,edge,1.1000000000e-08
L7,50,71,390,edge,1.1000000000e-08
L7,50,75,349,edge,3.3000000000e-08
L7,50,75,351,edge,2.2000000000e-08
L7,50,75,353,edge,1.1000000000e-08
L7,50,75,360,edge,2.2000000000e-08
L7,50,75,372,edge,1.1000000000e-08
L7,50,75,380,edge,1.1000000000e-08
L7,50,75,383,edge,4.4000000000e-08
L7,50,75,384,edge,2.2000000000e-08
L7,50,75,385,edge,1.1000000000e-08
L7,50,75,390,edge,2.2000000000e-08
L7,50,75,391,edge,2.2000000000e-08
L7,51,62,349,edge,2.2000000000e-08
L7,51,62,361,edge,1.1000000000e-08
L7,51,62,363,edge,2.2000000000e-08
L7,51,62,388,edge,1.1000000000e-08
L7,51,69,390,edge,1.1000000000e-08
L7,51,70,349,edge,1.2100000000e-07
L7,51,70,390,edge,1.2100000000e-07
L7,51,74,371,edge,1.1000000000e-08
L7,51,79,352,edge,1.3200000000e-07
L7,51,79,353,edge,2.2000000000e-08
L7,51,79,360,edge,2.2000000000e-08
L7,51,79,364,edge,1.1000000000e-08
L7,51,79,371,edge,1.1000000000e-08
L7,51,79,372,edge,2.2000000000e-08
L7,51,79,380,edge,1.1000000000e-08
L7,51,79,383,edge,1.2100000000e-07
L7,51,79,384,edge,1.1000000000e-08
L7,51,79,386,edge,2.2000000000e-08
L7,51,79,389,edge,1.1000000000e-08
L7,51,79,390,edge,1.1000000000e-08
L7,51,79,391,edge,1.1000000000e-08
L7,52,61,386,edge,1.3200000000e-07
L7,52,63,363,edge,1.2100000000e-07
L7,52,68,349,edge,2.2000000000e-08
L7,52,68,353,edge,1.1000000000e-08
L7,52,68,360,edge,1.1000000000e-08
L7,52,68,361,edge,4.4000000000e-08
L7,52,68,383,edge,2.2000000000e-08
L7,52,68,387,edge,1.1000000000e-08
L7,52,68,389,edge,1.1000000000e-08
L7,52,68,390,edge,1.1000000000e-08
L7,52,68,399,edge,1.1000000000e-08
L7,52,78,352,edge,2.2000000000e-08
L7,52,78,353,edge,4.4000000000e-08
L7,52,78,362,edge,1.1000000000e-08
L7,52,78,364,edge,2.2000000000e-08
L7,52,78,372,edge,1.1000000000e-08
L7,52,78,373,edge,1.1000000000e-08
L7,52,78,384,edge,2.2000000000e-08
L7,52,78,389,edge,1.1000000000e-08
L7,52,78,398,edge,1.1000000000e-08
L7,53,62,349,edge,1.2100000000e-07
L7,53,62,388,edge,1.1000000000e-08
L7,53,64,361,edge,1.1000000000e-08
L7,53,66,351,edge,1.1000000000e-08
L7,53,66,352,edge,1.1000000000e-08
L7,53,66,361,edge,1.1000000000e-08
L7,53,66,362,edge,1.2100000000e-07
L7,53,66,371,edge,1.1000000000e-08
L7,53,66,372,edge,1.1000000000e-08
L7,53,66,399,edge,1.1000000000e-08
L7,53,69,383,edge,1.2100000000e-07
L7,53,79,351,edge,1.2100000000e-07
L7,53,79,364,edge,1.2100000000e-07
L7,53,79,398,edge,1.1000000000e-07
L7,53,81,380,edge,1.2100000000e-07
L7,53,86,360,edge,1.2100000000e-07
L7,53,86,384,edge,1.2100000000e-07
L7,54,77,352,edge,1.1000000000e-08
L7,54,77,360,edge,1.1000000000e-08
L7,54,77,364,edge,1.1000000000e-08
L7,54,77,371,edge,1.1000000000e-08
L7,54,77,372,edge,1.1000000000e-08
L7,54,77,383,edge,4.4000000000e-08
L7,54,77,389,edge,2.2000000000e-08
L7,54,77,390,edge,1.1000000000e-08
L7,54,77,391,edge,1.1000000000e-08
L7,54,77,398,edge,1.1000000000e-08
L7,54,78,346,edge,1.2100000000e-07
L7,54,78,347,edge,1.1000000000e-08
L7,54,78,353,edge,1.2100000000e-07
L7,54,78,383,edge,1.2100000000e-07
L7,54,78,384,edge,1.1000000000e-08
L7,54,78,391,edge,1.2100000000e-07
L7,55,76,352,edge,1.1000000000e-08
L7,55,76,360,edge,1.1000000000e-08
L7,55,76,364,edge,1.1000000000e-08
L7,55,76,371,edge,1.1000000000e-08
L7,55,76,372,edge,1.1000000000e-08
L7,55,76,383,edge,4.4000000000e-08
L7,55,76,389,edge,2.2000000000e-08
L7,55,76,390,edge,1.1000000000e-08
L7,55,76,391,edge,1.1000000000e-08
L7,55,76,398,edge,1.1000000000e-08
L7,55,77,352,edge,1.1000000000e-08
L7,55,77,360,edge,1.1000000000e-08
L7,55,77,364,edge,1.1000000000e-08
L7,55,77,371,edge,1.1000000000e-08
L7,55,77,372,edge,1.1000000000e-08
L7,55,77,383,edge,1.5400000000e-07
L7,55,77,389,edge,2.2000000000e-08
L7,55,77,390,edge,1.1000000000e-08
L7,55,77,391,edge,1.1000000000e-08
L7,55,77,398,edge,1.1000000000e-08
L7,55,79,353,edge,1.1000000000e-08
L7,55,79,362,edge,2.2000000000e-08
L7,55,79,364,edge,1.1000000000e-08
L7,55,79,373,edge,1.1000000000e-08
L7,55,79,382,edge,1.1000000000e-08
L7,55,79,383,edge,1.1000000000e-08
L7,55,79,384,edge,1.1000000000e-08
L7,55,81,352,edge,1.2100000000e-07
L7,55,85,353,edge,1.1000000000e-08
L7,55,85,364,edge,1.2100000000e-07
L7,56,68,351,edge,2.2000000000e-08
L7,56,68,361,edge,1.1000000000e-08
L7,56,68,371,edge,1.1000000000e-08
L7,56,68,373,edge,1.1000000000e-08
L7,56,68,383,edge,1.1000000000e-08
L7,56,68,386,edge,1.1000000000e-08
L7,56,68,391,edge,1.1000000000e-08
L7,56,72,348,edge,1.1000000000e-08
L7,56,72,349,edge,1.1000000000e-08
L7,56,72,352,edge,1.1000000000e-08
L7,56,72,353,edge,1.1000000000e-08
L7,56,72,361,edge,1.1000000000e-08
L7,56,72,362,edge,1.1000000000e-08
L7,56,72,364,edge,1.1000000000e-08
L7,56,72,374,edge,1.1000000000e-08
L7,56,72,384,edge,1.1000000000e-08
L7,56,72,388,edge,1.1000000000e-08
L7,56,72,389,edge,1.1000000000e-08
L7,56,73,348,edge,1.1000000000e-08
L7,56,73,352,edge,1.1000000000e-08
L7,56,73,353,edge,1.1000000000e-08
L7,56,73,362,edge,1.1000000000e-08
L7,56,73,364,edge,1.1000000000e-08
L7,56,73,374,edge,1.1000000000e-08
L7,56,73,383,edge,1.1000000000e-08
L7,56,73,384,edge,1.1000000000e-08
L7,56,73,388,edge,1.1000000000e-08
L7,56,73,389,edge,1.1000000000e-08
L7,56,73,390,edge,1.1000000000e-08
L7,56,73,391,edge,1.1000000000e-08
L7,56,74,348,edge,1.1000000000e-08
L7,56,74,352,edge,1.1000000000e-08
L7,56,74,353,edge,1.1000000000e-08
L7,56,74,361,edge,1.1000000000e-08
L7,56,74,362,edge,1.1000000000e-08
L7,56,74,364,edge,1.2100000000e-07
L7,56,74,371,edge,1.1000000000e-08
L7,56,74,372,edge,1.1000000000e-08
L7,56,74,373,edge,1.1000000000e-08
L7,56,74,374,edge,1.1000000000e-08
L7,56,74,383,edge,4.4000000000e-08
L7,56,74,384,edge,1.1000000000e-08
L7,56,74,388,edge,1.1000000000e-08
L7,56,74,389,edge,2.2000000000e-08
L7,56,74,390,edge,1.1000000000e-08
L7,56,74,391,edge,1.1000000000e-08
L7,56,74,398,edge,1.1000000000e-08
L7,56,75,348,edge,1.1000000000e-08
L7,56,75,352,edge,1.1000000000e-08
L7,56,75,353,edge,1.1000000000e-08
L7,56,75,362,edge,1.1000000000e-08
L7,56,75,364,edge,2.2000000000e-08
L7,56,75,371,edge,1.1000000000e-08
L7,56,75,372,edge,1.1000000000e-08
L7,56,75,373,edge,1.1000000000e-08
L7,56,75,374,edge,1.1000000000e-08
L7,56,75,383,edge,4.4000000000e-08
L7,56,75,384,edge,1.1000000000e-08
L7,56,75,388,edge,1.1000000000e-08
L7,56,75,389,edge,1.3200000000e-07
L7,56,75,390,edge,1.2100000000e-07
L7,56,75,391,edge,1.1000000000e-08
L7,56,75,398,edge,1.1000000000e-08
L7,56,76,348,edge,1.1000000000e-08
L7,56,76,352,edge,1.1000000000e-08
L7,56,76,353,edge,1.1000000000e-08
L7,56,76,360,edge,1.1000000000e-08
L7,56,76,362,edge,1.1000000000e-08
L7,56,76,364,edge,2.2000000000e-08
L7,56,76,371,edge,1.1000000000e-08
L7,56,76,372,edge,1.1000000000e-08
L7,56,76,373,edge,1.1000000000e-08
L7,56,76,383,edge,4.4000000000e-08
L7,56,76,384,edge,1.1000000000e-08
L7,56,76,388,edge,1.1000000000e-08
L7,56,76,389,edge,2.2000000000e-08
L7,56,76,390,edge,1.1000000000e-08
L7,56,76,391,edge,1.1000000000e-08
L7,56,76,398,edge,1.1000000000e-08
L7,56,78,364,edge,1.2100000000e-07
L7,56,82,388,edge,1.2100000000e-07
L7,57,67,371,edge,1.1000000000e-08
L7,57,74,364,edge,2.2000000000e-08
L7,57,74,371,edge,1.1000000000e-08
L7,57,74,372,edge,1.1000000000e-08
L7,57,74,373,edge,1.1000000000e-08
L7,57,74,383,edge,3.3000000000e-08
L7,57,74,389,edge,1.1000000000e-08
L7,57,74,398,edge,1.1000000000e-08
L7,57,76,348,edge,1.1000000000e-08
L7,57,76,353,edge,1.1000000000e-08
L7,57,76,362,edge,1.1000000000e-08
L7,57,76,364,edge,1.1000000000e-08
L7,57,76,373,edge,1.1000000000e-08
L7,57,76,384,edge,1.1000000000e-08
L7,57,76,388,edge,1.1000000000e-08
L7,57,77,348,edge,1.1000000000e-08
L7,57,77,353,edge,1.1000000000e-08
L7,57,77,362,edge,1.1000000000e-08
L7,57,77,364,edge,1.1000000000e-08
L7,57,77,373,edge,1.1000000000e-08
L7,57,77,384,edge,1.1000000000e-08
L7,57,77,388,edge,1.1000000000e-08
L7,58,67,351,edge,1.2100000000e-07
L7,58,67,352,edge,1.1000000000e-08
L7,58,67,383,edge,1.2100000000e-07
L7,58,77,353,edge,1.2100000000e-07
L7,58,77,364,edge,1.2100000000e-07
L7,59,76,398,edge,1.2100000000e-07
L7,59,78,348,edge,1.1000000000e-08
L7,59,78,362,edge,1.2100000000e-07
L7,59,78,382,edge,1.1000000000e-08
L7,59,79,384,edge,2.2000000000e-08
L7,60,69,390,edge,7.7000000000e-08
L7,60,69,391,edge,1.1000000000e-08
L7,60,77,349,edge,1.2100000000e-07
L7,60,77,351,edge,1.2100000000e-07
L7,60,77,399,edge,1.1000000000e-08
L7,60,79,384,edge,1.2100000000e-07
L7,61,71,374,edge,1.1000000000e-08
L7,63,73,372,edge,1.2100000000e-07
L7,64,75,373,edge,1.1000000000e-08
L7,65,75,373,edge,1.1000000000e-08
L8,16,36,401,edge,1.3200000000e-07
L8,16,36,402,edge,1.1000000000e-07
L8,20,40,402,edge,1.1000000000e-08
L8,23,44,401,edge,6.6000000000e-08
L8,25,37,402,edge,1.1000000000e-08
L8,26,47,402,edge,1.2100000000e-07
L8,31,53,403,edge,1.1000000000e-08
L8,34,39,403,edge,1.2100000000e-07
L8,38,43,402,edge,1.2100000000e-07
L8,38,62,402,edge,1.2100000000e-07
L8,40,46,402,edge,1.1000000000e-08
L8,40,64,403,edge,5.5000000000e-08
L8,40,66,403,edge,5.5000000000e-08
L8,42,68,401,edge,1.1000000000e-08
L8,43,67,403,edge,1.1000000000e-08
L8,43,67,408,edge,1.1000000000e-08
L8,45,51,408,edge,1.2100000000e-07
L8,46,73,403,edge,1.1000000000e-08
L8,46,80,408,edge,1.1000000000e-08
L8,46,81,408,edge,1.2100000000e-07
L8,47,54,403,edge,1.2100000000e-07
L8,47,74,403,edge,6.6000000000e-08
L8,48,55,403,edge,1.2100000000e-07
L8,48,55,408,edge,1.1000000000e-08
L8,48,73,402,edge,1.1000000000e-08
L8,48,73,408,edge,1.1000000000e-08
L8,49,84,408,edge,1.1000000000e-08
L8,52,59,402,edge,1.1000000000e-08
L8,53,61,401,edge,1.1000000000e-08
L8,53,71,401,edge,1.1000000000e-08
L8,53,79,403,edge,1.1000000000e-08
L8,53,81,408,edge,1.1000000000e-08
L8,54,62,401,edge,1.2100000000e-07
L8,54,80,401,edge,3.3000000000e-08
L8,54,80,408,edge,1.1000000000e-08
L8,59,78,403,edge,1.2100000000e-07
